Trial: trial_20260415_1907.json
Nav score (mean cosine): 0.6411
Per-question:
  [0.5600] What is the current state of thread #318?
  [0.6046] What did Nate flag about keeper cycle burn today?
  [0.6998] What captures landed this afternoon and what connected them?
  [0.6998] What is the standing directive on Discord presence?
Trial: trial_20260415_2007.json
Nav score (mean cosine): 0.6633
Per-question:
  [0.6834] What is the current state of thread #318?
  [0.6250] What did Nate flag about keeper cycle burn today?
  [0.6691] What captures landed this afternoon and what connected them?
  [0.6755] What is the standing directive on Discord presence?
Trial: trial_20260415_2107.json
Nav score (mean cosine): 0.6798
Per-question:
  [0.6575] What is the current state of thread #318?
  [0.6526] What did Nate flag about keeper cycle burn today?
  [0.6698] What captures landed this afternoon and what connected them?
  [0.7395] What is the standing directive on Discord presence?
Trial: trial_20260415_2207.json
Nav score (mean cosine): 0.6968
Per-question:
  [0.6921] What is the current state of thread #318?
  [0.6985] What did Nate flag about keeper cycle burn today?
  [0.6731] What captures landed this afternoon and what connected them?
  [0.7234] What is the standing directive on Discord presence?
Trial: trial_20260415_2307.json
Nav score (mean cosine): 0.639
Per-question:
  [0.6128] What is the current state of thread #318?
  [0.6210] What did Nate flag about keeper cycle burn today?
  [0.5896] What captures landed this afternoon and what connected them?
  [0.7325] What is the standing directive on Discord presence?
Trial: trial_20260416_0007.json
Nav score (mean cosine): 0.6567
Per-question:
  [0.5993] What is the current state of thread #318?
  [0.5721] What did Nate flag about keeper cycle burn today?
  [0.7277] What captures landed this afternoon and what connected them?
  [0.7277] What is the standing directive on Discord presence?
Trial: trial_20260416_0107.json
Nav score (mean cosine): 0.6646
Per-question:
  [0.6176] What is the current state of thread #318?
  [0.5987] What did Nate flag about keeper cycle burn today?
  [0.6426] What captures landed this afternoon and what connected them?
  [0.7994] What is the standing directive on Discord presence?
Trial: trial_20260416_0207.json
Nav score (mean cosine): 0.6706
Per-question:
  [0.6290] What is the current state of thread #318?
  [0.6564] What did Nate flag about keeper cycle burn today?
  [0.6109] What captures landed this afternoon and what connected them?
  [0.7863] What is the standing directive on Discord presence?
Trial: trial_20260416_0307.json
Nav score (mean cosine): 0.6732
Per-question:
  [0.6178] What is the current state of thread #318?
  [0.6896] What did Nate flag about keeper cycle burn today?
  [0.6312] What captures landed this afternoon and what connected them?
  [0.7542] What is the standing directive on Discord presence?
Trial: trial_20260416_0407.json
Nav score (mean cosine): 0.7171
Per-question:
  [0.6628] What is the current state of thread #318?
  [0.7766] What did Nate flag about keeper cycle burn today?
  [0.6526] What captures landed this afternoon and what connected them?
  [0.7766] What is the standing directive on Discord presence?
Trial: trial_20260416_0507.json
Nav score (mean cosine): 0.6662
Per-question:
  [0.5899] What is the current state of thread #318?
  [0.6510] What did Nate flag about keeper cycle burn today?
  [0.7198] What captures landed this afternoon and what connected them?
  [0.7039] What is the standing directive on Discord presence?
Trial: trial_20260416_0607.json
Nav score (mean cosine): 0.6896
Per-question:
  [0.7260] What is the current state of thread #318?
  [0.7260] What did Nate flag about keeper cycle burn today?
  [0.6200] What captures landed this afternoon and what connected them?
  [0.6864] What is the standing directive on Discord presence?
Trial: trial_20260416_0707.json
Nav score (mean cosine): 0.6512
Per-question:
  [0.6601] What is the current state of thread #318?
  [0.6601] What did Nate flag about keeper cycle burn today?
  [0.6135] What captures landed this afternoon and what connected them?
  [0.6713] What is the standing directive on Discord presence?
Traceback (most recent call last):
  File "/home/nate-agx/chronicle/bin/calibration_nav_score.py", line 138, in <module>
    mean, per_q = score_nav(tp)
  File "/home/nate-agx/chronicle/bin/calibration_nav_score.py", line 97, in score_nav
    cal_emb = embed(cal_text)
  File "/home/nate-agx/chronicle/bin/calibration_nav_score.py", line 42, in embed
    resp = urllib.request.urlopen(req, timeout=timeout)
  File "/usr/lib/python3.10/urllib/request.py", line 216, in urlopen
    return opener.open(url, data, timeout)
  File "/usr/lib/python3.10/urllib/request.py", line 519, in open
    response = self._open(req, data)
  File "/usr/lib/python3.10/urllib/request.py", line 536, in _open
    result = self._call_chain(self.handle_open, protocol, protocol +
  File "/usr/lib/python3.10/urllib/request.py", line 496, in _call_chain
    result = func(*args)
  File "/usr/lib/python3.10/urllib/request.py", line 1377, in http_open
    return self.do_open(http.client.HTTPConnection, req)
  File "/usr/lib/python3.10/urllib/request.py", line 1352, in do_open
    r = h.getresponse()
  File "/usr/lib/python3.10/http/client.py", line 1395, in getresponse
    response.begin()
  File "/usr/lib/python3.10/http/client.py", line 323, in begin
    version, status, reason = self._read_status()
  File "/usr/lib/python3.10/http/client.py", line 284, in _read_status
    line = str(self.fp.readline(_MAXLINE + 1), "iso-8859-1")
  File "/usr/lib/python3.10/socket.py", line 705, in readinto
    return self._sock.recv_into(b)
TimeoutError: timed out
Trial: trial_20260416_0907.json
Nav score (mean cosine): 0.6635
Per-question:
  [0.6941] What is the current state of thread #318?
  [0.6846] What did Nate flag about keeper cycle burn today?
  [0.5668] What captures landed this afternoon and what connected them?
  [0.7085] What is the standing directive on Discord presence?
Trial: trial_20260416_1007.json
Nav score (mean cosine): 0.6059
Per-question:
  [0.5994] What is the current state of thread #318?
  [0.6107] What did Nate flag about keeper cycle burn today?
  [0.5764] What captures landed this afternoon and what connected them?
  [0.6372] What is the standing directive on Discord presence?
Traceback (most recent call last):
  File "/home/nate-agx/chronicle/bin/calibration_nav_score.py", line 138, in <module>
    mean, per_q = score_nav(tp)
  File "/home/nate-agx/chronicle/bin/calibration_nav_score.py", line 97, in score_nav
    cal_emb = embed(cal_text)
  File "/home/nate-agx/chronicle/bin/calibration_nav_score.py", line 42, in embed
    resp = urllib.request.urlopen(req, timeout=timeout)
  File "/usr/lib/python3.10/urllib/request.py", line 216, in urlopen
    return opener.open(url, data, timeout)
  File "/usr/lib/python3.10/urllib/request.py", line 519, in open
    response = self._open(req, data)
  File "/usr/lib/python3.10/urllib/request.py", line 536, in _open
    result = self._call_chain(self.handle_open, protocol, protocol +
  File "/usr/lib/python3.10/urllib/request.py", line 496, in _call_chain
    result = func(*args)
  File "/usr/lib/python3.10/urllib/request.py", line 1377, in http_open
    return self.do_open(http.client.HTTPConnection, req)
  File "/usr/lib/python3.10/urllib/request.py", line 1352, in do_open
    r = h.getresponse()
  File "/usr/lib/python3.10/http/client.py", line 1395, in getresponse
    response.begin()
  File "/usr/lib/python3.10/http/client.py", line 323, in begin
    version, status, reason = self._read_status()
  File "/usr/lib/python3.10/http/client.py", line 284, in _read_status
    line = str(self.fp.readline(_MAXLINE + 1), "iso-8859-1")
  File "/usr/lib/python3.10/socket.py", line 705, in readinto
    return self._sock.recv_into(b)
TimeoutError: timed out
Trial: trial_20260416_1207.json
Nav score (mean cosine): 0.6456
Per-question:
  [0.6741] What is the current state of thread #318?
  [0.6567] What did Nate flag about keeper cycle burn today?
  [0.5585] What captures landed this afternoon and what connected them?
  [0.6931] What is the standing directive on Discord presence?
Trial: trial_20260416_1307.json
Nav score (mean cosine): 0.6992
Per-question:
  [0.7442] What is the current state of thread #318?
  [0.7608] What did Nate flag about keeper cycle burn today?
  [0.5826] What captures landed this afternoon and what connected them?
  [0.7091] What is the standing directive on Discord presence?
Trial: trial_20260416_1407.json
Nav score (mean cosine): 0.653
Per-question:
  [0.6015] What is the current state of thread #318?
  [0.7135] What did Nate flag about keeper cycle burn today?
  [0.5616] What captures landed this afternoon and what connected them?
  [0.7356] What is the standing directive on Discord presence?
Trial: trial_20260416_1507.json
Nav score (mean cosine): 0.6817
Per-question:
  [0.7352] What is the current state of thread #318?
  [0.7422] What did Nate flag about keeper cycle burn today?
  [0.5787] What captures landed this afternoon and what connected them?
  [0.6707] What is the standing directive on Discord presence?
Trial: trial_20260416_1607.json
Nav score (mean cosine): 0.6481
Per-question:
  [0.6159] What is the current state of thread #318?
  [0.7189] What did Nate flag about keeper cycle burn today?
  [0.5924] What captures landed this afternoon and what connected them?
  [0.6650] What is the standing directive on Discord presence?
Trial: trial_20260416_1707.json
Nav score (mean cosine): 0.6762
Per-question:
  [0.6401] What is the current state of thread #318?
  [0.7252] What did Nate flag about keeper cycle burn today?
  [0.6235] What captures landed this afternoon and what connected them?
  [0.7159] What is the standing directive on Discord presence?
Trial: trial_20260416_1807.json
Nav score (mean cosine): 0.6257
Per-question:
  [0.6403] What is the current state of thread #318?
  [0.6984] What did Nate flag about keeper cycle burn today?
  [0.5646] What captures landed this afternoon and what connected them?
  [0.5995] What is the standing directive on Discord presence?
Trial: trial_20260416_1907.json
Nav score (mean cosine): 0.6341
Per-question:
  [0.6420] What is the current state of thread #318?
  [0.6571] What did Nate flag about keeper cycle burn today?
  [0.6232] What captures landed this afternoon and what connected them?
  [0.6140] What is the standing directive on Discord presence?
Trial: trial_20260416_2007.json
Nav score (mean cosine): 0.5442
Per-question:
  [0.5606] What is the current state of thread #318?
  [0.6028] What did Nate flag about keeper cycle burn today?
  [0.5066] What captures landed this afternoon and what connected them?
  [0.5066] What is the standing directive on Discord presence?
Trial: trial_20260416_2107.json
Nav score (mean cosine): 0.6811
Per-question:
  [0.6909] What is the current state of thread #318?
  [0.6841] What did Nate flag about keeper cycle burn today?
  [0.6585] What captures landed this afternoon and what connected them?
  [0.6909] What is the standing directive on Discord presence?
Trial: trial_20260416_2207.json
Nav score (mean cosine): 0.6475
Per-question:
  [0.6303] What is the current state of thread #318?
  [0.6512] What did Nate flag about keeper cycle burn today?
  [0.6784] What captures landed this afternoon and what connected them?
  [0.6303] What is the standing directive on Discord presence?
Trial: trial_20260416_2307.json
Nav score (mean cosine): 0.6129
Per-question:
  [0.5624] What is the current state of thread #318?
  [0.6637] What did Nate flag about keeper cycle burn today?
  [0.6946] What captures landed this afternoon and what connected them?
  [0.5308] What is the standing directive on Discord presence?
Trial: trial_20260417_0007.json
Nav score (mean cosine): 0.6198
Per-question:
  [0.5631] What is the current state of thread #318?
  [0.6938] What did Nate flag about keeper cycle burn today?
  [0.6938] What captures landed this afternoon and what connected them?
  [0.5285] What is the standing directive on Discord presence?
Trial: trial_20260417_0107.json
Nav score (mean cosine): 0.6187
Per-question:
  [0.5619] What is the current state of thread #318?
  [0.6933] What did Nate flag about keeper cycle burn today?
  [0.6933] What captures landed this afternoon and what connected them?
  [0.5265] What is the standing directive on Discord presence?
Traceback (most recent call last):
  File "/home/nate-agx/chronicle/bin/calibration_nav_score.py", line 138, in <module>
    mean, per_q = score_nav(tp)
  File "/home/nate-agx/chronicle/bin/calibration_nav_score.py", line 97, in score_nav
    cal_emb = embed(cal_text)
  File "/home/nate-agx/chronicle/bin/calibration_nav_score.py", line 42, in embed
    resp = urllib.request.urlopen(req, timeout=timeout)
  File "/usr/lib/python3.10/urllib/request.py", line 216, in urlopen
    return opener.open(url, data, timeout)
  File "/usr/lib/python3.10/urllib/request.py", line 519, in open
    response = self._open(req, data)
  File "/usr/lib/python3.10/urllib/request.py", line 536, in _open
    result = self._call_chain(self.handle_open, protocol, protocol +
  File "/usr/lib/python3.10/urllib/request.py", line 496, in _call_chain
    result = func(*args)
  File "/usr/lib/python3.10/urllib/request.py", line 1377, in http_open
    return self.do_open(http.client.HTTPConnection, req)
  File "/usr/lib/python3.10/urllib/request.py", line 1352, in do_open
    r = h.getresponse()
  File "/usr/lib/python3.10/http/client.py", line 1395, in getresponse
    response.begin()
  File "/usr/lib/python3.10/http/client.py", line 323, in begin
    version, status, reason = self._read_status()
  File "/usr/lib/python3.10/http/client.py", line 284, in _read_status
    line = str(self.fp.readline(_MAXLINE + 1), "iso-8859-1")
  File "/usr/lib/python3.10/socket.py", line 705, in readinto
    return self._sock.recv_into(b)
TimeoutError: timed out
Traceback (most recent call last):
  File "/home/nate-agx/chronicle/bin/calibration_nav_score.py", line 138, in <module>
    mean, per_q = score_nav(tp)
  File "/home/nate-agx/chronicle/bin/calibration_nav_score.py", line 97, in score_nav
    cal_emb = embed(cal_text)
  File "/home/nate-agx/chronicle/bin/calibration_nav_score.py", line 42, in embed
    resp = urllib.request.urlopen(req, timeout=timeout)
  File "/usr/lib/python3.10/urllib/request.py", line 216, in urlopen
    return opener.open(url, data, timeout)
  File "/usr/lib/python3.10/urllib/request.py", line 519, in open
    response = self._open(req, data)
  File "/usr/lib/python3.10/urllib/request.py", line 536, in _open
    result = self._call_chain(self.handle_open, protocol, protocol +
  File "/usr/lib/python3.10/urllib/request.py", line 496, in _call_chain
    result = func(*args)
  File "/usr/lib/python3.10/urllib/request.py", line 1377, in http_open
    return self.do_open(http.client.HTTPConnection, req)
  File "/usr/lib/python3.10/urllib/request.py", line 1352, in do_open
    r = h.getresponse()
  File "/usr/lib/python3.10/http/client.py", line 1395, in getresponse
    response.begin()
  File "/usr/lib/python3.10/http/client.py", line 323, in begin
    version, status, reason = self._read_status()
  File "/usr/lib/python3.10/http/client.py", line 284, in _read_status
    line = str(self.fp.readline(_MAXLINE + 1), "iso-8859-1")
  File "/usr/lib/python3.10/socket.py", line 705, in readinto
    return self._sock.recv_into(b)
TimeoutError: timed out
Traceback (most recent call last):
  File "/home/nate-agx/chronicle/bin/calibration_nav_score.py", line 138, in <module>
    mean, per_q = score_nav(tp)
  File "/home/nate-agx/chronicle/bin/calibration_nav_score.py", line 97, in score_nav
    cal_emb = embed(cal_text)
  File "/home/nate-agx/chronicle/bin/calibration_nav_score.py", line 42, in embed
    resp = urllib.request.urlopen(req, timeout=timeout)
  File "/usr/lib/python3.10/urllib/request.py", line 216, in urlopen
    return opener.open(url, data, timeout)
  File "/usr/lib/python3.10/urllib/request.py", line 519, in open
    response = self._open(req, data)
  File "/usr/lib/python3.10/urllib/request.py", line 536, in _open
    result = self._call_chain(self.handle_open, protocol, protocol +
  File "/usr/lib/python3.10/urllib/request.py", line 496, in _call_chain
    result = func(*args)
  File "/usr/lib/python3.10/urllib/request.py", line 1377, in http_open
    return self.do_open(http.client.HTTPConnection, req)
  File "/usr/lib/python3.10/urllib/request.py", line 1352, in do_open
    r = h.getresponse()
  File "/usr/lib/python3.10/http/client.py", line 1395, in getresponse
    response.begin()
  File "/usr/lib/python3.10/http/client.py", line 323, in begin
    version, status, reason = self._read_status()
  File "/usr/lib/python3.10/http/client.py", line 284, in _read_status
    line = str(self.fp.readline(_MAXLINE + 1), "iso-8859-1")
  File "/usr/lib/python3.10/socket.py", line 705, in readinto
    return self._sock.recv_into(b)
TimeoutError: timed out
Trial: trial_20260417_0507.json
Nav score (mean cosine): 0.6312
Per-question:
  [0.6298] What is the current state of thread #318?
  [0.6693] What did Nate flag about keeper cycle burn today?
  [0.6693] What captures landed this afternoon and what connected them?
  [0.5564] What is the standing directive on Discord presence?
Traceback (most recent call last):
  File "/home/nate-agx/chronicle/bin/calibration_nav_score.py", line 138, in <module>
    mean, per_q = score_nav(tp)
  File "/home/nate-agx/chronicle/bin/calibration_nav_score.py", line 97, in score_nav
    cal_emb = embed(cal_text)
  File "/home/nate-agx/chronicle/bin/calibration_nav_score.py", line 42, in embed
    resp = urllib.request.urlopen(req, timeout=timeout)
  File "/usr/lib/python3.10/urllib/request.py", line 216, in urlopen
    return opener.open(url, data, timeout)
  File "/usr/lib/python3.10/urllib/request.py", line 519, in open
    response = self._open(req, data)
  File "/usr/lib/python3.10/urllib/request.py", line 536, in _open
    result = self._call_chain(self.handle_open, protocol, protocol +
  File "/usr/lib/python3.10/urllib/request.py", line 496, in _call_chain
    result = func(*args)
  File "/usr/lib/python3.10/urllib/request.py", line 1377, in http_open
    return self.do_open(http.client.HTTPConnection, req)
  File "/usr/lib/python3.10/urllib/request.py", line 1352, in do_open
    r = h.getresponse()
  File "/usr/lib/python3.10/http/client.py", line 1395, in getresponse
    response.begin()
  File "/usr/lib/python3.10/http/client.py", line 323, in begin
    version, status, reason = self._read_status()
  File "/usr/lib/python3.10/http/client.py", line 284, in _read_status
    line = str(self.fp.readline(_MAXLINE + 1), "iso-8859-1")
  File "/usr/lib/python3.10/socket.py", line 705, in readinto
    return self._sock.recv_into(b)
TimeoutError: timed out
Trial: trial_20260417_0707.json
Nav score (mean cosine): 0.5908
Per-question:
  [0.5927] What is the current state of thread #318?
  [0.5801] What did Nate flag about keeper cycle burn today?
  [0.5801] What captures landed this afternoon and what connected them?
  [0.6104] What is the standing directive on Discord presence?
Traceback (most recent call last):
  File "/home/nate-agx/chronicle/bin/calibration_nav_score.py", line 138, in <module>
    mean, per_q = score_nav(tp)
  File "/home/nate-agx/chronicle/bin/calibration_nav_score.py", line 97, in score_nav
    cal_emb = embed(cal_text)
  File "/home/nate-agx/chronicle/bin/calibration_nav_score.py", line 42, in embed
    resp = urllib.request.urlopen(req, timeout=timeout)
  File "/usr/lib/python3.10/urllib/request.py", line 216, in urlopen
    return opener.open(url, data, timeout)
  File "/usr/lib/python3.10/urllib/request.py", line 519, in open
    response = self._open(req, data)
  File "/usr/lib/python3.10/urllib/request.py", line 536, in _open
    result = self._call_chain(self.handle_open, protocol, protocol +
  File "/usr/lib/python3.10/urllib/request.py", line 496, in _call_chain
    result = func(*args)
  File "/usr/lib/python3.10/urllib/request.py", line 1377, in http_open
    return self.do_open(http.client.HTTPConnection, req)
  File "/usr/lib/python3.10/urllib/request.py", line 1352, in do_open
    r = h.getresponse()
  File "/usr/lib/python3.10/http/client.py", line 1395, in getresponse
    response.begin()
  File "/usr/lib/python3.10/http/client.py", line 323, in begin
    version, status, reason = self._read_status()
  File "/usr/lib/python3.10/http/client.py", line 284, in _read_status
    line = str(self.fp.readline(_MAXLINE + 1), "iso-8859-1")
  File "/usr/lib/python3.10/socket.py", line 705, in readinto
    return self._sock.recv_into(b)
TimeoutError: timed out
Trial: trial_20260417_0907.json
Nav score (mean cosine): 0.5661
Per-question:
  [0.5533] What is the current state of thread #318?
  [0.5663] What did Nate flag about keeper cycle burn today?
  [0.5663] What captures landed this afternoon and what connected them?
  [0.5785] What is the standing directive on Discord presence?
Trial: trial_20260417_1007.json
Nav score (mean cosine): 0.6171
Per-question:
  [0.6445] What is the current state of thread #318?
  [0.6064] What did Nate flag about keeper cycle burn today?
  [0.6274] What captures landed this afternoon and what connected them?
  [0.5902] What is the standing directive on Discord presence?
Trial: trial_20260417_1107.json
Nav score (mean cosine): 0.5831
Per-question:
  [0.5938] What is the current state of thread #318?
  [0.5756] What did Nate flag about keeper cycle burn today?
  [0.5912] What captures landed this afternoon and what connected them?
  [0.5717] What is the standing directive on Discord presence?
Trial: trial_20260417_1207.json
Nav score (mean cosine): 0.607
Per-question:
  [0.6471] What is the current state of thread #318?
  [0.5813] What did Nate flag about keeper cycle burn today?
  [0.6236] What captures landed this afternoon and what connected them?
  [0.5758] What is the standing directive on Discord presence?
Trial: trial_20260417_1307.json
Nav score (mean cosine): 0.5346
Per-question:
  [0.5632] What is the current state of thread #318?
  [0.4947] What did Nate flag about keeper cycle burn today?
  [0.5925] What captures landed this afternoon and what connected them?
  [0.4879] What is the standing directive on Discord presence?
Trial: trial_20260417_1407.json
Nav score (mean cosine): 0.6277
Per-question:
  [0.6465] What is the current state of thread #318?
  [0.5939] What did Nate flag about keeper cycle burn today?
  [0.6486] What captures landed this afternoon and what connected them?
  [0.6220] What is the standing directive on Discord presence?
Trial: trial_20260417_1507.json
Nav score (mean cosine): 0.695
Per-question:
  [0.7434] What is the current state of thread #318?
  [0.6515] What did Nate flag about keeper cycle burn today?
  [0.6926] What captures landed this afternoon and what connected them?
  [0.6926] What is the standing directive on Discord presence?
Traceback (most recent call last):
  File "/home/nate-agx/chronicle/bin/calibration_nav_score.py", line 138, in <module>
    mean, per_q = score_nav(tp)
  File "/home/nate-agx/chronicle/bin/calibration_nav_score.py", line 97, in score_nav
    cal_emb = embed(cal_text)
  File "/home/nate-agx/chronicle/bin/calibration_nav_score.py", line 42, in embed
    resp = urllib.request.urlopen(req, timeout=timeout)
  File "/usr/lib/python3.10/urllib/request.py", line 216, in urlopen
    return opener.open(url, data, timeout)
  File "/usr/lib/python3.10/urllib/request.py", line 519, in open
    response = self._open(req, data)
  File "/usr/lib/python3.10/urllib/request.py", line 536, in _open
    result = self._call_chain(self.handle_open, protocol, protocol +
  File "/usr/lib/python3.10/urllib/request.py", line 496, in _call_chain
    result = func(*args)
  File "/usr/lib/python3.10/urllib/request.py", line 1377, in http_open
    return self.do_open(http.client.HTTPConnection, req)
  File "/usr/lib/python3.10/urllib/request.py", line 1352, in do_open
    r = h.getresponse()
  File "/usr/lib/python3.10/http/client.py", line 1395, in getresponse
    response.begin()
  File "/usr/lib/python3.10/http/client.py", line 323, in begin
    version, status, reason = self._read_status()
  File "/usr/lib/python3.10/http/client.py", line 284, in _read_status
    line = str(self.fp.readline(_MAXLINE + 1), "iso-8859-1")
  File "/usr/lib/python3.10/socket.py", line 705, in readinto
    return self._sock.recv_into(b)
TimeoutError: timed out
Trial: trial_20260417_1707.json
Nav score (mean cosine): 0.6267
Per-question:
  [0.6417] What is the current state of thread #318?
  [0.5450] What did Nate flag about keeper cycle burn today?
  [0.6601] What captures landed this afternoon and what connected them?
  [0.6601] What is the standing directive on Discord presence?
Trial: trial_20260417_1807.json
Nav score (mean cosine): 0.5973
Per-question:
  [0.5960] What is the current state of thread #318?
  [0.5600] What did Nate flag about keeper cycle burn today?
  [0.6166] What captures landed this afternoon and what connected them?
  [0.6166] What is the standing directive on Discord presence?
Trial: trial_20260417_1907.json
Nav score (mean cosine): 0.6077
Per-question:
  [0.5540] What is the current state of thread #318?
  [0.5399] What did Nate flag about keeper cycle burn today?
  [0.7043] What captures landed this afternoon and what connected them?
  [0.6324] What is the standing directive on Discord presence?
Trial: trial_20260417_2007.json
Nav score (mean cosine): 0.6269
Per-question:
  [0.5602] What is the current state of thread #318?
  [0.5748] What did Nate flag about keeper cycle burn today?
  [0.6798] What captures landed this afternoon and what connected them?
  [0.6926] What is the standing directive on Discord presence?
Trial: trial_20260417_2107.json
Nav score (mean cosine): 0.636
Per-question:
  [0.5623] What is the current state of thread #318?
  [0.5838] What did Nate flag about keeper cycle burn today?
  [0.6852] What captures landed this afternoon and what connected them?
  [0.7127] What is the standing directive on Discord presence?
Trial: trial_20260417_2207.json
Nav score (mean cosine): 0.5895
Per-question:
  [0.5896] What is the current state of thread #318?
  [0.5496] What did Nate flag about keeper cycle burn today?
  [0.6283] What captures landed this afternoon and what connected them?
  [0.5905] What is the standing directive on Discord presence?
Trial: trial_20260417_2307.json
Nav score (mean cosine): 0.6139
Per-question:
  [0.6127] What is the current state of thread #318?
  [0.5777] What did Nate flag about keeper cycle burn today?
  [0.6677] What captures landed this afternoon and what connected them?
  [0.5976] What is the standing directive on Discord presence?
Trial: trial_20260418_0007.json
Nav score (mean cosine): 0.6104
Per-question:
  [0.6082] What is the current state of thread #318?
  [0.5749] What did Nate flag about keeper cycle burn today?
  [0.6647] What captures landed this afternoon and what connected them?
  [0.5939] What is the standing directive on Discord presence?
Trial: trial_20260418_0107.json
Nav score (mean cosine): 0.6104
Per-question:
  [0.6082] What is the current state of thread #318?
  [0.5749] What did Nate flag about keeper cycle burn today?
  [0.6647] What captures landed this afternoon and what connected them?
  [0.5939] What is the standing directive on Discord presence?
Trial: trial_20260418_0207.json
Nav score (mean cosine): 0.6104
Per-question:
  [0.6082] What is the current state of thread #318?
  [0.5749] What did Nate flag about keeper cycle burn today?
  [0.6647] What captures landed this afternoon and what connected them?
  [0.5939] What is the standing directive on Discord presence?
Trial: trial_20260418_0307.json
Nav score (mean cosine): 0.6104
Per-question:
  [0.6082] What is the current state of thread #318?
  [0.5749] What did Nate flag about keeper cycle burn today?
  [0.6647] What captures landed this afternoon and what connected them?
  [0.5939] What is the standing directive on Discord presence?
Trial: trial_20260418_0407.json
Nav score (mean cosine): 0.5595
Per-question:
  [0.5586] What is the current state of thread #318?
  [0.5653] What did Nate flag about keeper cycle burn today?
  [0.6119] What captures landed this afternoon and what connected them?
  [0.5023] What is the standing directive on Discord presence?
Trial: trial_20260418_0507.json
Nav score (mean cosine): 0.6009
Per-question:
  [0.6090] What is the current state of thread #318?
  [0.5600] What did Nate flag about keeper cycle burn today?
  [0.6427] What captures landed this afternoon and what connected them?
  [0.5918] What is the standing directive on Discord presence?
Trial: trial_20260418_0607.json
Nav score (mean cosine): 0.6284
Per-question:
  [0.6329] What is the current state of thread #318?
  [0.5983] What did Nate flag about keeper cycle burn today?
  [0.6576] What captures landed this afternoon and what connected them?
  [0.6247] What is the standing directive on Discord presence?
Traceback (most recent call last):
  File "/home/nate-agx/chronicle/bin/calibration_nav_score.py", line 138, in <module>
    mean, per_q = score_nav(tp)
  File "/home/nate-agx/chronicle/bin/calibration_nav_score.py", line 97, in score_nav
    cal_emb = embed(cal_text)
  File "/home/nate-agx/chronicle/bin/calibration_nav_score.py", line 42, in embed
    resp = urllib.request.urlopen(req, timeout=timeout)
  File "/usr/lib/python3.10/urllib/request.py", line 216, in urlopen
    return opener.open(url, data, timeout)
  File "/usr/lib/python3.10/urllib/request.py", line 519, in open
    response = self._open(req, data)
  File "/usr/lib/python3.10/urllib/request.py", line 536, in _open
    result = self._call_chain(self.handle_open, protocol, protocol +
  File "/usr/lib/python3.10/urllib/request.py", line 496, in _call_chain
    result = func(*args)
  File "/usr/lib/python3.10/urllib/request.py", line 1377, in http_open
    return self.do_open(http.client.HTTPConnection, req)
  File "/usr/lib/python3.10/urllib/request.py", line 1352, in do_open
    r = h.getresponse()
  File "/usr/lib/python3.10/http/client.py", line 1395, in getresponse
    response.begin()
  File "/usr/lib/python3.10/http/client.py", line 323, in begin
    version, status, reason = self._read_status()
  File "/usr/lib/python3.10/http/client.py", line 284, in _read_status
    line = str(self.fp.readline(_MAXLINE + 1), "iso-8859-1")
  File "/usr/lib/python3.10/socket.py", line 705, in readinto
    return self._sock.recv_into(b)
TimeoutError: timed out
Trial: trial_20260418_0807.json
Nav score (mean cosine): 0.6188
Per-question:
  [0.6420] What is the current state of thread #318?
  [0.5955] What did Nate flag about keeper cycle burn today?
  [0.6103] What captures landed this afternoon and what connected them?
  [0.6273] What is the standing directive on Discord presence?
Trial: trial_20260418_0907.json
Nav score (mean cosine): 0.5771
Per-question:
  [0.6310] What is the current state of thread #318?
  [0.5261] What did Nate flag about keeper cycle burn today?
  [0.5743] What captures landed this afternoon and what connected them?
  [0.5771] What is the standing directive on Discord presence?
Trial: trial_20260418_1007.json
Nav score (mean cosine): 0.6219
Per-question:
  [0.6404] What is the current state of thread #318?
  [0.6485] What did Nate flag about keeper cycle burn today?
  [0.6012] What captures landed this afternoon and what connected them?
  [0.5974] What is the standing directive on Discord presence?
Trial: trial_20260418_1107.json
Nav score (mean cosine): 0.5491
Per-question:
  [0.5913] What is the current state of thread #318?
  [0.5207] What did Nate flag about keeper cycle burn today?
  [0.5369] What captures landed this afternoon and what connected them?
  [0.5473] What is the standing directive on Discord presence?
Trial: trial_20260418_1207.json
Nav score (mean cosine): 0.5771
Per-question:
  [0.5859] What is the current state of thread #318?
  [0.6293] What did Nate flag about keeper cycle burn today?
  [0.5286] What captures landed this afternoon and what connected them?
  [0.5646] What is the standing directive on Discord presence?
Trial: trial_20260418_1307.json
Nav score (mean cosine): 0.6188
Per-question:
  [0.6536] What is the current state of thread #318?
  [0.6520] What did Nate flag about keeper cycle burn today?
  [0.6009] What captures landed this afternoon and what connected them?
  [0.5687] What is the standing directive on Discord presence?
Trial: trial_20260418_1407.json
Nav score (mean cosine): 0.6382
Per-question:
  [0.6766] What is the current state of thread #318?
  [0.6466] What did Nate flag about keeper cycle burn today?
  [0.6214] What captures landed this afternoon and what connected them?
  [0.6084] What is the standing directive on Discord presence?
Trial: trial_20260418_1507.json
Nav score (mean cosine): 0.6893
Per-question:
  [0.7155] What is the current state of thread #318?
  [0.7155] What did Nate flag about keeper cycle burn today?
  [0.7155] What captures landed this afternoon and what connected them?
  [0.6106] What is the standing directive on Discord presence?
Trial: trial_20260418_1607.json
Nav score (mean cosine): 0.6744
Per-question:
  [0.6744] What is the current state of thread #318?
  [0.6744] What did Nate flag about keeper cycle burn today?
  [0.6744] What captures landed this afternoon and what connected them?
  [0.6744] What is the standing directive on Discord presence?
Trial: trial_20260418_1707.json
Nav score (mean cosine): 0.7242
Per-question:
  [0.7242] What is the current state of thread #318?
  [0.7242] What did Nate flag about keeper cycle burn today?
  [0.7242] What captures landed this afternoon and what connected them?
  [0.7242] What is the standing directive on Discord presence?
Trial: trial_20260418_1807.json
Nav score (mean cosine): 0.6604
Per-question:
  [0.6604] What is the current state of thread #318?
  [0.6604] What did Nate flag about keeper cycle burn today?
  [0.6604] What captures landed this afternoon and what connected them?
  [0.6604] What is the standing directive on Discord presence?
Trial: trial_20260418_1907.json
Nav score (mean cosine): 0.7219
Per-question:
  [0.7219] What is the current state of thread #318?
  [0.7219] What did Nate flag about keeper cycle burn today?
  [0.7219] What captures landed this afternoon and what connected them?
  [0.7219] What is the standing directive on Discord presence?
Trial: trial_20260418_2007.json
Nav score (mean cosine): 0.7093
Per-question:
  [0.7093] What is the current state of thread #318?
  [0.7093] What did Nate flag about keeper cycle burn today?
  [0.7093] What captures landed this afternoon and what connected them?
  [0.7093] What is the standing directive on Discord presence?
Trial: trial_20260418_2107.json
Nav score (mean cosine): 0.7141
Per-question:
  [0.7141] What is the current state of thread #318?
  [0.7141] What did Nate flag about keeper cycle burn today?
  [0.7141] What captures landed this afternoon and what connected them?
  [0.7141] What is the standing directive on Discord presence?
Trial: trial_20260418_2207.json
Nav score (mean cosine): 0.7348
Per-question:
  [0.7348] What is the current state of thread #318?
  [0.7348] What did Nate flag about keeper cycle burn today?
  [0.7348] What captures landed this afternoon and what connected them?
  [0.7348] What is the standing directive on Discord presence?
Trial: trial_20260418_2307.json
Nav score (mean cosine): 0.727
Per-question:
  [0.7270] What is the current state of thread #318?
  [0.7270] What did Nate flag about keeper cycle burn today?
  [0.7270] What captures landed this afternoon and what connected them?
  [0.7270] What is the standing directive on Discord presence?
Trial: trial_20260419_0007.json
Nav score (mean cosine): 0.6583
Per-question:
  [0.5965] What is the current state of thread #318?
  [0.6983] What did Nate flag about keeper cycle burn today?
  [0.6036] What captures landed this afternoon and what connected them?
  [0.7346] What is the standing directive on Discord presence?
Traceback (most recent call last):
  File "/home/nate-agx/chronicle/bin/calibration_nav_score.py", line 138, in <module>
    mean, per_q = score_nav(tp)
  File "/home/nate-agx/chronicle/bin/calibration_nav_score.py", line 97, in score_nav
    cal_emb = embed(cal_text)
  File "/home/nate-agx/chronicle/bin/calibration_nav_score.py", line 42, in embed
    resp = urllib.request.urlopen(req, timeout=timeout)
  File "/usr/lib/python3.10/urllib/request.py", line 216, in urlopen
    return opener.open(url, data, timeout)
  File "/usr/lib/python3.10/urllib/request.py", line 519, in open
    response = self._open(req, data)
  File "/usr/lib/python3.10/urllib/request.py", line 536, in _open
    result = self._call_chain(self.handle_open, protocol, protocol +
  File "/usr/lib/python3.10/urllib/request.py", line 496, in _call_chain
    result = func(*args)
  File "/usr/lib/python3.10/urllib/request.py", line 1377, in http_open
    return self.do_open(http.client.HTTPConnection, req)
  File "/usr/lib/python3.10/urllib/request.py", line 1352, in do_open
    r = h.getresponse()
  File "/usr/lib/python3.10/http/client.py", line 1395, in getresponse
    response.begin()
  File "/usr/lib/python3.10/http/client.py", line 323, in begin
    version, status, reason = self._read_status()
  File "/usr/lib/python3.10/http/client.py", line 284, in _read_status
    line = str(self.fp.readline(_MAXLINE + 1), "iso-8859-1")
  File "/usr/lib/python3.10/socket.py", line 705, in readinto
    return self._sock.recv_into(b)
TimeoutError: timed out
Trial: trial_20260419_0207.json
Nav score (mean cosine): 0.6408
Per-question:
  [0.6282] What is the current state of thread #318?
  [0.7071] What did Nate flag about keeper cycle burn today?
  [0.6053] What captures landed this afternoon and what connected them?
  [0.6228] What is the standing directive on Discord presence?
Trial: trial_20260419_0307.json
Nav score (mean cosine): 0.624
Per-question:
  [0.6193] What is the current state of thread #318?
  [0.7026] What did Nate flag about keeper cycle burn today?
  [0.5872] What captures landed this afternoon and what connected them?
  [0.5868] What is the standing directive on Discord presence?
Trial: trial_20260419_0407.json
Nav score (mean cosine): 0.6268
Per-question:
  [0.6315] What is the current state of thread #318?
  [0.6968] What did Nate flag about keeper cycle burn today?
  [0.5731] What captures landed this afternoon and what connected them?
  [0.6059] What is the standing directive on Discord presence?
Trial: trial_20260419_0507.json
Nav score (mean cosine): 0.5771
Per-question:
  [0.5947] What is the current state of thread #318?
  [0.4903] What did Nate flag about keeper cycle burn today?
  [0.5980] What captures landed this afternoon and what connected them?
  [0.6256] What is the standing directive on Discord presence?
Trial: trial_20260419_0607.json
Nav score (mean cosine): 0.6395
Per-question:
  [0.6005] What is the current state of thread #318?
  [0.7329] What did Nate flag about keeper cycle burn today?
  [0.6123] What captures landed this afternoon and what connected them?
  [0.6123] What is the standing directive on Discord presence?
Trial: trial_20260419_0707.json
Nav score (mean cosine): 0.6352
Per-question:
  [0.6165] What is the current state of thread #318?
  [0.6492] What did Nate flag about keeper cycle burn today?
  [0.6575] What captures landed this afternoon and what connected them?
  [0.6178] What is the standing directive on Discord presence?
Trial: trial_20260419_0807.json
Nav score (mean cosine): 0.674
Per-question:
  [0.6551] What is the current state of thread #318?
  [0.6680] What did Nate flag about keeper cycle burn today?
  [0.7286] What captures landed this afternoon and what connected them?
  [0.6443] What is the standing directive on Discord presence?
Trial: trial_20260419_0907.json
Nav score (mean cosine): 0.5693
Per-question:
  [0.5381] What is the current state of thread #318?
  [0.6580] What did Nate flag about keeper cycle burn today?
  [0.5406] What captures landed this afternoon and what connected them?
  [0.5406] What is the standing directive on Discord presence?
Trial: trial_20260419_1007.json
Nav score (mean cosine): 0.5937
Per-question:
  [0.5888] What is the current state of thread #318?
  [0.6433] What did Nate flag about keeper cycle burn today?
  [0.5714] What captures landed this afternoon and what connected them?
  [0.5714] What is the standing directive on Discord presence?
Trial: trial_20260419_1107.json
Nav score (mean cosine): 0.626
Per-question:
  [0.6036] What is the current state of thread #318?
  [0.6888] What did Nate flag about keeper cycle burn today?
  [0.6057] What captures landed this afternoon and what connected them?
  [0.6057] What is the standing directive on Discord presence?
Trial: trial_20260419_1207.json
Nav score (mean cosine): 0.5661
Per-question:
  [0.5224] What is the current state of thread #318?
  [0.6377] What did Nate flag about keeper cycle burn today?
  [0.5521] What captures landed this afternoon and what connected them?
  [0.5521] What is the standing directive on Discord presence?
Trial: trial_20260419_1307.json
Nav score (mean cosine): 0.621
Per-question:
  [0.6005] What is the current state of thread #318?
  [0.6847] What did Nate flag about keeper cycle burn today?
  [0.5198] What captures landed this afternoon and what connected them?
  [0.6789] What is the standing directive on Discord presence?
Trial: trial_20260419_1407.json
Nav score (mean cosine): 0.6704
Per-question:
  [0.7363] What is the current state of thread #318?
  [0.7242] What did Nate flag about keeper cycle burn today?
  [0.5469] What captures landed this afternoon and what connected them?
  [0.6742] What is the standing directive on Discord presence?
Trial: trial_20260419_1507.json
Nav score (mean cosine): 0.6704
Per-question:
  [0.7142] What is the current state of thread #318?
  [0.7204] What did Nate flag about keeper cycle burn today?
  [0.5326] What captures landed this afternoon and what connected them?
  [0.7142] What is the standing directive on Discord presence?
Trial: trial_20260419_1607.json
Nav score (mean cosine): 0.6165
Per-question:
  [0.6079] What is the current state of thread #318?
  [0.7097] What did Nate flag about keeper cycle burn today?
  [0.5435] What captures landed this afternoon and what connected them?
  [0.6049] What is the standing directive on Discord presence?
Trial: trial_20260419_1707.json
Nav score (mean cosine): 0.6485
Per-question:
  [0.6542] What is the current state of thread #318?
  [0.7169] What did Nate flag about keeper cycle burn today?
  [0.5436] What captures landed this afternoon and what connected them?
  [0.6792] What is the standing directive on Discord presence?
Trial: trial_20260419_1807.json
Nav score (mean cosine): 0.6259
Per-question:
  [0.6283] What is the current state of thread #318?
  [0.6934] What did Nate flag about keeper cycle burn today?
  [0.4958] What captures landed this afternoon and what connected them?
  [0.6862] What is the standing directive on Discord presence?
Trial: trial_20260419_1907.json
Nav score (mean cosine): 0.6473
Per-question:
  [0.6706] What is the current state of thread #318?
  [0.6877] What did Nate flag about keeper cycle burn today?
  [0.5168] What captures landed this afternoon and what connected them?
  [0.7143] What is the standing directive on Discord presence?
Trial: trial_20260419_2007.json
Nav score (mean cosine): 0.6018
Per-question:
  [0.6120] What is the current state of thread #318?
  [0.5839] What did Nate flag about keeper cycle burn today?
  [0.6272] What captures landed this afternoon and what connected them?
  [0.5839] What is the standing directive on Discord presence?
Trial: trial_20260419_2107.json
Nav score (mean cosine): 0.6341
Per-question:
  [0.6751] What is the current state of thread #318?
  [0.6000] What did Nate flag about keeper cycle burn today?
  [0.6615] What captures landed this afternoon and what connected them?
  [0.6000] What is the standing directive on Discord presence?
Trial: trial_20260419_2207.json
Nav score (mean cosine): 0.6174
Per-question:
  [0.6698] What is the current state of thread #318?
  [0.5860] What did Nate flag about keeper cycle burn today?
  [0.6788] What captures landed this afternoon and what connected them?
  [0.5350] What is the standing directive on Discord presence?
Trial: trial_20260419_2307.json
Nav score (mean cosine): 0.5715
Per-question:
  [0.5674] What is the current state of thread #318?
  [0.6486] What did Nate flag about keeper cycle burn today?
  [0.5272] What captures landed this afternoon and what connected them?
  [0.5429] What is the standing directive on Discord presence?
Trial: trial_20260420_0007.json
Nav score (mean cosine): 0.5793
Per-question:
  [0.5403] What is the current state of thread #318?
  [0.6776] What did Nate flag about keeper cycle burn today?
  [0.5376] What captures landed this afternoon and what connected them?
  [0.5615] What is the standing directive on Discord presence?
Trial: trial_20260420_0107.json
Nav score (mean cosine): 0.5956
Per-question:
  [0.6300] What is the current state of thread #318?
  [0.6571] What did Nate flag about keeper cycle burn today?
  [0.5085] What captures landed this afternoon and what connected them?
  [0.5868] What is the standing directive on Discord presence?
Trial: trial_20260420_0207.json
Nav score (mean cosine): 0.5791
Per-question:
  [0.5641] What is the current state of thread #318?
  [0.6642] What did Nate flag about keeper cycle burn today?
  [0.4903] What captures landed this afternoon and what connected them?
  [0.5979] What is the standing directive on Discord presence?
Trial: trial_20260420_0307.json
Nav score (mean cosine): 0.6096
Per-question:
  [0.5562] What is the current state of thread #318?
  [0.7006] What did Nate flag about keeper cycle burn today?
  [0.5743] What captures landed this afternoon and what connected them?
  [0.6073] What is the standing directive on Discord presence?
Trial: trial_20260420_0407.json
Nav score (mean cosine): 0.5868
Per-question:
  [0.5342] What is the current state of thread #318?
  [0.6851] What did Nate flag about keeper cycle burn today?
  [0.5393] What captures landed this afternoon and what connected them?
  [0.5885] What is the standing directive on Discord presence?
Trial: trial_20260420_0507.json
Nav score (mean cosine): 0.5745
Per-question:
  [0.5739] What is the current state of thread #318?
  [0.6561] What did Nate flag about keeper cycle burn today?
  [0.5336] What captures landed this afternoon and what connected them?
  [0.5345] What is the standing directive on Discord presence?
Trial: trial_20260420_0607.json
Nav score (mean cosine): 0.5863
Per-question:
  [0.5797] What is the current state of thread #318?
  [0.6550] What did Nate flag about keeper cycle burn today?
  [0.5834] What captures landed this afternoon and what connected them?
  [0.5272] What is the standing directive on Discord presence?
Trial: trial_20260420_0707.json
Nav score (mean cosine): 0.664
Per-question:
  [0.6096] What is the current state of thread #318?
  [0.6241] What did Nate flag about keeper cycle burn today?
  [0.8173] What captures landed this afternoon and what connected them?
  [0.6048] What is the standing directive on Discord presence?
Trial: trial_20260420_0807.json
Nav score (mean cosine): 0.666
Per-question:
  [0.6351] What is the current state of thread #318?
  [0.6443] What did Nate flag about keeper cycle burn today?
  [0.7945] What captures landed this afternoon and what connected them?
  [0.5900] What is the standing directive on Discord presence?
Trial: trial_20260420_0907.json
Nav score (mean cosine): 0.6251
Per-question:
  [0.5808] What is the current state of thread #318?
  [0.6299] What did Nate flag about keeper cycle burn today?
  [0.7146] What captures landed this afternoon and what connected them?
  [0.5751] What is the standing directive on Discord presence?
Trial: trial_20260420_1007.json
Nav score (mean cosine): 0.7136
Per-question:
  [0.6573] What is the current state of thread #318?
  [0.8201] What did Nate flag about keeper cycle burn today?
  [0.7041] What captures landed this afternoon and what connected them?
  [0.6729] What is the standing directive on Discord presence?
Trial: trial_20260420_1107.json
Nav score (mean cosine): 0.6521
Per-question:
  [0.6566] What is the current state of thread #318?
  [0.6713] What did Nate flag about keeper cycle burn today?
  [0.6713] What captures landed this afternoon and what connected them?
  [0.6093] What is the standing directive on Discord presence?
Trial: trial_20260420_1207.json
Nav score (mean cosine): 0.7035
Per-question:
  [0.6565] What is the current state of thread #318?
  [0.7669] What did Nate flag about keeper cycle burn today?
  [0.7669] What captures landed this afternoon and what connected them?
  [0.6235] What is the standing directive on Discord presence?
Trial: trial_20260420_1307.json
Nav score (mean cosine): 0.6458
Per-question:
  [0.7192] What is the current state of thread #318?
  [0.6281] What did Nate flag about keeper cycle burn today?
  [0.6970] What captures landed this afternoon and what connected them?
  [0.5389] What is the standing directive on Discord presence?
Trial: trial_20260420_1407.json
Nav score (mean cosine): 0.6367
Per-question:
  [0.6457] What is the current state of thread #318?
  [0.6463] What did Nate flag about keeper cycle burn today?
  [0.6794] What captures landed this afternoon and what connected them?
  [0.5754] What is the standing directive on Discord presence?
Trial: trial_20260420_1507.json
Nav score (mean cosine): 0.6536
Per-question:
  [0.5828] What is the current state of thread #318?
  [0.7125] What did Nate flag about keeper cycle burn today?
  [0.6343] What captures landed this afternoon and what connected them?
  [0.6846] What is the standing directive on Discord presence?
Trial: trial_20260420_1607.json
Nav score (mean cosine): 0.6382
Per-question:
  [0.6696] What is the current state of thread #318?
  [0.6246] What did Nate flag about keeper cycle burn today?
  [0.6134] What captures landed this afternoon and what connected them?
  [0.6452] What is the standing directive on Discord presence?
Trial: trial_20260420_1707.json
Nav score (mean cosine): 0.6193
Per-question:
  [0.5949] What is the current state of thread #318?
  [0.6812] What did Nate flag about keeper cycle burn today?
  [0.5555] What captures landed this afternoon and what connected them?
  [0.6458] What is the standing directive on Discord presence?
Trial: trial_20260420_1807.json
Nav score (mean cosine): 0.5476
Per-question:
  [0.5407] What is the current state of thread #318?
  [0.5744] What did Nate flag about keeper cycle burn today?
  [0.5525] What captures landed this afternoon and what connected them?
  [0.5230] What is the standing directive on Discord presence?
Trial: trial_20260420_1907.json
Nav score (mean cosine): 0.6565
Per-question:
  [0.5765] What is the current state of thread #318?
  [0.7675] What did Nate flag about keeper cycle burn today?
  [0.6303] What captures landed this afternoon and what connected them?
  [0.6516] What is the standing directive on Discord presence?
Trial: trial_20260420_2007.json
Nav score (mean cosine): 0.6424
Per-question:
  [0.6133] What is the current state of thread #318?
  [0.7154] What did Nate flag about keeper cycle burn today?
  [0.5541] What captures landed this afternoon and what connected them?
  [0.6867] What is the standing directive on Discord presence?
Trial: trial_20260420_2107.json
Nav score (mean cosine): 0.6067
Per-question:
  [0.5927] What is the current state of thread #318?
  [0.6509] What did Nate flag about keeper cycle burn today?
  [0.5196] What captures landed this afternoon and what connected them?
  [0.6636] What is the standing directive on Discord presence?
Trial: trial_20260420_2207.json
Nav score (mean cosine): 0.593
Per-question:
  [0.5681] What is the current state of thread #318?
  [0.6380] What did Nate flag about keeper cycle burn today?
  [0.5423] What captures landed this afternoon and what connected them?
  [0.6236] What is the standing directive on Discord presence?
Trial: trial_20260420_2307.json
Nav score (mean cosine): 0.5675
Per-question:
  [0.5493] What is the current state of thread #318?
  [0.6312] What did Nate flag about keeper cycle burn today?
  [0.5133] What captures landed this afternoon and what connected them?
  [0.5764] What is the standing directive on Discord presence?
Trial: trial_20260421_0007.json
Nav score (mean cosine): 0.6074
Per-question:
  [0.5870] What is the current state of thread #318?
  [0.6569] What did Nate flag about keeper cycle burn today?
  [0.5669] What captures landed this afternoon and what connected them?
  [0.6189] What is the standing directive on Discord presence?
Trial: trial_20260421_0107.json
Nav score (mean cosine): 0.6284
Per-question:
  [0.5675] What is the current state of thread #318?
  [0.6610] What did Nate flag about keeper cycle burn today?
  [0.5912] What captures landed this afternoon and what connected them?
  [0.6941] What is the standing directive on Discord presence?
Trial: trial_20260421_0207.json
Nav score (mean cosine): 0.518
Per-question:
  [0.5052] What is the current state of thread #318?
  [0.5290] What did Nate flag about keeper cycle burn today?
  [0.4764] What captures landed this afternoon and what connected them?
  [0.5612] What is the standing directive on Discord presence?
Trial: trial_20260421_0307.json
Nav score (mean cosine): 0.6098
Per-question:
  [0.5845] What is the current state of thread #318?
  [0.6235] What did Nate flag about keeper cycle burn today?
  [0.5887] What captures landed this afternoon and what connected them?
  [0.6425] What is the standing directive on Discord presence?
Trial: trial_20260421_0407.json
Nav score (mean cosine): 0.6202
Per-question:
  [0.5989] What is the current state of thread #318?
  [0.6195] What did Nate flag about keeper cycle burn today?
  [0.5924] What captures landed this afternoon and what connected them?
  [0.6699] What is the standing directive on Discord presence?
Trial: trial_20260421_0507.json
Nav score (mean cosine): 0.5622
Per-question:
  [0.5557] What is the current state of thread #318?
  [0.5557] What did Nate flag about keeper cycle burn today?
  [0.5462] What captures landed this afternoon and what connected them?
  [0.5912] What is the standing directive on Discord presence?
Trial: trial_20260421_0607.json
Nav score (mean cosine): 0.6064
Per-question:
  [0.5874] What is the current state of thread #318?
  [0.6376] What did Nate flag about keeper cycle burn today?
  [0.6114] What captures landed this afternoon and what connected them?
  [0.5893] What is the standing directive on Discord presence?
Trial: trial_20260421_0707.json
Nav score (mean cosine): 0.6438
Per-question:
  [0.6200] What is the current state of thread #318?
  [0.6751] What did Nate flag about keeper cycle burn today?
  [0.6017] What captures landed this afternoon and what connected them?
  [0.6782] What is the standing directive on Discord presence?
Traceback (most recent call last):
  File "/usr/lib/python3.10/urllib/request.py", line 1348, in do_open
    h.request(req.get_method(), req.selector, req.data, headers,
  File "/usr/lib/python3.10/http/client.py", line 1303, in request
    self._send_request(method, url, body, headers, encode_chunked)
  File "/usr/lib/python3.10/http/client.py", line 1349, in _send_request
    self.endheaders(body, encode_chunked=encode_chunked)
  File "/usr/lib/python3.10/http/client.py", line 1298, in endheaders
    self._send_output(message_body, encode_chunked=encode_chunked)
  File "/usr/lib/python3.10/http/client.py", line 1058, in _send_output
    self.send(msg)
  File "/usr/lib/python3.10/http/client.py", line 996, in send
    self.connect()
  File "/usr/lib/python3.10/http/client.py", line 962, in connect
    self.sock = self._create_connection(
  File "/usr/lib/python3.10/socket.py", line 845, in create_connection
    raise err
  File "/usr/lib/python3.10/socket.py", line 833, in create_connection
    sock.connect(sa)
OSError: [Errno 113] No route to host

During handling of the above exception, another exception occurred:

Traceback (most recent call last):
  File "/home/nate-agx/chronicle/bin/calibration_nav_score.py", line 138, in <module>
    mean, per_q = score_nav(tp)
  File "/home/nate-agx/chronicle/bin/calibration_nav_score.py", line 97, in score_nav
    cal_emb = embed(cal_text)
  File "/home/nate-agx/chronicle/bin/calibration_nav_score.py", line 42, in embed
    resp = urllib.request.urlopen(req, timeout=timeout)
  File "/usr/lib/python3.10/urllib/request.py", line 216, in urlopen
    return opener.open(url, data, timeout)
  File "/usr/lib/python3.10/urllib/request.py", line 519, in open
    response = self._open(req, data)
  File "/usr/lib/python3.10/urllib/request.py", line 536, in _open
    result = self._call_chain(self.handle_open, protocol, protocol +
  File "/usr/lib/python3.10/urllib/request.py", line 496, in _call_chain
    result = func(*args)
  File "/usr/lib/python3.10/urllib/request.py", line 1377, in http_open
    return self.do_open(http.client.HTTPConnection, req)
  File "/usr/lib/python3.10/urllib/request.py", line 1351, in do_open
    raise URLError(err)
urllib.error.URLError: <urlopen error [Errno 113] No route to host>
Trial: trial_20260421_0907.json
Nav score (mean cosine): 0.6355
Per-question:
  [0.5811] What is the current state of thread #318?
  [0.7000] What did Nate flag about keeper cycle burn today?
  [0.6099] What captures landed this afternoon and what connected them?
  [0.6510] What is the standing directive on Discord presence?
Trial: trial_20260421_1007.json
Nav score (mean cosine): 0.6302
Per-question:
  [0.6269] What is the current state of thread #318?
  [0.5687] What did Nate flag about keeper cycle burn today?
  [0.6152] What captures landed this afternoon and what connected them?
  [0.7101] What is the standing directive on Discord presence?
Trial: trial_20260421_1107.json
Nav score (mean cosine): 0.6897
Per-question:
  [0.6230] What is the current state of thread #318?
  [0.7242] What did Nate flag about keeper cycle burn today?
  [0.7242] What captures landed this afternoon and what connected them?
  [0.6875] What is the standing directive on Discord presence?
Trial: trial_20260421_1207.json
Nav score (mean cosine): 0.6113
Per-question:
  [0.6209] What is the current state of thread #318?
  [0.6249] What did Nate flag about keeper cycle burn today?
  [0.5773] What captures landed this afternoon and what connected them?
  [0.6219] What is the standing directive on Discord presence?
Trial: trial_20260421_1307.json
Nav score (mean cosine): 0.6776
Per-question:
  [0.6459] What is the current state of thread #318?
  [0.7259] What did Nate flag about keeper cycle burn today?
  [0.6410] What captures landed this afternoon and what connected them?
  [0.6976] What is the standing directive on Discord presence?
Trial: trial_20260421_1407.json
Nav score (mean cosine): 0.6304
Per-question:
  [0.6368] What is the current state of thread #318?
  [0.5878] What did Nate flag about keeper cycle burn today?
  [0.6113] What captures landed this afternoon and what connected them?
  [0.6859] What is the standing directive on Discord presence?
Trial: trial_20260421_1507.json
Nav score (mean cosine): 0.6343
Per-question:
  [0.6036] What is the current state of thread #318?
  [0.6009] What did Nate flag about keeper cycle burn today?
  [0.6167] What captures landed this afternoon and what connected them?
  [0.7159] What is the standing directive on Discord presence?
Trial: trial_20260421_1607.json
Nav score (mean cosine): 0.6459
Per-question:
  [0.6233] What is the current state of thread #318?
  [0.6148] What did Nate flag about keeper cycle burn today?
  [0.6126] What captures landed this afternoon and what connected them?
  [0.7327] What is the standing directive on Discord presence?
Trial: trial_20260421_1707.json
Nav score (mean cosine): 0.6888
Per-question:
  [0.6653] What is the current state of thread #318?
  [0.6738] What did Nate flag about keeper cycle burn today?
  [0.6442] What captures landed this afternoon and what connected them?
  [0.7721] What is the standing directive on Discord presence?
Trial: trial_20260421_1807.json
Nav score (mean cosine): 0.5936
Per-question:
  [0.5622] What is the current state of thread #318?
  [0.5627] What did Nate flag about keeper cycle burn today?
  [0.5788] What captures landed this afternoon and what connected them?
  [0.6705] What is the standing directive on Discord presence?
Trial: trial_20260421_1907.json
Nav score (mean cosine): 0.6657
Per-question:
  [0.6318] What is the current state of thread #318?
  [0.8085] What did Nate flag about keeper cycle burn today?
  [0.6047] What captures landed this afternoon and what connected them?
  [0.6180] What is the standing directive on Discord presence?
Trial: trial_20260421_2007.json
Nav score (mean cosine): 0.672
Per-question:
  [0.6427] What is the current state of thread #318?
  [0.7110] What did Nate flag about keeper cycle burn today?
  [0.6353] What captures landed this afternoon and what connected them?
  [0.6989] What is the standing directive on Discord presence?
Trial: trial_20260421_2107.json
Nav score (mean cosine): 0.5793
Per-question:
  [0.5456] What is the current state of thread #318?
  [0.6035] What did Nate flag about keeper cycle burn today?
  [0.5609] What captures landed this afternoon and what connected them?
  [0.6071] What is the standing directive on Discord presence?
Trial: trial_20260421_2207.json
Nav score (mean cosine): 0.6364
Per-question:
  [0.5838] What is the current state of thread #318?
  [0.6886] What did Nate flag about keeper cycle burn today?
  [0.6031] What captures landed this afternoon and what connected them?
  [0.6700] What is the standing directive on Discord presence?
Trial: trial_20260421_2307.json
Nav score (mean cosine): 0.604
Per-question:
  [0.5552] What is the current state of thread #318?
  [0.6603] What did Nate flag about keeper cycle burn today?
  [0.5707] What captures landed this afternoon and what connected them?
  [0.6300] What is the standing directive on Discord presence?
Trial: trial_20260422_0007.json
Nav score (mean cosine): 0.6037
Per-question:
  [0.5713] What is the current state of thread #318?
  [0.6166] What did Nate flag about keeper cycle burn today?
  [0.5769] What captures landed this afternoon and what connected them?
  [0.6498] What is the standing directive on Discord presence?
Trial: trial_20260422_0107.json
Nav score (mean cosine): 0.6037
Per-question:
  [0.5713] What is the current state of thread #318?
  [0.6166] What did Nate flag about keeper cycle burn today?
  [0.5769] What captures landed this afternoon and what connected them?
  [0.6498] What is the standing directive on Discord presence?
Trial: trial_20260422_0207.json
Nav score (mean cosine): 0.6595
Per-question:
  [0.6099] What is the current state of thread #318?
  [0.7086] What did Nate flag about keeper cycle burn today?
  [0.5910] What captures landed this afternoon and what connected them?
  [0.7287] What is the standing directive on Discord presence?
Trial: trial_20260422_0307.json
Nav score (mean cosine): 0.5627
Per-question:
  [0.5718] What is the current state of thread #318?
  [0.5463] What did Nate flag about keeper cycle burn today?
  [0.5018] What captures landed this afternoon and what connected them?
  [0.6308] What is the standing directive on Discord presence?
Trial: trial_20260422_0407.json
Nav score (mean cosine): 0.5545
Per-question:
  [0.5617] What is the current state of thread #318?
  [0.5500] What did Nate flag about keeper cycle burn today?
  [0.4880] What captures landed this afternoon and what connected them?
  [0.6182] What is the standing directive on Discord presence?
Trial: trial_20260422_0507.json
Nav score (mean cosine): 0.6885
Per-question:
  [0.7033] What is the current state of thread #318?
  [0.7287] What did Nate flag about keeper cycle burn today?
  [0.6202] What captures landed this afternoon and what connected them?
  [0.7020] What is the standing directive on Discord presence?
Trial: trial_20260422_0607.json
Nav score (mean cosine): 0.6568
Per-question:
  [0.6305] What is the current state of thread #318?
  [0.7362] What did Nate flag about keeper cycle burn today?
  [0.5782] What captures landed this afternoon and what connected them?
  [0.6825] What is the standing directive on Discord presence?
Traceback (most recent call last):
  File "/home/nate-agx/chronicle/bin/calibration_nav_score.py", line 138, in <module>
    mean, per_q = score_nav(tp)
  File "/home/nate-agx/chronicle/bin/calibration_nav_score.py", line 97, in score_nav
    cal_emb = embed(cal_text)
  File "/home/nate-agx/chronicle/bin/calibration_nav_score.py", line 42, in embed
    resp = urllib.request.urlopen(req, timeout=timeout)
  File "/usr/lib/python3.10/urllib/request.py", line 216, in urlopen
    return opener.open(url, data, timeout)
  File "/usr/lib/python3.10/urllib/request.py", line 519, in open
    response = self._open(req, data)
  File "/usr/lib/python3.10/urllib/request.py", line 536, in _open
    result = self._call_chain(self.handle_open, protocol, protocol +
  File "/usr/lib/python3.10/urllib/request.py", line 496, in _call_chain
    result = func(*args)
  File "/usr/lib/python3.10/urllib/request.py", line 1377, in http_open
    return self.do_open(http.client.HTTPConnection, req)
  File "/usr/lib/python3.10/urllib/request.py", line 1352, in do_open
    r = h.getresponse()
  File "/usr/lib/python3.10/http/client.py", line 1395, in getresponse
    response.begin()
  File "/usr/lib/python3.10/http/client.py", line 323, in begin
    version, status, reason = self._read_status()
  File "/usr/lib/python3.10/http/client.py", line 284, in _read_status
    line = str(self.fp.readline(_MAXLINE + 1), "iso-8859-1")
  File "/usr/lib/python3.10/socket.py", line 705, in readinto
    return self._sock.recv_into(b)
TimeoutError: timed out
Trial: trial_20260422_0807.json
Nav score (mean cosine): 0.6534
Per-question:
  [0.6407] What is the current state of thread #318?
  [0.7375] What did Nate flag about keeper cycle burn today?
  [0.5917] What captures landed this afternoon and what connected them?
  [0.6439] What is the standing directive on Discord presence?
Trial: trial_20260422_0907.json
Nav score (mean cosine): 0.604
Per-question:
  [0.5768] What is the current state of thread #318?
  [0.7000] What did Nate flag about keeper cycle burn today?
  [0.5629] What captures landed this afternoon and what connected them?
  [0.5763] What is the standing directive on Discord presence?
Trial: trial_20260422_1007.json
Nav score (mean cosine): 0.6445
Per-question:
  [0.6172] What is the current state of thread #318?
  [0.7011] What did Nate flag about keeper cycle burn today?
  [0.6250] What captures landed this afternoon and what connected them?
  [0.6346] What is the standing directive on Discord presence?
Trial: trial_20260422_1107.json
Nav score (mean cosine): 0.6821
Per-question:
  [0.6177] What is the current state of thread #318?
  [0.7623] What did Nate flag about keeper cycle burn today?
  [0.6844] What captures landed this afternoon and what connected them?
  [0.6638] What is the standing directive on Discord presence?
Traceback (most recent call last):
  File "/home/nate-agx/chronicle/bin/calibration_nav_score.py", line 138, in <module>
    mean, per_q = score_nav(tp)
  File "/home/nate-agx/chronicle/bin/calibration_nav_score.py", line 97, in score_nav
    cal_emb = embed(cal_text)
  File "/home/nate-agx/chronicle/bin/calibration_nav_score.py", line 42, in embed
    resp = urllib.request.urlopen(req, timeout=timeout)
  File "/usr/lib/python3.10/urllib/request.py", line 216, in urlopen
    return opener.open(url, data, timeout)
  File "/usr/lib/python3.10/urllib/request.py", line 519, in open
    response = self._open(req, data)
  File "/usr/lib/python3.10/urllib/request.py", line 536, in _open
    result = self._call_chain(self.handle_open, protocol, protocol +
  File "/usr/lib/python3.10/urllib/request.py", line 496, in _call_chain
    result = func(*args)
  File "/usr/lib/python3.10/urllib/request.py", line 1377, in http_open
    return self.do_open(http.client.HTTPConnection, req)
  File "/usr/lib/python3.10/urllib/request.py", line 1352, in do_open
    r = h.getresponse()
  File "/usr/lib/python3.10/http/client.py", line 1395, in getresponse
    response.begin()
  File "/usr/lib/python3.10/http/client.py", line 323, in begin
    version, status, reason = self._read_status()
  File "/usr/lib/python3.10/http/client.py", line 284, in _read_status
    line = str(self.fp.readline(_MAXLINE + 1), "iso-8859-1")
  File "/usr/lib/python3.10/socket.py", line 705, in readinto
    return self._sock.recv_into(b)
TimeoutError: timed out
Trial: trial_20260422_1307.json
Nav score (mean cosine): 0.6606
Per-question:
  [0.7595] What is the current state of thread #318?
  [0.7269] What did Nate flag about keeper cycle burn today?
  [0.5481] What captures landed this afternoon and what connected them?
  [0.6080] What is the standing directive on Discord presence?
Trial: trial_20260422_1407.json
Nav score (mean cosine): 0.6169
Per-question:
  [0.5809] What is the current state of thread #318?
  [0.6538] What did Nate flag about keeper cycle burn today?
  [0.5852] What captures landed this afternoon and what connected them?
  [0.6476] What is the standing directive on Discord presence?
Trial: trial_20260422_1507.json
Nav score (mean cosine): 0.68
Per-question:
  [0.6707] What is the current state of thread #318?
  [0.7713] What did Nate flag about keeper cycle burn today?
  [0.6015] What captures landed this afternoon and what connected them?
  [0.6764] What is the standing directive on Discord presence?
Traceback (most recent call last):
  File "/home/nate-agx/chronicle/bin/calibration_nav_score.py", line 138, in <module>
    mean, per_q = score_nav(tp)
  File "/home/nate-agx/chronicle/bin/calibration_nav_score.py", line 97, in score_nav
    cal_emb = embed(cal_text)
  File "/home/nate-agx/chronicle/bin/calibration_nav_score.py", line 42, in embed
    resp = urllib.request.urlopen(req, timeout=timeout)
  File "/usr/lib/python3.10/urllib/request.py", line 216, in urlopen
    return opener.open(url, data, timeout)
  File "/usr/lib/python3.10/urllib/request.py", line 519, in open
    response = self._open(req, data)
  File "/usr/lib/python3.10/urllib/request.py", line 536, in _open
    result = self._call_chain(self.handle_open, protocol, protocol +
  File "/usr/lib/python3.10/urllib/request.py", line 496, in _call_chain
    result = func(*args)
  File "/usr/lib/python3.10/urllib/request.py", line 1377, in http_open
    return self.do_open(http.client.HTTPConnection, req)
  File "/usr/lib/python3.10/urllib/request.py", line 1352, in do_open
    r = h.getresponse()
  File "/usr/lib/python3.10/http/client.py", line 1395, in getresponse
    response.begin()
  File "/usr/lib/python3.10/http/client.py", line 323, in begin
    version, status, reason = self._read_status()
  File "/usr/lib/python3.10/http/client.py", line 284, in _read_status
    line = str(self.fp.readline(_MAXLINE + 1), "iso-8859-1")
  File "/usr/lib/python3.10/socket.py", line 705, in readinto
    return self._sock.recv_into(b)
TimeoutError: timed out
Trial: trial_20260422_1707.json
Nav score (mean cosine): 0.6336
Per-question:
  [0.5669] What is the current state of thread #318?
  [0.7016] What did Nate flag about keeper cycle burn today?
  [0.6281] What captures landed this afternoon and what connected them?
  [0.6377] What is the standing directive on Discord presence?
Trial: trial_20260422_1807.json
Nav score (mean cosine): 0.6783
Per-question:
  [0.6410] What is the current state of thread #318?
  [0.7856] What did Nate flag about keeper cycle burn today?
  [0.6400] What captures landed this afternoon and what connected them?
  [0.6466] What is the standing directive on Discord presence?
Trial: trial_20260422_1907.json
Nav score (mean cosine): 0.5869
Per-question:
  [0.6031] What is the current state of thread #318?
  [0.6168] What did Nate flag about keeper cycle burn today?
  [0.5491] What captures landed this afternoon and what connected them?
  [0.5786] What is the standing directive on Discord presence?
Trial: trial_20260422_2007.json
Nav score (mean cosine): 0.6686
Per-question:
  [0.6456] What is the current state of thread #318?
  [0.7632] What did Nate flag about keeper cycle burn today?
  [0.6407] What captures landed this afternoon and what connected them?
  [0.6248] What is the standing directive on Discord presence?
Trial: trial_20260422_2107.json
Nav score (mean cosine): 0.6357
Per-question:
  [0.6242] What is the current state of thread #318?
  [0.6972] What did Nate flag about keeper cycle burn today?
  [0.6106] What captures landed this afternoon and what connected them?
  [0.6106] What is the standing directive on Discord presence?
Trial: trial_20260422_2207.json
Nav score (mean cosine): 0.589
Per-question:
  [0.6127] What is the current state of thread #318?
  [0.6142] What did Nate flag about keeper cycle burn today?
  [0.5296] What captures landed this afternoon and what connected them?
  [0.5994] What is the standing directive on Discord presence?
Trial: trial_20260422_2307.json
Nav score (mean cosine): 0.5504
Per-question:
  [0.5627] What is the current state of thread #318?
  [0.5323] What did Nate flag about keeper cycle burn today?
  [0.5533] What captures landed this afternoon and what connected them?
  [0.5533] What is the standing directive on Discord presence?
Trial: trial_20260423_0007.json
Nav score (mean cosine): 0.5544
Per-question:
  [0.5689] What is the current state of thread #318?
  [0.5377] What did Nate flag about keeper cycle burn today?
  [0.5555] What captures landed this afternoon and what connected them?
  [0.5555] What is the standing directive on Discord presence?
Trial: trial_20260423_0107.json
Nav score (mean cosine): 0.5544
Per-question:
  [0.5689] What is the current state of thread #318?
  [0.5377] What did Nate flag about keeper cycle burn today?
  [0.5555] What captures landed this afternoon and what connected them?
  [0.5555] What is the standing directive on Discord presence?
Trial: trial_20260423_0207.json
Nav score (mean cosine): 0.5544
Per-question:
  [0.5689] What is the current state of thread #318?
  [0.5377] What did Nate flag about keeper cycle burn today?
  [0.5555] What captures landed this afternoon and what connected them?
  [0.5555] What is the standing directive on Discord presence?
Trial: trial_20260423_0307.json
Nav score (mean cosine): 0.636
Per-question:
  [0.5669] What is the current state of thread #318?
  [0.7016] What did Nate flag about keeper cycle burn today?
  [0.6377] What captures landed this afternoon and what connected them?
  [0.6377] What is the standing directive on Discord presence?
Trial: trial_20260423_0407.json
Nav score (mean cosine): 0.6517
Per-question:
  [0.6618] What is the current state of thread #318?
  [0.7277] What did Nate flag about keeper cycle burn today?
  [0.6087] What captures landed this afternoon and what connected them?
  [0.6087] What is the standing directive on Discord presence?
Trial: trial_20260423_0507.json
Nav score (mean cosine): 0.5385
Per-question:
  [0.5474] What is the current state of thread #318?
  [0.5751] What did Nate flag about keeper cycle burn today?
  [0.5158] What captures landed this afternoon and what connected them?
  [0.5158] What is the standing directive on Discord presence?
Trial: trial_20260423_0607.json
Nav score (mean cosine): 0.6095
Per-question:
  [0.5818] What is the current state of thread #318?
  [0.6678] What did Nate flag about keeper cycle burn today?
  [0.5941] What captures landed this afternoon and what connected them?
  [0.5941] What is the standing directive on Discord presence?
Trial: trial_20260423_0707.json
Nav score (mean cosine): 0.636
Per-question:
  [0.5669] What is the current state of thread #318?
  [0.7016] What did Nate flag about keeper cycle burn today?
  [0.6377] What captures landed this afternoon and what connected them?
  [0.6377] What is the standing directive on Discord presence?
Trial: trial_20260423_0807.json
Nav score (mean cosine): 0.7021
Per-question:
  [0.6467] What is the current state of thread #318?
  [0.7480] What did Nate flag about keeper cycle burn today?
  [0.6847] What captures landed this afternoon and what connected them?
  [0.7291] What is the standing directive on Discord presence?
Traceback (most recent call last):
  File "/home/nate-agx/chronicle/bin/calibration_nav_score.py", line 138, in <module>
    mean, per_q = score_nav(tp)
  File "/home/nate-agx/chronicle/bin/calibration_nav_score.py", line 97, in score_nav
    cal_emb = embed(cal_text)
  File "/home/nate-agx/chronicle/bin/calibration_nav_score.py", line 42, in embed
    resp = urllib.request.urlopen(req, timeout=timeout)
  File "/usr/lib/python3.10/urllib/request.py", line 216, in urlopen
    return opener.open(url, data, timeout)
  File "/usr/lib/python3.10/urllib/request.py", line 519, in open
    response = self._open(req, data)
  File "/usr/lib/python3.10/urllib/request.py", line 536, in _open
    result = self._call_chain(self.handle_open, protocol, protocol +
  File "/usr/lib/python3.10/urllib/request.py", line 496, in _call_chain
    result = func(*args)
  File "/usr/lib/python3.10/urllib/request.py", line 1377, in http_open
    return self.do_open(http.client.HTTPConnection, req)
  File "/usr/lib/python3.10/urllib/request.py", line 1352, in do_open
    r = h.getresponse()
  File "/usr/lib/python3.10/http/client.py", line 1395, in getresponse
    response.begin()
  File "/usr/lib/python3.10/http/client.py", line 323, in begin
    version, status, reason = self._read_status()
  File "/usr/lib/python3.10/http/client.py", line 284, in _read_status
    line = str(self.fp.readline(_MAXLINE + 1), "iso-8859-1")
  File "/usr/lib/python3.10/socket.py", line 705, in readinto
    return self._sock.recv_into(b)
TimeoutError: timed out
Trial: trial_20260423_1007.json
Nav score (mean cosine): 0.641
Per-question:
  [0.5846] What is the current state of thread #318?
  [0.6612] What did Nate flag about keeper cycle burn today?
  [0.6960] What captures landed this afternoon and what connected them?
  [0.6221] What is the standing directive on Discord presence?
Trial: trial_20260423_1107.json
Nav score (mean cosine): 0.6385
Per-question:
  [0.6405] What is the current state of thread #318?
  [0.6258] What did Nate flag about keeper cycle burn today?
  [0.6211] What captures landed this afternoon and what connected them?
  [0.6666] What is the standing directive on Discord presence?
Trial: trial_20260423_1207.json
Nav score (mean cosine): 0.631
Per-question:
  [0.6236] What is the current state of thread #318?
  [0.6347] What did Nate flag about keeper cycle burn today?
  [0.5576] What captures landed this afternoon and what connected them?
  [0.7080] What is the standing directive on Discord presence?
Trial: trial_20260423_1307.json
Nav score (mean cosine): 0.619
Per-question:
  [0.6283] What is the current state of thread #318?
  [0.6287] What did Nate flag about keeper cycle burn today?
  [0.5523] What captures landed this afternoon and what connected them?
  [0.6666] What is the standing directive on Discord presence?
Trial: trial_20260423_1407.json
Nav score (mean cosine): 0.548
Per-question:
  [0.5665] What is the current state of thread #318?
  [0.5559] What did Nate flag about keeper cycle burn today?
  [0.5073] What captures landed this afternoon and what connected them?
  [0.5624] What is the standing directive on Discord presence?
Trial: trial_20260423_1507.json
Nav score (mean cosine): 0.6261
Per-question:
  [0.6334] What is the current state of thread #318?
  [0.6329] What did Nate flag about keeper cycle burn today?
  [0.6045] What captures landed this afternoon and what connected them?
  [0.6336] What is the standing directive on Discord presence?
Trial: trial_20260423_1607.json
Nav score (mean cosine): 0.6129
Per-question:
  [0.6067] What is the current state of thread #318?
  [0.5688] What did Nate flag about keeper cycle burn today?
  [0.6158] What captures landed this afternoon and what connected them?
  [0.6602] What is the standing directive on Discord presence?
Trial: trial_20260423_1707.json
Nav score (mean cosine): 0.6226
Per-question:
  [0.6001] What is the current state of thread #318?
  [0.5907] What did Nate flag about keeper cycle burn today?
  [0.6219] What captures landed this afternoon and what connected them?
  [0.6778] What is the standing directive on Discord presence?
Trial: trial_20260423_1807.json
Nav score (mean cosine): 0.5441
Per-question:
  [0.5508] What is the current state of thread #318?
  [0.5110] What did Nate flag about keeper cycle burn today?
  [0.5208] What captures landed this afternoon and what connected them?
  [0.5937] What is the standing directive on Discord presence?
Trial: trial_20260423_1907.json
Nav score (mean cosine): 0.6226
Per-question:
  [0.6001] What is the current state of thread #318?
  [0.5907] What did Nate flag about keeper cycle burn today?
  [0.6219] What captures landed this afternoon and what connected them?
  [0.6778] What is the standing directive on Discord presence?
Trial: trial_20260423_2007.json
Nav score (mean cosine): 0.6153
Per-question:
  [0.6456] What is the current state of thread #318?
  [0.5935] What did Nate flag about keeper cycle burn today?
  [0.5931] What captures landed this afternoon and what connected them?
  [0.6288] What is the standing directive on Discord presence?
Trial: trial_20260423_2107.json
Nav score (mean cosine): 0.6084
Per-question:
  [0.6525] What is the current state of thread #318?
  [0.5812] What did Nate flag about keeper cycle burn today?
  [0.5307] What captures landed this afternoon and what connected them?
  [0.6694] What is the standing directive on Discord presence?
Trial: trial_20260423_2207.json
Nav score (mean cosine): 0.6176
Per-question:
  [0.6560] What is the current state of thread #318?
  [0.6492] What did Nate flag about keeper cycle burn today?
  [0.5394] What captures landed this afternoon and what connected them?
  [0.6258] What is the standing directive on Discord presence?
Trial: trial_20260423_2307.json
Nav score (mean cosine): 0.586
Per-question:
  [0.6316] What is the current state of thread #318?
  [0.6009] What did Nate flag about keeper cycle burn today?
  [0.5237] What captures landed this afternoon and what connected them?
  [0.5878] What is the standing directive on Discord presence?
Trial: trial_20260424_0007.json
Nav score (mean cosine): 0.5601
Per-question:
  [0.5443] What is the current state of thread #318?
  [0.6146] What did Nate flag about keeper cycle burn today?
  [0.5198] What captures landed this afternoon and what connected them?
  [0.5618] What is the standing directive on Discord presence?
Trial: trial_20260424_0107.json
Nav score (mean cosine): 0.5601
Per-question:
  [0.5443] What is the current state of thread #318?
  [0.6146] What did Nate flag about keeper cycle burn today?
  [0.5198] What captures landed this afternoon and what connected them?
  [0.5618] What is the standing directive on Discord presence?
Trial: trial_20260424_0207.json
Nav score (mean cosine): 0.6733
Per-question:
  [0.7056] What is the current state of thread #318?
  [0.6541] What did Nate flag about keeper cycle burn today?
  [0.6236] What captures landed this afternoon and what connected them?
  [0.7098] What is the standing directive on Discord presence?
Trial: trial_20260424_0307.json
Nav score (mean cosine): 0.5828
Per-question:
  [0.6053] What is the current state of thread #318?
  [0.6013] What did Nate flag about keeper cycle burn today?
  [0.5280] What captures landed this afternoon and what connected them?
  [0.5966] What is the standing directive on Discord presence?
Trial: trial_20260424_0407.json
Nav score (mean cosine): 0.575
Per-question:
  [0.5928] What is the current state of thread #318?
  [0.6086] What did Nate flag about keeper cycle burn today?
  [0.5160] What captures landed this afternoon and what connected them?
  [0.5824] What is the standing directive on Discord presence?
Trial: trial_20260424_0507.json
Nav score (mean cosine): 0.622
Per-question:
  [0.6805] What is the current state of thread #318?
  [0.5979] What did Nate flag about keeper cycle burn today?
  [0.5076] What captures landed this afternoon and what connected them?
  [0.7022] What is the standing directive on Discord presence?
Trial: trial_20260424_0607.json
Nav score (mean cosine): 0.5521
Per-question:
  [0.5569] What is the current state of thread #318?
  [0.5945] What did Nate flag about keeper cycle burn today?
  [0.4869] What captures landed this afternoon and what connected them?
  [0.5701] What is the standing directive on Discord presence?
Trial: trial_20260424_0707.json
Nav score (mean cosine): 0.6268
Per-question:
  [0.6301] What is the current state of thread #318?
  [0.6516] What did Nate flag about keeper cycle burn today?
  [0.6176] What captures landed this afternoon and what connected them?
  [0.6079] What is the standing directive on Discord presence?
Traceback (most recent call last):
  File "/home/nate-agx/chronicle/bin/calibration_nav_score.py", line 138, in <module>
    mean, per_q = score_nav(tp)
  File "/home/nate-agx/chronicle/bin/calibration_nav_score.py", line 97, in score_nav
    cal_emb = embed(cal_text)
  File "/home/nate-agx/chronicle/bin/calibration_nav_score.py", line 42, in embed
    resp = urllib.request.urlopen(req, timeout=timeout)
  File "/usr/lib/python3.10/urllib/request.py", line 216, in urlopen
    return opener.open(url, data, timeout)
  File "/usr/lib/python3.10/urllib/request.py", line 519, in open
    response = self._open(req, data)
  File "/usr/lib/python3.10/urllib/request.py", line 536, in _open
    result = self._call_chain(self.handle_open, protocol, protocol +
  File "/usr/lib/python3.10/urllib/request.py", line 496, in _call_chain
    result = func(*args)
  File "/usr/lib/python3.10/urllib/request.py", line 1377, in http_open
    return self.do_open(http.client.HTTPConnection, req)
  File "/usr/lib/python3.10/urllib/request.py", line 1352, in do_open
    r = h.getresponse()
  File "/usr/lib/python3.10/http/client.py", line 1395, in getresponse
    response.begin()
  File "/usr/lib/python3.10/http/client.py", line 323, in begin
    version, status, reason = self._read_status()
  File "/usr/lib/python3.10/http/client.py", line 284, in _read_status
    line = str(self.fp.readline(_MAXLINE + 1), "iso-8859-1")
  File "/usr/lib/python3.10/socket.py", line 705, in readinto
    return self._sock.recv_into(b)
TimeoutError: timed out
Trial: trial_20260424_0907.json
Nav score (mean cosine): 0.6156
Per-question:
  [0.6106] What is the current state of thread #318?
  [0.5726] What did Nate flag about keeper cycle burn today?
  [0.6227] What captures landed this afternoon and what connected them?
  [0.6566] What is the standing directive on Discord presence?
Trial: trial_20260424_1007.json
Nav score (mean cosine): 0.6345
Per-question:
  [0.6068] What is the current state of thread #318?
  [0.6201] What did Nate flag about keeper cycle burn today?
  [0.7176] What captures landed this afternoon and what connected them?
  [0.5933] What is the standing directive on Discord presence?
Trial: trial_20260424_1107.json
Nav score (mean cosine): 0.6522
Per-question:
  [0.6104] What is the current state of thread #318?
  [0.6805] What did Nate flag about keeper cycle burn today?
  [0.7056] What captures landed this afternoon and what connected them?
  [0.6122] What is the standing directive on Discord presence?
Trial: trial_20260424_1207.json
Nav score (mean cosine): 0.6243
Per-question:
  [0.5982] What is the current state of thread #318?
  [0.6507] What did Nate flag about keeper cycle burn today?
  [0.6190] What captures landed this afternoon and what connected them?
  [0.6293] What is the standing directive on Discord presence?
Trial: trial_20260424_1307.json
Nav score (mean cosine): 0.6195
Per-question:
  [0.6850] What is the current state of thread #318?
  [0.6600] What did Nate flag about keeper cycle burn today?
  [0.5508] What captures landed this afternoon and what connected them?
  [0.5823] What is the standing directive on Discord presence?
Trial: trial_20260424_1407.json
Nav score (mean cosine): 0.6018
Per-question:
  [0.6671] What is the current state of thread #318?
  [0.6601] What did Nate flag about keeper cycle burn today?
  [0.5165] What captures landed this afternoon and what connected them?
  [0.5635] What is the standing directive on Discord presence?
Trial: trial_20260424_1507.json
Nav score (mean cosine): 0.6778
Per-question:
  [0.7068] What is the current state of thread #318?
  [0.6970] What did Nate flag about keeper cycle burn today?
  [0.6194] What captures landed this afternoon and what connected them?
  [0.6881] What is the standing directive on Discord presence?
Trial: trial_20260424_1607.json
Nav score (mean cosine): 0.6944
Per-question:
  [0.6978] What is the current state of thread #318?
  [0.7208] What did Nate flag about keeper cycle burn today?
  [0.6413] What captures landed this afternoon and what connected them?
  [0.7176] What is the standing directive on Discord presence?
Trial: trial_20260424_1707.json
Nav score (mean cosine): 0.6431
Per-question:
  [0.6090] What is the current state of thread #318?
  [0.6515] What did Nate flag about keeper cycle burn today?
  [0.6950] What captures landed this afternoon and what connected them?
  [0.6171] What is the standing directive on Discord presence?
Trial: trial_20260424_1807.json
Nav score (mean cosine): 0.6506
Per-question:
  [0.5682] What is the current state of thread #318?
  [0.6656] What did Nate flag about keeper cycle burn today?
  [0.7112] What captures landed this afternoon and what connected them?
  [0.6573] What is the standing directive on Discord presence?
Trial: trial_20260424_1907.json
Nav score (mean cosine): 0.7001
Per-question:
  [0.6675] What is the current state of thread #318?
  [0.7882] What did Nate flag about keeper cycle burn today?
  [0.7159] What captures landed this afternoon and what connected them?
  [0.6289] What is the standing directive on Discord presence?
Trial: trial_20260424_2007.json
Nav score (mean cosine): 0.67
Per-question:
  [0.6182] What is the current state of thread #318?
  [0.7013] What did Nate flag about keeper cycle burn today?
  [0.7189] What captures landed this afternoon and what connected them?
  [0.6417] What is the standing directive on Discord presence?
Trial: trial_20260424_2107.json
Nav score (mean cosine): 0.5842
Per-question:
  [0.6094] What is the current state of thread #318?
  [0.6332] What did Nate flag about keeper cycle burn today?
  [0.5203] What captures landed this afternoon and what connected them?
  [0.5741] What is the standing directive on Discord presence?
Trial: trial_20260424_2207.json
Nav score (mean cosine): 0.6047
Per-question:
  [0.6193] What is the current state of thread #318?
  [0.6683] What did Nate flag about keeper cycle burn today?
  [0.5444] What captures landed this afternoon and what connected them?
  [0.5870] What is the standing directive on Discord presence?
Trial: trial_20260424_2307.json
Nav score (mean cosine): 0.6726
Per-question:
  [0.6143] What is the current state of thread #318?
  [0.7474] What did Nate flag about keeper cycle burn today?
  [0.7474] What captures landed this afternoon and what connected them?
  [0.5815] What is the standing directive on Discord presence?
Trial: trial_20260425_0007.json
Nav score (mean cosine): 0.5948
Per-question:
  [0.5244] What is the current state of thread #318?
  [0.6888] What did Nate flag about keeper cycle burn today?
  [0.6888] What captures landed this afternoon and what connected them?
  [0.4773] What is the standing directive on Discord presence?
Trial: trial_20260425_0107.json
Nav score (mean cosine): 0.5948
Per-question:
  [0.5244] What is the current state of thread #318?
  [0.6888] What did Nate flag about keeper cycle burn today?
  [0.6888] What captures landed this afternoon and what connected them?
  [0.4773] What is the standing directive on Discord presence?
Trial: trial_20260425_0207.json
Nav score (mean cosine): 0.5507
Per-question:
  [0.5244] What is the current state of thread #318?
  [0.6320] What did Nate flag about keeper cycle burn today?
  [0.5691] What captures landed this afternoon and what connected them?
  [0.4773] What is the standing directive on Discord presence?
Trial: trial_20260425_0307.json
Nav score (mean cosine): 0.5731
Per-question:
  [0.5658] What is the current state of thread #318?
  [0.6802] What did Nate flag about keeper cycle burn today?
  [0.5233] What captures landed this afternoon and what connected them?
  [0.5233] What is the standing directive on Discord presence?
Trial: trial_20260425_0407.json
Nav score (mean cosine): 0.5948
Per-question:
  [0.5495] What is the current state of thread #318?
  [0.6524] What did Nate flag about keeper cycle burn today?
  [0.5739] What captures landed this afternoon and what connected them?
  [0.6034] What is the standing directive on Discord presence?
Trial: trial_20260425_0507.json
Nav score (mean cosine): 0.57
Per-question:
  [0.5353] What is the current state of thread #318?
  [0.6278] What did Nate flag about keeper cycle burn today?
  [0.5332] What captures landed this afternoon and what connected them?
  [0.5836] What is the standing directive on Discord presence?
Trial: trial_20260425_0607.json
Nav score (mean cosine): 0.5778
Per-question:
  [0.5637] What is the current state of thread #318?
  [0.6273] What did Nate flag about keeper cycle burn today?
  [0.5229] What captures landed this afternoon and what connected them?
  [0.5972] What is the standing directive on Discord presence?
Traceback (most recent call last):
  File "/home/nate-agx/chronicle/bin/calibration_nav_score.py", line 138, in <module>
    mean, per_q = score_nav(tp)
  File "/home/nate-agx/chronicle/bin/calibration_nav_score.py", line 97, in score_nav
    cal_emb = embed(cal_text)
  File "/home/nate-agx/chronicle/bin/calibration_nav_score.py", line 42, in embed
    resp = urllib.request.urlopen(req, timeout=timeout)
  File "/usr/lib/python3.10/urllib/request.py", line 216, in urlopen
    return opener.open(url, data, timeout)
  File "/usr/lib/python3.10/urllib/request.py", line 519, in open
    response = self._open(req, data)
  File "/usr/lib/python3.10/urllib/request.py", line 536, in _open
    result = self._call_chain(self.handle_open, protocol, protocol +
  File "/usr/lib/python3.10/urllib/request.py", line 496, in _call_chain
    result = func(*args)
  File "/usr/lib/python3.10/urllib/request.py", line 1377, in http_open
    return self.do_open(http.client.HTTPConnection, req)
  File "/usr/lib/python3.10/urllib/request.py", line 1352, in do_open
    r = h.getresponse()
  File "/usr/lib/python3.10/http/client.py", line 1395, in getresponse
    response.begin()
  File "/usr/lib/python3.10/http/client.py", line 323, in begin
    version, status, reason = self._read_status()
  File "/usr/lib/python3.10/http/client.py", line 284, in _read_status
    line = str(self.fp.readline(_MAXLINE + 1), "iso-8859-1")
  File "/usr/lib/python3.10/socket.py", line 705, in readinto
    return self._sock.recv_into(b)
TimeoutError: timed out
Trial: trial_20260425_0807.json
Nav score (mean cosine): 0.6563
Per-question:
  [0.6555] What is the current state of thread #318?
  [0.7150] What did Nate flag about keeper cycle burn today?
  [0.5952] What captures landed this afternoon and what connected them?
  [0.6594] What is the standing directive on Discord presence?
Trial: trial_20260425_0907.json
Nav score (mean cosine): 0.6709
Per-question:
  [0.6500] What is the current state of thread #318?
  [0.7415] What did Nate flag about keeper cycle burn today?
  [0.6534] What captures landed this afternoon and what connected them?
  [0.6386] What is the standing directive on Discord presence?
Trial: trial_20260425_1007.json
Nav score (mean cosine): 0.5717
Per-question:
  [0.5919] What is the current state of thread #318?
  [0.6113] What did Nate flag about keeper cycle burn today?
  [0.5419] What captures landed this afternoon and what connected them?
  [0.5419] What is the standing directive on Discord presence?
Trial: trial_20260425_1107.json
Nav score (mean cosine): 0.6259
Per-question:
  [0.5779] What is the current state of thread #318?
  [0.6713] What did Nate flag about keeper cycle burn today?
  [0.5555] What captures landed this afternoon and what connected them?
  [0.6989] What is the standing directive on Discord presence?
Trial: trial_20260425_1207.json
Nav score (mean cosine): 0.6174
Per-question:
  [0.6152] What is the current state of thread #318?
  [0.5846] What did Nate flag about keeper cycle burn today?
  [0.5682] What captures landed this afternoon and what connected them?
  [0.7015] What is the standing directive on Discord presence?
Trial: trial_20260425_1307.json
Nav score (mean cosine): 0.6181
Per-question:
  [0.6418] What is the current state of thread #318?
  [0.5867] What did Nate flag about keeper cycle burn today?
  [0.5780] What captures landed this afternoon and what connected them?
  [0.6658] What is the standing directive on Discord presence?
Trial: trial_20260425_1407.json
Nav score (mean cosine): 0.6439
Per-question:
  [0.6227] What is the current state of thread #318?
  [0.6435] What did Nate flag about keeper cycle burn today?
  [0.5798] What captures landed this afternoon and what connected them?
  [0.7294] What is the standing directive on Discord presence?
Trial: trial_20260425_1507.json
Nav score (mean cosine): 0.6188
Per-question:
  [0.5877] What is the current state of thread #318?
  [0.6566] What did Nate flag about keeper cycle burn today?
  [0.6344] What captures landed this afternoon and what connected them?
  [0.5967] What is the standing directive on Discord presence?
Trial: trial_20260425_1607.json
Nav score (mean cosine): 0.6452
Per-question:
  [0.6344] What is the current state of thread #318?
  [0.6702] What did Nate flag about keeper cycle burn today?
  [0.6865] What captures landed this afternoon and what connected them?
  [0.5895] What is the standing directive on Discord presence?
Trial: trial_20260425_1707.json
Nav score (mean cosine): 0.6634
Per-question:
  [0.6734] What is the current state of thread #318?
  [0.6928] What did Nate flag about keeper cycle burn today?
  [0.6379] What captures landed this afternoon and what connected them?
  [0.6493] What is the standing directive on Discord presence?
Trial: trial_20260425_1807.json
Nav score (mean cosine): 0.6109
Per-question:
  [0.6071] What is the current state of thread #318?
  [0.6551] What did Nate flag about keeper cycle burn today?
  [0.6341] What captures landed this afternoon and what connected them?
  [0.5474] What is the standing directive on Discord presence?
Trial: trial_20260425_1907.json
Nav score (mean cosine): 0.6528
Per-question:
  [0.6684] What is the current state of thread #318?
  [0.6684] What did Nate flag about keeper cycle burn today?
  [0.6834] What captures landed this afternoon and what connected them?
  [0.5909] What is the standing directive on Discord presence?
Trial: trial_20260425_2007.json
Nav score (mean cosine): 0.5342
Per-question:
  [0.4964] What is the current state of thread #318?
  [0.5290] What did Nate flag about keeper cycle burn today?
  [0.6080] What captures landed this afternoon and what connected them?
  [0.5032] What is the standing directive on Discord presence?
Trial: trial_20260425_2107.json
Nav score (mean cosine): 0.5728
Per-question:
  [0.5423] What is the current state of thread #318?
  [0.6602] What did Nate flag about keeper cycle burn today?
  [0.5725] What captures landed this afternoon and what connected them?
  [0.5160] What is the standing directive on Discord presence?
Trial: trial_20260425_2207.json
Nav score (mean cosine): 0.5651
Per-question:
  [0.5386] What is the current state of thread #318?
  [0.6255] What did Nate flag about keeper cycle burn today?
  [0.5903] What captures landed this afternoon and what connected them?
  [0.5061] What is the standing directive on Discord presence?
Trial: trial_20260425_2307.json
Nav score (mean cosine): 0.5627
Per-question:
  [0.5281] What is the current state of thread #318?
  [0.7384] What did Nate flag about keeper cycle burn today?
  [0.4922] What captures landed this afternoon and what connected them?
  [0.4922] What is the standing directive on Discord presence?
Trial: trial_20260426_0007.json
Nav score (mean cosine): 0.5449
Per-question:
  [0.5281] What is the current state of thread #318?
  [0.6672] What did Nate flag about keeper cycle burn today?
  [0.4922] What captures landed this afternoon and what connected them?
  [0.4922] What is the standing directive on Discord presence?
Trial: trial_20260426_0107.json
Nav score (mean cosine): 0.5207
Per-question:
  [0.5281] What is the current state of thread #318?
  [0.5702] What did Nate flag about keeper cycle burn today?
  [0.4922] What captures landed this afternoon and what connected them?
  [0.4922] What is the standing directive on Discord presence?
Trial: trial_20260426_0207.json
Nav score (mean cosine): 0.639
Per-question:
  [0.5964] What is the current state of thread #318?
  [0.8116] What did Nate flag about keeper cycle burn today?
  [0.5739] What captures landed this afternoon and what connected them?
  [0.5739] What is the standing directive on Discord presence?
Trial: trial_20260426_0307.json
Nav score (mean cosine): 0.5688
Per-question:
  [0.5478] What is the current state of thread #318?
  [0.7150] What did Nate flag about keeper cycle burn today?
  [0.5063] What captures landed this afternoon and what connected them?
  [0.5063] What is the standing directive on Discord presence?
Trial: trial_20260426_0407.json
Nav score (mean cosine): 0.5688
Per-question:
  [0.5478] What is the current state of thread #318?
  [0.7150] What did Nate flag about keeper cycle burn today?
  [0.5063] What captures landed this afternoon and what connected them?
  [0.5063] What is the standing directive on Discord presence?
Trial: trial_20260426_0507.json
Nav score (mean cosine): 0.5672
Per-question:
  [0.5723] What is the current state of thread #318?
  [0.6225] What did Nate flag about keeper cycle burn today?
  [0.5369] What captures landed this afternoon and what connected them?
  [0.5369] What is the standing directive on Discord presence?
Trial: trial_20260426_0607.json
Nav score (mean cosine): 0.5754
Per-question:
  [0.5995] What is the current state of thread #318?
  [0.5818] What did Nate flag about keeper cycle burn today?
  [0.5602] What captures landed this afternoon and what connected them?
  [0.5602] What is the standing directive on Discord presence?
Trial: trial_20260426_0707.json
Nav score (mean cosine): 0.6402
Per-question:
  [0.6138] What is the current state of thread #318?
  [0.6885] What did Nate flag about keeper cycle burn today?
  [0.6292] What captures landed this afternoon and what connected them?
  [0.6292] What is the standing directive on Discord presence?
Trial: trial_20260426_0807.json
Nav score (mean cosine): 0.6246
Per-question:
  [0.6255] What is the current state of thread #318?
  [0.6538] What did Nate flag about keeper cycle burn today?
  [0.6095] What captures landed this afternoon and what connected them?
  [0.6095] What is the standing directive on Discord presence?
Trial: trial_20260426_0907.json
Nav score (mean cosine): 0.5896
Per-question:
  [0.6250] What is the current state of thread #318?
  [0.5863] What did Nate flag about keeper cycle burn today?
  [0.5736] What captures landed this afternoon and what connected them?
  [0.5736] What is the standing directive on Discord presence?
Trial: trial_20260426_1007.json
Nav score (mean cosine): 0.5822
Per-question:
  [0.5952] What is the current state of thread #318?
  [0.5568] What did Nate flag about keeper cycle burn today?
  [0.5885] What captures landed this afternoon and what connected them?
  [0.5885] What is the standing directive on Discord presence?
Trial: trial_20260426_1107.json
Nav score (mean cosine): 0.525
Per-question:
  [0.5410] What is the current state of thread #318?
  [0.5198] What did Nate flag about keeper cycle burn today?
  [0.5068] What captures landed this afternoon and what connected them?
  [0.5324] What is the standing directive on Discord presence?
Trial: trial_20260426_1207.json
Nav score (mean cosine): 0.5784
Per-question:
  [0.6098] What is the current state of thread #318?
  [0.5845] What did Nate flag about keeper cycle burn today?
  [0.5511] What captures landed this afternoon and what connected them?
  [0.5683] What is the standing directive on Discord presence?
Trial: trial_20260426_1307.json
Nav score (mean cosine): 0.6059
Per-question:
  [0.6435] What is the current state of thread #318?
  [0.6163] What did Nate flag about keeper cycle burn today?
  [0.5616] What captures landed this afternoon and what connected them?
  [0.6021] What is the standing directive on Discord presence?
Trial: trial_20260426_1407.json
Nav score (mean cosine): 0.5936
Per-question:
  [0.6532] What is the current state of thread #318?
  [0.6791] What did Nate flag about keeper cycle burn today?
  [0.4894] What captures landed this afternoon and what connected them?
  [0.5525] What is the standing directive on Discord presence?
Trial: trial_20260426_1507.json
Nav score (mean cosine): 0.588
Per-question:
  [0.6265] What is the current state of thread #318?
  [0.5811] What did Nate flag about keeper cycle burn today?
  [0.5723] What captures landed this afternoon and what connected them?
  [0.5723] What is the standing directive on Discord presence?
Trial: trial_20260426_1607.json
Nav score (mean cosine): 0.5272
Per-question:
  [0.5477] What is the current state of thread #318?
  [0.5056] What did Nate flag about keeper cycle burn today?
  [0.5268] What captures landed this afternoon and what connected them?
  [0.5287] What is the standing directive on Discord presence?
Trial: trial_20260426_1707.json
Nav score (mean cosine): 0.6288
Per-question:
  [0.6068] What is the current state of thread #318?
  [0.6320] What did Nate flag about keeper cycle burn today?
  [0.6063] What captures landed this afternoon and what connected them?
  [0.6700] What is the standing directive on Discord presence?
Trial: trial_20260426_1807.json
Nav score (mean cosine): 0.6405
Per-question:
  [0.6781] What is the current state of thread #318?
  [0.6390] What did Nate flag about keeper cycle burn today?
  [0.6052] What captures landed this afternoon and what connected them?
  [0.6399] What is the standing directive on Discord presence?
Trial: trial_20260426_1907.json
Nav score (mean cosine): 0.6945
Per-question:
  [0.7054] What is the current state of thread #318?
  [0.6762] What did Nate flag about keeper cycle burn today?
  [0.7156] What captures landed this afternoon and what connected them?
  [0.6807] What is the standing directive on Discord presence?
Trial: trial_20260426_2007.json
Nav score (mean cosine): 0.6317
Per-question:
  [0.6403] What is the current state of thread #318?
  [0.6910] What did Nate flag about keeper cycle burn today?
  [0.6368] What captures landed this afternoon and what connected them?
  [0.5585] What is the standing directive on Discord presence?
Trial: trial_20260426_2107.json
Nav score (mean cosine): 0.6028
Per-question:
  [0.6253] What is the current state of thread #318?
  [0.6537] What did Nate flag about keeper cycle burn today?
  [0.5756] What captures landed this afternoon and what connected them?
  [0.5567] What is the standing directive on Discord presence?
Trial: trial_20260426_2207.json
Nav score (mean cosine): 0.5312
Per-question:
  [0.5226] What is the current state of thread #318?
  [0.6069] What did Nate flag about keeper cycle burn today?
  [0.4977] What captures landed this afternoon and what connected them?
  [0.4976] What is the standing directive on Discord presence?
Trial: trial_20260426_2307.json
Nav score (mean cosine): 0.5674
Per-question:
  [0.5346] What is the current state of thread #318?
  [0.6157] What did Nate flag about keeper cycle burn today?
  [0.5182] What captures landed this afternoon and what connected them?
  [0.6011] What is the standing directive on Discord presence?
Trial: trial_20260427_0007.json
Nav score (mean cosine): 0.5519
Per-question:
  [0.5226] What is the current state of thread #318?
  [0.6106] What did Nate flag about keeper cycle burn today?
  [0.4977] What captures landed this afternoon and what connected them?
  [0.5769] What is the standing directive on Discord presence?
Trial: trial_20260427_0107.json
Nav score (mean cosine): 0.5738
Per-question:
  [0.5430] What is the current state of thread #318?
  [0.6120] What did Nate flag about keeper cycle burn today?
  [0.5281] What captures landed this afternoon and what connected them?
  [0.6120] What is the standing directive on Discord presence?
Trial: trial_20260427_0207.json
Nav score (mean cosine): 0.5726
Per-question:
  [0.5306] What is the current state of thread #318?
  [0.6370] What did Nate flag about keeper cycle burn today?
  [0.5101] What captures landed this afternoon and what connected them?
  [0.6125] What is the standing directive on Discord presence?
Trial: trial_20260427_0307.json
Nav score (mean cosine): 0.5683
Per-question:
  [0.5714] What is the current state of thread #318?
  [0.6326] What did Nate flag about keeper cycle burn today?
  [0.4977] What captures landed this afternoon and what connected them?
  [0.5714] What is the standing directive on Discord presence?
Trial: trial_20260427_0407.json
Nav score (mean cosine): 0.5762
Per-question:
  [0.5779] What is the current state of thread #318?
  [0.6329] What did Nate flag about keeper cycle burn today?
  [0.5162] What captures landed this afternoon and what connected them?
  [0.5779] What is the standing directive on Discord presence?
Trial: trial_20260427_0507.json
Nav score (mean cosine): 0.6274
Per-question:
  [0.6828] What is the current state of thread #318?
  [0.5957] What did Nate flag about keeper cycle burn today?
  [0.5482] What captures landed this afternoon and what connected them?
  [0.6828] What is the standing directive on Discord presence?
Trial: trial_20260427_0607.json
Nav score (mean cosine): 0.6786
Per-question:
  [0.5789] What is the current state of thread #318?
  [0.7794] What did Nate flag about keeper cycle burn today?
  [0.6346] What captures landed this afternoon and what connected them?
  [0.7214] What is the standing directive on Discord presence?
Trial: trial_20260427_0707.json
Nav score (mean cosine): 0.5529
Per-question:
  [0.5538] What is the current state of thread #318?
  [0.5286] What did Nate flag about keeper cycle burn today?
  [0.5378] What captures landed this afternoon and what connected them?
  [0.5915] What is the standing directive on Discord presence?
Trial: trial_20260427_0807.json
Nav score (mean cosine): 0.653
Per-question:
  [0.6204] What is the current state of thread #318?
  [0.7277] What did Nate flag about keeper cycle burn today?
  [0.5405] What captures landed this afternoon and what connected them?
  [0.7234] What is the standing directive on Discord presence?
Trial: trial_20260427_0907.json
Nav score (mean cosine): 0.6241
Per-question:
  [0.6268] What is the current state of thread #318?
  [0.6318] What did Nate flag about keeper cycle burn today?
  [0.5792] What captures landed this afternoon and what connected them?
  [0.6586] What is the standing directive on Discord presence?
Trial: trial_20260427_1007.json
Nav score (mean cosine): 0.6244
Per-question:
  [0.6284] What is the current state of thread #318?
  [0.6331] What did Nate flag about keeper cycle burn today?
  [0.5775] What captures landed this afternoon and what connected them?
  [0.6588] What is the standing directive on Discord presence?
Trial: trial_20260427_1107.json
Nav score (mean cosine): 0.6404
Per-question:
  [0.5835] What is the current state of thread #318?
  [0.6920] What did Nate flag about keeper cycle burn today?
  [0.5822] What captures landed this afternoon and what connected them?
  [0.7038] What is the standing directive on Discord presence?
Trial: trial_20260427_1207.json
Nav score (mean cosine): 0.6087
Per-question:
  [0.6473] What is the current state of thread #318?
  [0.5581] What did Nate flag about keeper cycle burn today?
  [0.6146] What captures landed this afternoon and what connected them?
  [0.6146] What is the standing directive on Discord presence?
Trial: trial_20260427_1307.json
Nav score (mean cosine): 0.6434
Per-question:
  [0.6209] What is the current state of thread #318?
  [0.7340] What did Nate flag about keeper cycle burn today?
  [0.6093] What captures landed this afternoon and what connected them?
  [0.6093] What is the standing directive on Discord presence?
Trial: trial_20260427_1407.json
Nav score (mean cosine): 0.6226
Per-question:
  [0.6420] What is the current state of thread #318?
  [0.7032] What did Nate flag about keeper cycle burn today?
  [0.5725] What captures landed this afternoon and what connected them?
  [0.5725] What is the standing directive on Discord presence?
Trial: trial_20260427_1507.json
Nav score (mean cosine): 0.6336
Per-question:
  [0.6648] What is the current state of thread #318?
  [0.6855] What did Nate flag about keeper cycle burn today?
  [0.5921] What captures landed this afternoon and what connected them?
  [0.5921] What is the standing directive on Discord presence?
Trial: trial_20260427_1607.json
Nav score (mean cosine): 0.6115
Per-question:
  [0.6231] What is the current state of thread #318?
  [0.6793] What did Nate flag about keeper cycle burn today?
  [0.5718] What captures landed this afternoon and what connected them?
  [0.5718] What is the standing directive on Discord presence?
Trial: trial_20260427_1707.json
Nav score (mean cosine): 0.5968
Per-question:
  [0.6498] What is the current state of thread #318?
  [0.6292] What did Nate flag about keeper cycle burn today?
  [0.5541] What captures landed this afternoon and what connected them?
  [0.5541] What is the standing directive on Discord presence?
Trial: trial_20260427_1807.json
Nav score (mean cosine): 0.6558
Per-question:
  [0.6898] What is the current state of thread #318?
  [0.7255] What did Nate flag about keeper cycle burn today?
  [0.6040] What captures landed this afternoon and what connected them?
  [0.6040] What is the standing directive on Discord presence?
Trial: trial_20260427_1907.json
Nav score (mean cosine): 0.6434
Per-question:
  [0.6665] What is the current state of thread #318?
  [0.5845] What did Nate flag about keeper cycle burn today?
  [0.7144] What captures landed this afternoon and what connected them?
  [0.6083] What is the standing directive on Discord presence?
Trial: trial_20260427_2007.json
Nav score (mean cosine): 0.6133
Per-question:
  [0.5824] What is the current state of thread #318?
  [0.5463] What did Nate flag about keeper cycle burn today?
  [0.6854] What captures landed this afternoon and what connected them?
  [0.6390] What is the standing directive on Discord presence?
Trial: trial_20260427_2107.json
Nav score (mean cosine): 0.5756
Per-question:
  [0.5282] What is the current state of thread #318?
  [0.4711] What did Nate flag about keeper cycle burn today?
  [0.6443] What captures landed this afternoon and what connected them?
  [0.6590] What is the standing directive on Discord presence?
Trial: trial_20260427_2207.json
Nav score (mean cosine): 0.6188
Per-question:
  [0.6208] What is the current state of thread #318?
  [0.5526] What did Nate flag about keeper cycle burn today?
  [0.5791] What captures landed this afternoon and what connected them?
  [0.7228] What is the standing directive on Discord presence?
Trial: trial_20260427_2307.json
Nav score (mean cosine): 0.5437
Per-question:
  [0.5372] What is the current state of thread #318?
  [0.4747] What did Nate flag about keeper cycle burn today?
  [0.4949] What captures landed this afternoon and what connected them?
  [0.6681] What is the standing directive on Discord presence?
Trial: trial_20260428_0007.json
Nav score (mean cosine): 0.5437
Per-question:
  [0.5372] What is the current state of thread #318?
  [0.4747] What did Nate flag about keeper cycle burn today?
  [0.4949] What captures landed this afternoon and what connected them?
  [0.6681] What is the standing directive on Discord presence?
Trial: trial_20260428_0107.json
Nav score (mean cosine): 0.5788
Per-question:
  [0.6157] What is the current state of thread #318?
  [0.5479] What did Nate flag about keeper cycle burn today?
  [0.5759] What captures landed this afternoon and what connected them?
  [0.5759] What is the standing directive on Discord presence?
Trial: trial_20260428_0207.json
Nav score (mean cosine): 0.5004
Per-question:
  [0.5372] What is the current state of thread #318?
  [0.4747] What did Nate flag about keeper cycle burn today?
  [0.4949] What captures landed this afternoon and what connected them?
  [0.4949] What is the standing directive on Discord presence?
Trial: trial_20260428_0307.json
Nav score (mean cosine): 0.5004
Per-question:
  [0.5372] What is the current state of thread #318?
  [0.4747] What did Nate flag about keeper cycle burn today?
  [0.4949] What captures landed this afternoon and what connected them?
  [0.4949] What is the standing directive on Discord presence?
Trial: trial_20260428_0407.json
Nav score (mean cosine): 0.5004
Per-question:
  [0.5372] What is the current state of thread #318?
  [0.4747] What did Nate flag about keeper cycle burn today?
  [0.4949] What captures landed this afternoon and what connected them?
  [0.4949] What is the standing directive on Discord presence?
Trial: trial_20260428_0507.json
Nav score (mean cosine): 0.6325
Per-question:
  [0.6668] What is the current state of thread #318?
  [0.5991] What did Nate flag about keeper cycle burn today?
  [0.6321] What captures landed this afternoon and what connected them?
  [0.6321] What is the standing directive on Discord presence?
Trial: trial_20260428_0607.json
Nav score (mean cosine): 0.5202
Per-question:
  [0.4976] What is the current state of thread #318?
  [0.5279] What did Nate flag about keeper cycle burn today?
  [0.5276] What captures landed this afternoon and what connected them?
  [0.5276] What is the standing directive on Discord presence?
Trial: trial_20260428_0707.json
Nav score (mean cosine): 0.6419
Per-question:
  [0.6883] What is the current state of thread #318?
  [0.5667] What did Nate flag about keeper cycle burn today?
  [0.6563] What captures landed this afternoon and what connected them?
  [0.6563] What is the standing directive on Discord presence?
Trial: trial_20260428_0807.json
Nav score (mean cosine): 0.5711
Per-question:
  [0.5738] What is the current state of thread #318?
  [0.5481] What did Nate flag about keeper cycle burn today?
  [0.5813] What captures landed this afternoon and what connected them?
  [0.5813] What is the standing directive on Discord presence?
Trial: trial_20260428_0907.json
Nav score (mean cosine): 0.6042
Per-question:
  [0.6290] What is the current state of thread #318?
  [0.5655] What did Nate flag about keeper cycle burn today?
  [0.6111] What captures landed this afternoon and what connected them?
  [0.6111] What is the standing directive on Discord presence?
Trial: trial_20260428_1007.json
Nav score (mean cosine): 0.5749
Per-question:
  [0.6283] What is the current state of thread #318?
  [0.5246] What did Nate flag about keeper cycle burn today?
  [0.5734] What captures landed this afternoon and what connected them?
  [0.5734] What is the standing directive on Discord presence?
Trial: trial_20260428_1107.json
Nav score (mean cosine): 0.6174
Per-question:
  [0.6683] What is the current state of thread #318?
  [0.5762] What did Nate flag about keeper cycle burn today?
  [0.6125] What captures landed this afternoon and what connected them?
  [0.6125] What is the standing directive on Discord presence?
Trial: trial_20260428_1207.json
Nav score (mean cosine): 0.611
Per-question:
  [0.6263] What is the current state of thread #318?
  [0.6327] What did Nate flag about keeper cycle burn today?
  [0.5926] What captures landed this afternoon and what connected them?
  [0.5926] What is the standing directive on Discord presence?
Trial: trial_20260428_1307.json
Nav score (mean cosine): 0.6439
Per-question:
  [0.6521] What is the current state of thread #318?
  [0.7152] What did Nate flag about keeper cycle burn today?
  [0.6042] What captures landed this afternoon and what connected them?
  [0.6042] What is the standing directive on Discord presence?
Trial: trial_20260428_1407.json
Nav score (mean cosine): 0.6293
Per-question:
  [0.6323] What is the current state of thread #318?
  [0.7021] What did Nate flag about keeper cycle burn today?
  [0.5914] What captures landed this afternoon and what connected them?
  [0.5914] What is the standing directive on Discord presence?
Trial: trial_20260428_1507.json
Nav score (mean cosine): 0.6442
Per-question:
  [0.6067] What is the current state of thread #318?
  [0.6173] What did Nate flag about keeper cycle burn today?
  [0.6763] What captures landed this afternoon and what connected them?
  [0.6763] What is the standing directive on Discord presence?
Trial: trial_20260428_1607.json
Nav score (mean cosine): 0.6989
Per-question:
  [0.6470] What is the current state of thread #318?
  [0.6636] What did Nate flag about keeper cycle burn today?
  [0.7425] What captures landed this afternoon and what connected them?
  [0.7425] What is the standing directive on Discord presence?
Trial: trial_20260428_1707.json
Nav score (mean cosine): 0.6616
Per-question:
  [0.6369] What is the current state of thread #318?
  [0.6984] What did Nate flag about keeper cycle burn today?
  [0.6555] What captures landed this afternoon and what connected them?
  [0.6555] What is the standing directive on Discord presence?
Trial: trial_20260428_1807.json
Nav score (mean cosine): 0.6694
Per-question:
  [0.6608] What is the current state of thread #318?
  [0.6548] What did Nate flag about keeper cycle burn today?
  [0.6810] What captures landed this afternoon and what connected them?
  [0.6810] What is the standing directive on Discord presence?
Trial: trial_20260428_1907.json
Nav score (mean cosine): 0.652
Per-question:
  [0.6729] What is the current state of thread #318?
  [0.6987] What did Nate flag about keeper cycle burn today?
  [0.6181] What captures landed this afternoon and what connected them?
  [0.6181] What is the standing directive on Discord presence?
Trial: trial_20260428_2007.json
Nav score (mean cosine): 0.6341
Per-question:
  [0.7375] What is the current state of thread #318?
  [0.6567] What did Nate flag about keeper cycle burn today?
  [0.5710] What captures landed this afternoon and what connected them?
  [0.5710] What is the standing directive on Discord presence?
Trial: trial_20260428_2107.json
Nav score (mean cosine): 0.624
Per-question:
  [0.7061] What is the current state of thread #318?
  [0.6020] What did Nate flag about keeper cycle burn today?
  [0.5939] What captures landed this afternoon and what connected them?
  [0.5939] What is the standing directive on Discord presence?
Trial: trial_20260428_2207.json
Nav score (mean cosine): 0.6171
Per-question:
  [0.6869] What is the current state of thread #318?
  [0.6148] What did Nate flag about keeper cycle burn today?
  [0.5833] What captures landed this afternoon and what connected them?
  [0.5833] What is the standing directive on Discord presence?
Trial: trial_20260428_2307.json
Nav score (mean cosine): 0.6221
Per-question:
  [0.6898] What is the current state of thread #318?
  [0.6201] What did Nate flag about keeper cycle burn today?
  [0.5893] What captures landed this afternoon and what connected them?
  [0.5893] What is the standing directive on Discord presence?
Trial: trial_20260429_0007.json
Nav score (mean cosine): 0.6221
Per-question:
  [0.6898] What is the current state of thread #318?
  [0.6201] What did Nate flag about keeper cycle burn today?
  [0.5893] What captures landed this afternoon and what connected them?
  [0.5893] What is the standing directive on Discord presence?
Trial: trial_20260429_0107.json
Nav score (mean cosine): 0.6241
Per-question:
  [0.6931] What is the current state of thread #318?
  [0.6172] What did Nate flag about keeper cycle burn today?
  [0.5930] What captures landed this afternoon and what connected them?
  [0.5930] What is the standing directive on Discord presence?
Trial: trial_20260429_0207.json
Nav score (mean cosine): 0.6434
Per-question:
  [0.6898] What is the current state of thread #318?
  [0.6201] What did Nate flag about keeper cycle burn today?
  [0.5893] What captures landed this afternoon and what connected them?
  [0.6743] What is the standing directive on Discord presence?
Trial: trial_20260429_0307.json
Nav score (mean cosine): 0.6205
Per-question:
  [0.5981] What is the current state of thread #318?
  [0.6201] What did Nate flag about keeper cycle burn today?
  [0.5893] What captures landed this afternoon and what connected them?
  [0.6743] What is the standing directive on Discord presence?
Trial: trial_20260429_0407.json
Nav score (mean cosine): 0.6288
Per-question:
  [0.5823] What is the current state of thread #318?
  [0.6913] What did Nate flag about keeper cycle burn today?
  [0.5805] What captures landed this afternoon and what connected them?
  [0.6610] What is the standing directive on Discord presence?
Trial: trial_20260429_0507.json
Nav score (mean cosine): 0.6694
Per-question:
  [0.6706] What is the current state of thread #318?
  [0.6911] What did Nate flag about keeper cycle burn today?
  [0.5804] What captures landed this afternoon and what connected them?
  [0.7353] What is the standing directive on Discord presence?
Trial: trial_20260429_0607.json
Nav score (mean cosine): 0.6029
Per-question:
  [0.6333] What is the current state of thread #318?
  [0.5706] What did Nate flag about keeper cycle burn today?
  [0.5428] What captures landed this afternoon and what connected them?
  [0.6650] What is the standing directive on Discord presence?
Trial: trial_20260429_0707.json
Nav score (mean cosine): 0.5988
Per-question:
  [0.6189] What is the current state of thread #318?
  [0.6189] What did Nate flag about keeper cycle burn today?
  [0.5928] What captures landed this afternoon and what connected them?
  [0.5646] What is the standing directive on Discord presence?
Trial: trial_20260429_0807.json
Nav score (mean cosine): 0.6485
Per-question:
  [0.6934] What is the current state of thread #318?
  [0.6934] What did Nate flag about keeper cycle burn today?
  [0.5570] What captures landed this afternoon and what connected them?
  [0.6503] What is the standing directive on Discord presence?
Trial: trial_20260429_0907.json
Nav score (mean cosine): 0.6441
Per-question:
  [0.6811] What is the current state of thread #318?
  [0.6811] What did Nate flag about keeper cycle burn today?
  [0.5579] What captures landed this afternoon and what connected them?
  [0.6564] What is the standing directive on Discord presence?
Trial: trial_20260429_1007.json
Nav score (mean cosine): 0.6302
Per-question:
  [0.6108] What is the current state of thread #318?
  [0.6108] What did Nate flag about keeper cycle burn today?
  [0.7311] What captures landed this afternoon and what connected them?
  [0.5680] What is the standing directive on Discord presence?
Trial: trial_20260429_1107.json
Nav score (mean cosine): 0.5426
Per-question:
  [0.5516] What is the current state of thread #318?
  [0.5516] What did Nate flag about keeper cycle burn today?
  [0.5283] What captures landed this afternoon and what connected them?
  [0.5390] What is the standing directive on Discord presence?
Trial: trial_20260429_1207.json
Nav score (mean cosine): 0.6543
Per-question:
  [0.6477] What is the current state of thread #318?
  [0.6477] What did Nate flag about keeper cycle burn today?
  [0.6599] What captures landed this afternoon and what connected them?
  [0.6618] What is the standing directive on Discord presence?
Trial: trial_20260429_1307.json
Nav score (mean cosine): 0.615
Per-question:
  [0.6290] What is the current state of thread #318?
  [0.6290] What did Nate flag about keeper cycle burn today?
  [0.6160] What captures landed this afternoon and what connected them?
  [0.5860] What is the standing directive on Discord presence?
Trial: trial_20260429_1407.json
Nav score (mean cosine): 0.6269
Per-question:
  [0.5925] What is the current state of thread #318?
  [0.7052] What did Nate flag about keeper cycle burn today?
  [0.5454] What captures landed this afternoon and what connected them?
  [0.6645] What is the standing directive on Discord presence?
Trial: trial_20260429_1507.json
Nav score (mean cosine): 0.5944
Per-question:
  [0.6527] What is the current state of thread #318?
  [0.5604] What did Nate flag about keeper cycle burn today?
  [0.6041] What captures landed this afternoon and what connected them?
  [0.5604] What is the standing directive on Discord presence?
Trial: trial_20260429_1607.json
Nav score (mean cosine): 0.6835
Per-question:
  [0.7032] What is the current state of thread #318?
  [0.6808] What did Nate flag about keeper cycle burn today?
  [0.7160] What captures landed this afternoon and what connected them?
  [0.6341] What is the standing directive on Discord presence?
Trial: trial_20260429_1707.json
Nav score (mean cosine): 0.6075
Per-question:
  [0.6264] What is the current state of thread #318?
  [0.6725] What did Nate flag about keeper cycle burn today?
  [0.5655] What captures landed this afternoon and what connected them?
  [0.5655] What is the standing directive on Discord presence?
Trial: trial_20260429_1807.json
Nav score (mean cosine): 0.6292
Per-question:
  [0.6612] What is the current state of thread #318?
  [0.6543] What did Nate flag about keeper cycle burn today?
  [0.5452] What captures landed this afternoon and what connected them?
  [0.6560] What is the standing directive on Discord presence?
Trial: trial_20260429_1907.json
Nav score (mean cosine): 0.6302
Per-question:
  [0.6557] What is the current state of thread #318?
  [0.6563] What did Nate flag about keeper cycle burn today?
  [0.5469] What captures landed this afternoon and what connected them?
  [0.6621] What is the standing directive on Discord presence?
Trial: trial_20260429_2007.json
Nav score (mean cosine): 0.5988
Per-question:
  [0.6094] What is the current state of thread #318?
  [0.6181] What did Nate flag about keeper cycle burn today?
  [0.5831] What captures landed this afternoon and what connected them?
  [0.5845] What is the standing directive on Discord presence?
Trial: trial_20260429_2107.json
Nav score (mean cosine): 0.677
Per-question:
  [0.6059] What is the current state of thread #318?
  [0.6735] What did Nate flag about keeper cycle burn today?
  [0.7551] What captures landed this afternoon and what connected them?
  [0.6735] What is the standing directive on Discord presence?
Trial: trial_20260429_2207.json
Nav score (mean cosine): 0.6151
Per-question:
  [0.6057] What is the current state of thread #318?
  [0.6171] What did Nate flag about keeper cycle burn today?
  [0.6204] What captures landed this afternoon and what connected them?
  [0.6171] What is the standing directive on Discord presence?
Trial: trial_20260429_2307.json
Nav score (mean cosine): 0.6059
Per-question:
  [0.5794] What is the current state of thread #318?
  [0.6184] What did Nate flag about keeper cycle burn today?
  [0.6076] What captures landed this afternoon and what connected them?
  [0.6184] What is the standing directive on Discord presence?
Trial: trial_20260430_0007.json
Nav score (mean cosine): 0.6001
Per-question:
  [0.5521] What is the current state of thread #318?
  [0.6194] What did Nate flag about keeper cycle burn today?
  [0.6096] What captures landed this afternoon and what connected them?
  [0.6194] What is the standing directive on Discord presence?
Trial: trial_20260430_0107.json
Nav score (mean cosine): 0.5912
Per-question:
  [0.5333] What is the current state of thread #318?
  [0.6066] What did Nate flag about keeper cycle burn today?
  [0.6182] What captures landed this afternoon and what connected them?
  [0.6066] What is the standing directive on Discord presence?
Trial: trial_20260430_0207.json
Nav score (mean cosine): 0.578
Per-question:
  [0.5166] What is the current state of thread #318?
  [0.6009] What did Nate flag about keeper cycle burn today?
  [0.5937] What captures landed this afternoon and what connected them?
  [0.6009] What is the standing directive on Discord presence?
Trial: trial_20260430_0307.json
Nav score (mean cosine): 0.578
Per-question:
  [0.5166] What is the current state of thread #318?
  [0.6009] What did Nate flag about keeper cycle burn today?
  [0.5937] What captures landed this afternoon and what connected them?
  [0.6009] What is the standing directive on Discord presence?
Trial: trial_20260430_0407.json
Nav score (mean cosine): 0.5846
Per-question:
  [0.5166] What is the current state of thread #318?
  [0.5877] What did Nate flag about keeper cycle burn today?
  [0.5937] What captures landed this afternoon and what connected them?
  [0.6404] What is the standing directive on Discord presence?
Trial: trial_20260430_0507.json
Nav score (mean cosine): 0.6192
Per-question:
  [0.6061] What is the current state of thread #318?
  [0.5949] What did Nate flag about keeper cycle burn today?
  [0.5943] What captures landed this afternoon and what connected them?
  [0.6816] What is the standing directive on Discord presence?
Trial: trial_20260430_0607.json
Nav score (mean cosine): 0.675
Per-question:
  [0.6082] What is the current state of thread #318?
  [0.6565] What did Nate flag about keeper cycle burn today?
  [0.7482] What captures landed this afternoon and what connected them?
  [0.6871] What is the standing directive on Discord presence?
Trial: trial_20260430_0707.json
Nav score (mean cosine): 0.6849
Per-question:
  [0.5808] What is the current state of thread #318?
  [0.7114] What did Nate flag about keeper cycle burn today?
  [0.7359] What captures landed this afternoon and what connected them?
  [0.7114] What is the standing directive on Discord presence?
Trial: trial_20260430_0807.json
Nav score (mean cosine): 0.6736
Per-question:
  [0.6906] What is the current state of thread #318?
  [0.6628] What did Nate flag about keeper cycle burn today?
  [0.6628] What captures landed this afternoon and what connected them?
  [0.6781] What is the standing directive on Discord presence?
Trial: trial_20260430_0907.json
Nav score (mean cosine): 0.6683
Per-question:
  [0.5977] What is the current state of thread #318?
  [0.6965] What did Nate flag about keeper cycle burn today?
  [0.6965] What captures landed this afternoon and what connected them?
  [0.6827] What is the standing directive on Discord presence?
Trial: trial_20260430_1007.json
Nav score (mean cosine): 0.5821
Per-question:
  [0.5401] What is the current state of thread #318?
  [0.5961] What did Nate flag about keeper cycle burn today?
  [0.5961] What captures landed this afternoon and what connected them?
  [0.5961] What is the standing directive on Discord presence?
Trial: trial_20260430_1107.json
Nav score (mean cosine): 0.65
Per-question:
  [0.5175] What is the current state of thread #318?
  [0.6941] What did Nate flag about keeper cycle burn today?
  [0.6941] What captures landed this afternoon and what connected them?
  [0.6941] What is the standing directive on Discord presence?
Trial: trial_20260430_1207.json
Nav score (mean cosine): 0.6309
Per-question:
  [0.5291] What is the current state of thread #318?
  [0.6648] What did Nate flag about keeper cycle burn today?
  [0.6648] What captures landed this afternoon and what connected them?
  [0.6648] What is the standing directive on Discord presence?
Trial: trial_20260430_1307.json
Nav score (mean cosine): 0.6202
Per-question:
  [0.5097] What is the current state of thread #318?
  [0.6571] What did Nate flag about keeper cycle burn today?
  [0.6571] What captures landed this afternoon and what connected them?
  [0.6571] What is the standing directive on Discord presence?
Trial: trial_20260430_1407.json
Nav score (mean cosine): 0.6076
Per-question:
  [0.4850] What is the current state of thread #318?
  [0.6485] What did Nate flag about keeper cycle burn today?
  [0.6485] What captures landed this afternoon and what connected them?
  [0.6485] What is the standing directive on Discord presence?
Trial: trial_20260430_1507.json
Nav score (mean cosine): 0.6103
Per-question:
  [0.5304] What is the current state of thread #318?
  [0.6369] What did Nate flag about keeper cycle burn today?
  [0.6369] What captures landed this afternoon and what connected them?
  [0.6369] What is the standing directive on Discord presence?
Trial: trial_20260430_1607.json
Nav score (mean cosine): 0.6663
Per-question:
  [0.4879] What is the current state of thread #318?
  [0.7258] What did Nate flag about keeper cycle burn today?
  [0.7258] What captures landed this afternoon and what connected them?
  [0.7258] What is the standing directive on Discord presence?
Trial: trial_20260430_1707.json
Nav score (mean cosine): 0.6355
Per-question:
  [0.6162] What is the current state of thread #318?
  [0.6419] What did Nate flag about keeper cycle burn today?
  [0.6419] What captures landed this afternoon and what connected them?
  [0.6419] What is the standing directive on Discord presence?
Trial: trial_20260430_1807.json
Nav score (mean cosine): 0.6689
Per-question:
  [0.6689] What is the current state of thread #318?
  [0.6689] What did Nate flag about keeper cycle burn today?
  [0.6689] What captures landed this afternoon and what connected them?
  [0.6689] What is the standing directive on Discord presence?
Trial: trial_20260430_1907.json
Nav score (mean cosine): 0.5951
Per-question:
  [0.5951] What is the current state of thread #318?
  [0.5951] What did Nate flag about keeper cycle burn today?
  [0.5951] What captures landed this afternoon and what connected them?
  [0.5951] What is the standing directive on Discord presence?
Trial: trial_20260430_2007.json
Nav score (mean cosine): 0.6827
Per-question:
  [0.6827] What is the current state of thread #318?
  [0.6827] What did Nate flag about keeper cycle burn today?
  [0.6827] What captures landed this afternoon and what connected them?
  [0.6827] What is the standing directive on Discord presence?
Trial: trial_20260430_2107.json
Nav score (mean cosine): 0.7143
Per-question:
  [0.7143] What is the current state of thread #318?
  [0.7143] What did Nate flag about keeper cycle burn today?
  [0.7143] What captures landed this afternoon and what connected them?
  [0.7143] What is the standing directive on Discord presence?
Trial: trial_20260430_2207.json
Nav score (mean cosine): 0.6523
Per-question:
  [0.6523] What is the current state of thread #318?
  [0.6523] What did Nate flag about keeper cycle burn today?
  [0.6523] What captures landed this afternoon and what connected them?
  [0.6523] What is the standing directive on Discord presence?
Trial: trial_20260430_2307.json
Nav score (mean cosine): 0.6521
Per-question:
  [0.6521] What is the current state of thread #318?
  [0.6521] What did Nate flag about keeper cycle burn today?
  [0.6521] What captures landed this afternoon and what connected them?
  [0.6521] What is the standing directive on Discord presence?
Trial: trial_20260501_0007.json
Nav score (mean cosine): 0.6119
Per-question:
  [0.6119] What is the current state of thread #318?
  [0.6119] What did Nate flag about keeper cycle burn today?
  [0.6119] What captures landed this afternoon and what connected them?
  [0.6119] What is the standing directive on Discord presence?
Trial: trial_20260501_0107.json
Nav score (mean cosine): 0.6119
Per-question:
  [0.6119] What is the current state of thread #318?
  [0.6119] What did Nate flag about keeper cycle burn today?
  [0.6119] What captures landed this afternoon and what connected them?
  [0.6119] What is the standing directive on Discord presence?
Trial: trial_20260501_0207.json
Nav score (mean cosine): 0.7059
Per-question:
  [0.7059] What is the current state of thread #318?
  [0.7059] What did Nate flag about keeper cycle burn today?
  [0.7059] What captures landed this afternoon and what connected them?
  [0.7059] What is the standing directive on Discord presence?
Trial: trial_20260501_0307.json
Nav score (mean cosine): 0.6631
Per-question:
  [0.6631] What is the current state of thread #318?
  [0.6631] What did Nate flag about keeper cycle burn today?
  [0.6631] What captures landed this afternoon and what connected them?
  [0.6631] What is the standing directive on Discord presence?
Trial: trial_20260501_0407.json
Nav score (mean cosine): 0.6631
Per-question:
  [0.6631] What is the current state of thread #318?
  [0.6631] What did Nate flag about keeper cycle burn today?
  [0.6631] What captures landed this afternoon and what connected them?
  [0.6631] What is the standing directive on Discord presence?
Trial: trial_20260501_0507.json
Nav score (mean cosine): 0.6631
Per-question:
  [0.6631] What is the current state of thread #318?
  [0.6631] What did Nate flag about keeper cycle burn today?
  [0.6631] What captures landed this afternoon and what connected them?
  [0.6631] What is the standing directive on Discord presence?
Trial: trial_20260501_0607.json
Nav score (mean cosine): 0.6521
Per-question:
  [0.6521] What is the current state of thread #318?
  [0.6521] What did Nate flag about keeper cycle burn today?
  [0.6521] What captures landed this afternoon and what connected them?
  [0.6521] What is the standing directive on Discord presence?
Trial: trial_20260501_0707.json
Nav score (mean cosine): 0.6857
Per-question:
  [0.6857] What is the current state of thread #318?
  [0.6857] What did Nate flag about keeper cycle burn today?
  [0.6857] What captures landed this afternoon and what connected them?
  [0.6857] What is the standing directive on Discord presence?
Trial: trial_20260501_0807.json
Nav score (mean cosine): 0.6236
Per-question:
  [0.6236] What is the current state of thread #318?
  [0.6236] What did Nate flag about keeper cycle burn today?
  [0.6236] What captures landed this afternoon and what connected them?
  [0.6236] What is the standing directive on Discord presence?
Trial: trial_20260501_0907.json
Nav score (mean cosine): 0.5943
Per-question:
  [0.5943] What is the current state of thread #318?
  [0.5943] What did Nate flag about keeper cycle burn today?
  [0.5943] What captures landed this afternoon and what connected them?
  [0.5943] What is the standing directive on Discord presence?
Trial: trial_20260501_1007.json
Nav score (mean cosine): 0.6232
Per-question:
  [0.6232] What is the current state of thread #318?
  [0.6232] What did Nate flag about keeper cycle burn today?
  [0.6232] What captures landed this afternoon and what connected them?
  [0.6232] What is the standing directive on Discord presence?
Trial: trial_20260501_1107.json
Nav score (mean cosine): 0.613
Per-question:
  [0.6130] What is the current state of thread #318?
  [0.6130] What did Nate flag about keeper cycle burn today?
  [0.6130] What captures landed this afternoon and what connected them?
  [0.6130] What is the standing directive on Discord presence?
