Trial logged: trial_20260415_1805.json
Overall Jaccard: 0.11
Per-question:
  [0.158] What is the current state of thread #318?
  [0.114] What did Nate flag about keeper cycle burn today?
  [0.199] What captures landed this afternoon and what connected them?
  [0.172] What is the standing directive on Discord presence?
Trial logged: trial_20260415_1905.json
Overall Jaccard: 0.113
Per-question:
  [0.162] What is the current state of thread #318?
  [0.118] What did Nate flag about keeper cycle burn today?
  [0.199] What captures landed this afternoon and what connected them?
  [0.174] What is the standing directive on Discord presence?
Trial logged: trial_20260415_2005.json
Overall Jaccard: 0.108
Per-question:
  [0.154] What is the current state of thread #318?
  [0.113] What did Nate flag about keeper cycle burn today?
  [0.197] What captures landed this afternoon and what connected them?
  [0.158] What is the standing directive on Discord presence?
Trial logged: trial_20260415_2105.json
Overall Jaccard: 0.11
Per-question:
  [0.16] What is the current state of thread #318?
  [0.115] What did Nate flag about keeper cycle burn today?
  [0.201] What captures landed this afternoon and what connected them?
  [0.165] What is the standing directive on Discord presence?
Trial logged: trial_20260415_2205.json
Overall Jaccard: 0.115
Per-question:
  [0.159] What is the current state of thread #318?
  [0.12] What did Nate flag about keeper cycle burn today?
  [0.2] What captures landed this afternoon and what connected them?
  [0.161] What is the standing directive on Discord presence?
Trial logged: trial_20260415_2305.json
Overall Jaccard: 0.112
Per-question:
  [0.157] What is the current state of thread #318?
  [0.119] What did Nate flag about keeper cycle burn today?
  [0.189] What captures landed this afternoon and what connected them?
  [0.152] What is the standing directive on Discord presence?
Trial logged: trial_20260416_0005.json
Overall Jaccard: 0.118
Per-question:
  [0.161] What is the current state of thread #318?
  [0.126] What did Nate flag about keeper cycle burn today?
  [0.189] What captures landed this afternoon and what connected them?
  [0.151] What is the standing directive on Discord presence?
Trial logged: trial_20260416_0105.json
Overall Jaccard: 0.12
Per-question:
  [0.165] What is the current state of thread #318?
  [0.13] What did Nate flag about keeper cycle burn today?
  [0.185] What captures landed this afternoon and what connected them?
  [0.15] What is the standing directive on Discord presence?
Trial logged: trial_20260416_0205.json
Overall Jaccard: 0.124
Per-question:
  [0.169] What is the current state of thread #318?
  [0.134] What did Nate flag about keeper cycle burn today?
  [0.189] What captures landed this afternoon and what connected them?
  [0.162] What is the standing directive on Discord presence?
Trial logged: trial_20260416_0305.json
Overall Jaccard: 0.132
Per-question:
  [0.17] What is the current state of thread #318?
  [0.148] What did Nate flag about keeper cycle burn today?
  [0.189] What captures landed this afternoon and what connected them?
  [0.173] What is the standing directive on Discord presence?
Trial logged: trial_20260416_0405.json
Overall Jaccard: 0.132
Per-question:
  [0.163] What is the current state of thread #318?
  [0.15] What did Nate flag about keeper cycle burn today?
  [0.187] What captures landed this afternoon and what connected them?
  [0.167] What is the standing directive on Discord presence?
Trial logged: trial_20260416_0505.json
Overall Jaccard: 0.132
Per-question:
  [0.164] What is the current state of thread #318?
  [0.15] What did Nate flag about keeper cycle burn today?
  [0.193] What captures landed this afternoon and what connected them?
  [0.168] What is the standing directive on Discord presence?
Trial logged: trial_20260416_0605.json
Overall Jaccard: 0.127
Per-question:
  [0.154] What is the current state of thread #318?
  [0.139] What did Nate flag about keeper cycle burn today?
  [0.198] What captures landed this afternoon and what connected them?
  [0.17] What is the standing directive on Discord presence?
Trial logged: trial_20260416_0705.json
Overall Jaccard: 0.127
Per-question:
  [0.154] What is the current state of thread #318?
  [0.14] What did Nate flag about keeper cycle burn today?
  [0.192] What captures landed this afternoon and what connected them?
  [0.173] What is the standing directive on Discord presence?
Trial logged: trial_20260416_0805.json
Overall Jaccard: 0.124
Per-question:
  [0.151] What is the current state of thread #318?
  [0.138] What did Nate flag about keeper cycle burn today?
  [0.189] What captures landed this afternoon and what connected them?
  [0.17] What is the standing directive on Discord presence?
Trial logged: trial_20260416_0905.json
Overall Jaccard: 0.118
Per-question:
  [0.145] What is the current state of thread #318?
  [0.132] What did Nate flag about keeper cycle burn today?
  [0.168] What captures landed this afternoon and what connected them?
  [0.166] What is the standing directive on Discord presence?
Trial logged: trial_20260416_1005.json
Overall Jaccard: 0.116
Per-question:
  [0.144] What is the current state of thread #318?
  [0.128] What did Nate flag about keeper cycle burn today?
  [0.168] What captures landed this afternoon and what connected them?
  [0.158] What is the standing directive on Discord presence?
Trial logged: trial_20260416_1105.json
Overall Jaccard: 0.111
Per-question:
  [0.151] What is the current state of thread #318?
  [0.122] What did Nate flag about keeper cycle burn today?
  [0.174] What captures landed this afternoon and what connected them?
  [0.167] What is the standing directive on Discord presence?
Trial logged: trial_20260416_1205.json
Overall Jaccard: 0.109
Per-question:
  [0.151] What is the current state of thread #318?
  [0.12] What did Nate flag about keeper cycle burn today?
  [0.171] What captures landed this afternoon and what connected them?
  [0.159] What is the standing directive on Discord presence?
Trial logged: trial_20260416_1305.json
Overall Jaccard: 0.113
Per-question:
  [0.159] What is the current state of thread #318?
  [0.125] What did Nate flag about keeper cycle burn today?
  [0.179] What captures landed this afternoon and what connected them?
  [0.17] What is the standing directive on Discord presence?
Trial logged: trial_20260416_1405.json
Overall Jaccard: 0.109
Per-question:
  [0.152] What is the current state of thread #318?
  [0.12] What did Nate flag about keeper cycle burn today?
  [0.169] What captures landed this afternoon and what connected them?
  [0.162] What is the standing directive on Discord presence?
Trial logged: trial_20260416_1505.json
Overall Jaccard: 0.108
Per-question:
  [0.155] What is the current state of thread #318?
  [0.12] What did Nate flag about keeper cycle burn today?
  [0.168] What captures landed this afternoon and what connected them?
  [0.164] What is the standing directive on Discord presence?
Trial logged: trial_20260416_1605.json
Overall Jaccard: 0.109
Per-question:
  [0.159] What is the current state of thread #318?
  [0.121] What did Nate flag about keeper cycle burn today?
  [0.168] What captures landed this afternoon and what connected them?
  [0.166] What is the standing directive on Discord presence?
Trial logged: trial_20260416_1705.json
Overall Jaccard: 0.113
Per-question:
  [0.168] What is the current state of thread #318?
  [0.127] What did Nate flag about keeper cycle burn today?
  [0.167] What captures landed this afternoon and what connected them?
  [0.17] What is the standing directive on Discord presence?
Trial logged: trial_20260416_1805.json
Overall Jaccard: 0.111
Per-question:
  [0.164] What is the current state of thread #318?
  [0.128] What did Nate flag about keeper cycle burn today?
  [0.172] What captures landed this afternoon and what connected them?
  [0.158] What is the standing directive on Discord presence?
Trial logged: trial_20260416_1905.json
Overall Jaccard: 0.11
Per-question:
  [0.162] What is the current state of thread #318?
  [0.126] What did Nate flag about keeper cycle burn today?
  [0.166] What captures landed this afternoon and what connected them?
  [0.164] What is the standing directive on Discord presence?
Trial logged: trial_20260416_2005.json
Overall Jaccard: 0.111
Per-question:
  [0.157] What is the current state of thread #318?
  [0.126] What did Nate flag about keeper cycle burn today?
  [0.174] What captures landed this afternoon and what connected them?
  [0.168] What is the standing directive on Discord presence?
Trial logged: trial_20260416_2105.json
Overall Jaccard: 0.103
Per-question:
  [0.141] What is the current state of thread #318?
  [0.115] What did Nate flag about keeper cycle burn today?
  [0.149] What captures landed this afternoon and what connected them?
  [0.174] What is the standing directive on Discord presence?
Trial logged: trial_20260416_2205.json
Overall Jaccard: 0.109
Per-question:
  [0.142] What is the current state of thread #318?
  [0.123] What did Nate flag about keeper cycle burn today?
  [0.15] What captures landed this afternoon and what connected them?
  [0.173] What is the standing directive on Discord presence?
Trial logged: trial_20260416_2305.json
Overall Jaccard: 0.108
Per-question:
  [0.143] What is the current state of thread #318?
  [0.123] What did Nate flag about keeper cycle burn today?
  [0.149] What captures landed this afternoon and what connected them?
  [0.177] What is the standing directive on Discord presence?
Trial logged: trial_20260417_0005.json
Overall Jaccard: 0.106
Per-question:
  [0.14] What is the current state of thread #318?
  [0.119] What did Nate flag about keeper cycle burn today?
  [0.147] What captures landed this afternoon and what connected them?
  [0.175] What is the standing directive on Discord presence?
Trial logged: trial_20260417_0105.json
Overall Jaccard: 0.107
Per-question:
  [0.14] What is the current state of thread #318?
  [0.122] What did Nate flag about keeper cycle burn today?
  [0.144] What captures landed this afternoon and what connected them?
  [0.178] What is the standing directive on Discord presence?
Trial logged: trial_20260417_0205.json
Overall Jaccard: 0.107
Per-question:
  [0.142] What is the current state of thread #318?
  [0.122] What did Nate flag about keeper cycle burn today?
  [0.145] What captures landed this afternoon and what connected them?
  [0.177] What is the standing directive on Discord presence?
Trial logged: trial_20260417_0305.json
Overall Jaccard: 0.106
Per-question:
  [0.142] What is the current state of thread #318?
  [0.122] What did Nate flag about keeper cycle burn today?
  [0.144] What captures landed this afternoon and what connected them?
  [0.177] What is the standing directive on Discord presence?
Trial logged: trial_20260417_0405.json
Overall Jaccard: 0.107
Per-question:
  [0.142] What is the current state of thread #318?
  [0.123] What did Nate flag about keeper cycle burn today?
  [0.144] What captures landed this afternoon and what connected them?
  [0.181] What is the standing directive on Discord presence?
Trial logged: trial_20260417_0505.json
Overall Jaccard: 0.107
Per-question:
  [0.143] What is the current state of thread #318?
  [0.121] What did Nate flag about keeper cycle burn today?
  [0.146] What captures landed this afternoon and what connected them?
  [0.177] What is the standing directive on Discord presence?
Trial logged: trial_20260417_0605.json
Overall Jaccard: 0.103
Per-question:
  [0.139] What is the current state of thread #318?
  [0.121] What did Nate flag about keeper cycle burn today?
  [0.143] What captures landed this afternoon and what connected them?
  [0.171] What is the standing directive on Discord presence?
Trial logged: trial_20260417_0705.json
Overall Jaccard: 0.101
Per-question:
  [0.136] What is the current state of thread #318?
  [0.115] What did Nate flag about keeper cycle burn today?
  [0.142] What captures landed this afternoon and what connected them?
  [0.171] What is the standing directive on Discord presence?
Trial logged: trial_20260417_0805.json
Overall Jaccard: 0.102
Per-question:
  [0.14] What is the current state of thread #318?
  [0.115] What did Nate flag about keeper cycle burn today?
  [0.151] What captures landed this afternoon and what connected them?
  [0.182] What is the standing directive on Discord presence?
Trial logged: trial_20260417_0905.json
Overall Jaccard: 0.1
Per-question:
  [0.136] What is the current state of thread #318?
  [0.116] What did Nate flag about keeper cycle burn today?
  [0.149] What captures landed this afternoon and what connected them?
  [0.173] What is the standing directive on Discord presence?
Trial logged: trial_20260417_1005.json
Overall Jaccard: 0.098
Per-question:
  [0.135] What is the current state of thread #318?
  [0.11] What did Nate flag about keeper cycle burn today?
  [0.149] What captures landed this afternoon and what connected them?
  [0.167] What is the standing directive on Discord presence?
Trial logged: trial_20260417_1105.json
Overall Jaccard: 0.1
Per-question:
  [0.135] What is the current state of thread #318?
  [0.112] What did Nate flag about keeper cycle burn today?
  [0.15] What captures landed this afternoon and what connected them?
  [0.162] What is the standing directive on Discord presence?
Trial logged: trial_20260417_1205.json
Overall Jaccard: 0.098
Per-question:
  [0.133] What is the current state of thread #318?
  [0.11] What did Nate flag about keeper cycle burn today?
  [0.147] What captures landed this afternoon and what connected them?
  [0.16] What is the standing directive on Discord presence?
Trial logged: trial_20260417_1305.json
Overall Jaccard: 0.098
Per-question:
  [0.132] What is the current state of thread #318?
  [0.11] What did Nate flag about keeper cycle burn today?
  [0.147] What captures landed this afternoon and what connected them?
  [0.161] What is the standing directive on Discord presence?
Trial logged: trial_20260417_1405.json
Overall Jaccard: 0.096
Per-question:
  [0.132] What is the current state of thread #318?
  [0.107] What did Nate flag about keeper cycle burn today?
  [0.146] What captures landed this afternoon and what connected them?
  [0.152] What is the standing directive on Discord presence?
Trial logged: trial_20260417_1505.json
Overall Jaccard: 0.101
Per-question:
  [0.142] What is the current state of thread #318?
  [0.112] What did Nate flag about keeper cycle burn today?
  [0.162] What captures landed this afternoon and what connected them?
  [0.165] What is the standing directive on Discord presence?
Trial logged: trial_20260417_1605.json
Overall Jaccard: 0.103
Per-question:
  [0.142] What is the current state of thread #318?
  [0.114] What did Nate flag about keeper cycle burn today?
  [0.165] What captures landed this afternoon and what connected them?
  [0.167] What is the standing directive on Discord presence?
Trial logged: trial_20260417_1705.json
Overall Jaccard: 0.111
Per-question:
  [0.166] What is the current state of thread #318?
  [0.125] What did Nate flag about keeper cycle burn today?
  [0.199] What captures landed this afternoon and what connected them?
  [0.168] What is the standing directive on Discord presence?
Trial logged: trial_20260417_1805.json
Overall Jaccard: 0.102
Per-question:
  [0.149] What is the current state of thread #318?
  [0.115] What did Nate flag about keeper cycle burn today?
  [0.182] What captures landed this afternoon and what connected them?
  [0.15] What is the standing directive on Discord presence?
Trial logged: trial_20260417_1905.json
Overall Jaccard: 0.104
Per-question:
  [0.149] What is the current state of thread #318?
  [0.118] What did Nate flag about keeper cycle burn today?
  [0.18] What captures landed this afternoon and what connected them?
  [0.153] What is the standing directive on Discord presence?
Trial logged: trial_20260417_2005.json
Overall Jaccard: 0.106
Per-question:
  [0.151] What is the current state of thread #318?
  [0.119] What did Nate flag about keeper cycle burn today?
  [0.183] What captures landed this afternoon and what connected them?
  [0.151] What is the standing directive on Discord presence?
Trial logged: trial_20260417_2105.json
Overall Jaccard: 0.107
Per-question:
  [0.155] What is the current state of thread #318?
  [0.12] What did Nate flag about keeper cycle burn today?
  [0.179] What captures landed this afternoon and what connected them?
  [0.147] What is the standing directive on Discord presence?
Trial logged: trial_20260417_2205.json
Overall Jaccard: 0.108
Per-question:
  [0.157] What is the current state of thread #318?
  [0.123] What did Nate flag about keeper cycle burn today?
  [0.179] What captures landed this afternoon and what connected them?
  [0.145] What is the standing directive on Discord presence?
Trial logged: trial_20260417_2305.json
Overall Jaccard: 0.108
Per-question:
  [0.159] What is the current state of thread #318?
  [0.124] What did Nate flag about keeper cycle burn today?
  [0.18] What captures landed this afternoon and what connected them?
  [0.143] What is the standing directive on Discord presence?
Trial logged: trial_20260418_0005.json
Overall Jaccard: 0.109
Per-question:
  [0.16] What is the current state of thread #318?
  [0.123] What did Nate flag about keeper cycle burn today?
  [0.184] What captures landed this afternoon and what connected them?
  [0.142] What is the standing directive on Discord presence?
Trial logged: trial_20260418_0105.json
Overall Jaccard: 0.109
Per-question:
  [0.16] What is the current state of thread #318?
  [0.124] What did Nate flag about keeper cycle burn today?
  [0.185] What captures landed this afternoon and what connected them?
  [0.141] What is the standing directive on Discord presence?
Trial logged: trial_20260418_0205.json
Overall Jaccard: 0.109
Per-question:
  [0.159] What is the current state of thread #318?
  [0.124] What did Nate flag about keeper cycle burn today?
  [0.184] What captures landed this afternoon and what connected them?
  [0.139] What is the standing directive on Discord presence?
Trial logged: trial_20260418_0305.json
Overall Jaccard: 0.11
Per-question:
  [0.159] What is the current state of thread #318?
  [0.124] What did Nate flag about keeper cycle burn today?
  [0.185] What captures landed this afternoon and what connected them?
  [0.14] What is the standing directive on Discord presence?
Trial logged: trial_20260418_0405.json
Overall Jaccard: 0.112
Per-question:
  [0.162] What is the current state of thread #318?
  [0.127] What did Nate flag about keeper cycle burn today?
  [0.192] What captures landed this afternoon and what connected them?
  [0.147] What is the standing directive on Discord presence?
Trial logged: trial_20260418_0505.json
Overall Jaccard: 0.108
Per-question:
  [0.157] What is the current state of thread #318?
  [0.122] What did Nate flag about keeper cycle burn today?
  [0.183] What captures landed this afternoon and what connected them?
  [0.14] What is the standing directive on Discord presence?
Trial logged: trial_20260418_0605.json
Overall Jaccard: 0.106
Per-question:
  [0.159] What is the current state of thread #318?
  [0.118] What did Nate flag about keeper cycle burn today?
  [0.178] What captures landed this afternoon and what connected them?
  [0.153] What is the standing directive on Discord presence?
Trial logged: trial_20260418_0705.json
Overall Jaccard: 0.112
Per-question:
  [0.163] What is the current state of thread #318?
  [0.123] What did Nate flag about keeper cycle burn today?
  [0.19] What captures landed this afternoon and what connected them?
  [0.163] What is the standing directive on Discord presence?
Trial logged: trial_20260418_0805.json
Overall Jaccard: 0.108
Per-question:
  [0.157] What is the current state of thread #318?
  [0.119] What did Nate flag about keeper cycle burn today?
  [0.195] What captures landed this afternoon and what connected them?
  [0.156] What is the standing directive on Discord presence?
Trial logged: trial_20260418_0905.json
Overall Jaccard: 0.101
Per-question:
  [0.148] What is the current state of thread #318?
  [0.112] What did Nate flag about keeper cycle burn today?
  [0.191] What captures landed this afternoon and what connected them?
  [0.15] What is the standing directive on Discord presence?
Trial logged: trial_20260418_1005.json
Overall Jaccard: 0.108
Per-question:
  [0.155] What is the current state of thread #318?
  [0.118] What did Nate flag about keeper cycle burn today?
  [0.189] What captures landed this afternoon and what connected them?
  [0.153] What is the standing directive on Discord presence?
Trial logged: trial_20260418_1105.json
Overall Jaccard: 0.1
Per-question:
  [0.141] What is the current state of thread #318?
  [0.11] What did Nate flag about keeper cycle burn today?
  [0.169] What captures landed this afternoon and what connected them?
  [0.149] What is the standing directive on Discord presence?
Trial logged: trial_20260418_1205.json
Overall Jaccard: 0.098
Per-question:
  [0.136] What is the current state of thread #318?
  [0.107] What did Nate flag about keeper cycle burn today?
  [0.159] What captures landed this afternoon and what connected them?
  [0.143] What is the standing directive on Discord presence?
Trial logged: trial_20260418_1305.json
Overall Jaccard: 0.097
Per-question:
  [0.137] What is the current state of thread #318?
  [0.104] What did Nate flag about keeper cycle burn today?
  [0.156] What captures landed this afternoon and what connected them?
  [0.149] What is the standing directive on Discord presence?
Trial logged: trial_20260418_1405.json
Overall Jaccard: 0.101
Per-question:
  [0.143] What is the current state of thread #318?
  [0.11] What did Nate flag about keeper cycle burn today?
  [0.167] What captures landed this afternoon and what connected them?
  [0.161] What is the standing directive on Discord presence?
Trial logged: trial_20260418_1505.json
Overall Jaccard: 0.093
Per-question:
  [0.129] What is the current state of thread #318?
  [0.101] What did Nate flag about keeper cycle burn today?
  [0.159] What captures landed this afternoon and what connected them?
  [0.142] What is the standing directive on Discord presence?
Trial logged: trial_20260418_1605.json
Overall Jaccard: 0.095
Per-question:
  [0.132] What is the current state of thread #318?
  [0.104] What did Nate flag about keeper cycle burn today?
  [0.159] What captures landed this afternoon and what connected them?
  [0.146] What is the standing directive on Discord presence?
Trial logged: trial_20260418_1705.json
Overall Jaccard: 0.093
Per-question:
  [0.126] What is the current state of thread #318?
  [0.101] What did Nate flag about keeper cycle burn today?
  [0.152] What captures landed this afternoon and what connected them?
  [0.14] What is the standing directive on Discord presence?
Trial logged: trial_20260418_1805.json
Overall Jaccard: 0.092
Per-question:
  [0.125] What is the current state of thread #318?
  [0.1] What did Nate flag about keeper cycle burn today?
  [0.15] What captures landed this afternoon and what connected them?
  [0.138] What is the standing directive on Discord presence?
Trial logged: trial_20260418_1905.json
Overall Jaccard: 0.094
Per-question:
  [0.125] What is the current state of thread #318?
  [0.104] What did Nate flag about keeper cycle burn today?
  [0.143] What captures landed this afternoon and what connected them?
  [0.135] What is the standing directive on Discord presence?
Trial logged: trial_20260418_2005.json
Overall Jaccard: 0.099
Per-question:
  [0.126] What is the current state of thread #318?
  [0.11] What did Nate flag about keeper cycle burn today?
  [0.144] What captures landed this afternoon and what connected them?
  [0.136] What is the standing directive on Discord presence?
Trial logged: trial_20260418_2105.json
Overall Jaccard: 0.104
Per-question:
  [0.133] What is the current state of thread #318?
  [0.116] What did Nate flag about keeper cycle burn today?
  [0.151] What captures landed this afternoon and what connected them?
  [0.14] What is the standing directive on Discord presence?
Trial logged: trial_20260418_2205.json
Overall Jaccard: 0.1
Per-question:
  [0.127] What is the current state of thread #318?
  [0.111] What did Nate flag about keeper cycle burn today?
  [0.146] What captures landed this afternoon and what connected them?
  [0.135] What is the standing directive on Discord presence?
Trial logged: trial_20260418_2305.json
Overall Jaccard: 0.098
Per-question:
  [0.125] What is the current state of thread #318?
  [0.109] What did Nate flag about keeper cycle burn today?
  [0.15] What captures landed this afternoon and what connected them?
  [0.135] What is the standing directive on Discord presence?
Trial logged: trial_20260419_0005.json
Overall Jaccard: 0.104
Per-question:
  [0.133] What is the current state of thread #318?
  [0.116] What did Nate flag about keeper cycle burn today?
  [0.162] What captures landed this afternoon and what connected them?
  [0.144] What is the standing directive on Discord presence?
Trial logged: trial_20260419_0105.json
Overall Jaccard: 0.101
Per-question:
  [0.133] What is the current state of thread #318?
  [0.111] What did Nate flag about keeper cycle burn today?
  [0.168] What captures landed this afternoon and what connected them?
  [0.143] What is the standing directive on Discord presence?
Trial logged: trial_20260419_0205.json
Overall Jaccard: 0.099
Per-question:
  [0.131] What is the current state of thread #318?
  [0.109] What did Nate flag about keeper cycle burn today?
  [0.166] What captures landed this afternoon and what connected them?
  [0.139] What is the standing directive on Discord presence?
Trial logged: trial_20260419_0305.json
Overall Jaccard: 0.1
Per-question:
  [0.132] What is the current state of thread #318?
  [0.109] What did Nate flag about keeper cycle burn today?
  [0.172] What captures landed this afternoon and what connected them?
  [0.142] What is the standing directive on Discord presence?
Trial logged: trial_20260419_0405.json
Overall Jaccard: 0.1
Per-question:
  [0.131] What is the current state of thread #318?
  [0.11] What did Nate flag about keeper cycle burn today?
  [0.173] What captures landed this afternoon and what connected them?
  [0.142] What is the standing directive on Discord presence?
Trial logged: trial_20260419_0505.json
Overall Jaccard: 0.112
Per-question:
  [0.154] What is the current state of thread #318?
  [0.123] What did Nate flag about keeper cycle burn today?
  [0.189] What captures landed this afternoon and what connected them?
  [0.18] What is the standing directive on Discord presence?
Trial logged: trial_20260419_0605.json
Overall Jaccard: 0.105
Per-question:
  [0.146] What is the current state of thread #318?
  [0.114] What did Nate flag about keeper cycle burn today?
  [0.175] What captures landed this afternoon and what connected them?
  [0.169] What is the standing directive on Discord presence?
Trial logged: trial_20260419_0705.json
Overall Jaccard: 0.111
Per-question:
  [0.155] What is the current state of thread #318?
  [0.122] What did Nate flag about keeper cycle burn today?
  [0.189] What captures landed this afternoon and what connected them?
  [0.189] What is the standing directive on Discord presence?
Trial logged: trial_20260419_0805.json
Overall Jaccard: 0.104
Per-question:
  [0.143] What is the current state of thread #318?
  [0.113] What did Nate flag about keeper cycle burn today?
  [0.181] What captures landed this afternoon and what connected them?
  [0.17] What is the standing directive on Discord presence?
Trial logged: trial_20260419_0905.json
Overall Jaccard: 0.107
Per-question:
  [0.142] What is the current state of thread #318?
  [0.116] What did Nate flag about keeper cycle burn today?
  [0.19] What captures landed this afternoon and what connected them?
  [0.182] What is the standing directive on Discord presence?
Trial logged: trial_20260419_1005.json
Overall Jaccard: 0.109
Per-question:
  [0.144] What is the current state of thread #318?
  [0.118] What did Nate flag about keeper cycle burn today?
  [0.185] What captures landed this afternoon and what connected them?
  [0.185] What is the standing directive on Discord presence?
Trial logged: trial_20260419_1105.json
Overall Jaccard: 0.113
Per-question:
  [0.154] What is the current state of thread #318?
  [0.125] What did Nate flag about keeper cycle burn today?
  [0.196] What captures landed this afternoon and what connected them?
  [0.186] What is the standing directive on Discord presence?
Trial logged: trial_20260419_1205.json
Overall Jaccard: 0.119
Per-question:
  [0.166] What is the current state of thread #318?
  [0.131] What did Nate flag about keeper cycle burn today?
  [0.208] What captures landed this afternoon and what connected them?
  [0.186] What is the standing directive on Discord presence?
Trial logged: trial_20260419_1305.json
Overall Jaccard: 0.11
Per-question:
  [0.147] What is the current state of thread #318?
  [0.121] What did Nate flag about keeper cycle burn today?
  [0.174] What captures landed this afternoon and what connected them?
  [0.168] What is the standing directive on Discord presence?
Trial logged: trial_20260419_1405.json
Overall Jaccard: 0.103
Per-question:
  [0.138] What is the current state of thread #318?
  [0.112] What did Nate flag about keeper cycle burn today?
  [0.164] What captures landed this afternoon and what connected them?
  [0.156] What is the standing directive on Discord presence?
Trial logged: trial_20260419_1505.json
Overall Jaccard: 0.098
Per-question:
  [0.123] What is the current state of thread #318?
  [0.106] What did Nate flag about keeper cycle burn today?
  [0.16] What captures landed this afternoon and what connected them?
  [0.137] What is the standing directive on Discord presence?
Trial logged: trial_20260419_1605.json
Overall Jaccard: 0.098
Per-question:
  [0.124] What is the current state of thread #318?
  [0.106] What did Nate flag about keeper cycle burn today?
  [0.157] What captures landed this afternoon and what connected them?
  [0.137] What is the standing directive on Discord presence?
Trial logged: trial_20260419_1705.json
Overall Jaccard: 0.101
Per-question:
  [0.126] What is the current state of thread #318?
  [0.107] What did Nate flag about keeper cycle burn today?
  [0.164] What captures landed this afternoon and what connected them?
  [0.144] What is the standing directive on Discord presence?
Trial logged: trial_20260419_1805.json
Overall Jaccard: 0.104
Per-question:
  [0.137] What is the current state of thread #318?
  [0.112] What did Nate flag about keeper cycle burn today?
  [0.176] What captures landed this afternoon and what connected them?
  [0.149] What is the standing directive on Discord presence?
Trial logged: trial_20260419_1905.json
Overall Jaccard: 0.109
Per-question:
  [0.141] What is the current state of thread #318?
  [0.117] What did Nate flag about keeper cycle burn today?
  [0.177] What captures landed this afternoon and what connected them?
  [0.155] What is the standing directive on Discord presence?
Trial logged: trial_20260419_2005.json
Overall Jaccard: 0.102
Per-question:
  [0.133] What is the current state of thread #318?
  [0.11] What did Nate flag about keeper cycle burn today?
  [0.169] What captures landed this afternoon and what connected them?
  [0.14] What is the standing directive on Discord presence?
Trial logged: trial_20260419_2105.json
Overall Jaccard: 0.102
Per-question:
  [0.135] What is the current state of thread #318?
  [0.109] What did Nate flag about keeper cycle burn today?
  [0.168] What captures landed this afternoon and what connected them?
  [0.142] What is the standing directive on Discord presence?
Trial logged: trial_20260419_2205.json
Overall Jaccard: 0.102
Per-question:
  [0.137] What is the current state of thread #318?
  [0.109] What did Nate flag about keeper cycle burn today?
  [0.169] What captures landed this afternoon and what connected them?
  [0.143] What is the standing directive on Discord presence?
Trial logged: trial_20260419_2305.json
Overall Jaccard: 0.102
Per-question:
  [0.138] What is the current state of thread #318?
  [0.109] What did Nate flag about keeper cycle burn today?
  [0.168] What captures landed this afternoon and what connected them?
  [0.139] What is the standing directive on Discord presence?
Trial logged: trial_20260420_0005.json
Overall Jaccard: 0.103
Per-question:
  [0.136] What is the current state of thread #318?
  [0.11] What did Nate flag about keeper cycle burn today?
  [0.168] What captures landed this afternoon and what connected them?
  [0.139] What is the standing directive on Discord presence?
Trial logged: trial_20260420_0105.json
Overall Jaccard: 0.106
Per-question:
  [0.138] What is the current state of thread #318?
  [0.113] What did Nate flag about keeper cycle burn today?
  [0.171] What captures landed this afternoon and what connected them?
  [0.143] What is the standing directive on Discord presence?
Trial logged: trial_20260420_0205.json
Overall Jaccard: 0.109
Per-question:
  [0.14] What is the current state of thread #318?
  [0.117] What did Nate flag about keeper cycle burn today?
  [0.175] What captures landed this afternoon and what connected them?
  [0.147] What is the standing directive on Discord presence?
Trial logged: trial_20260420_0305.json
Overall Jaccard: 0.108
Per-question:
  [0.141] What is the current state of thread #318?
  [0.117] What did Nate flag about keeper cycle burn today?
  [0.175] What captures landed this afternoon and what connected them?
  [0.144] What is the standing directive on Discord presence?
Trial logged: trial_20260420_0405.json
Overall Jaccard: 0.11
Per-question:
  [0.144] What is the current state of thread #318?
  [0.12] What did Nate flag about keeper cycle burn today?
  [0.182] What captures landed this afternoon and what connected them?
  [0.146] What is the standing directive on Discord presence?
Trial logged: trial_20260420_0505.json
Overall Jaccard: 0.114
Per-question:
  [0.152] What is the current state of thread #318?
  [0.123] What did Nate flag about keeper cycle burn today?
  [0.199] What captures landed this afternoon and what connected them?
  [0.148] What is the standing directive on Discord presence?
Trial logged: trial_20260420_0605.json
Overall Jaccard: 0.125
Per-question:
  [0.179] What is the current state of thread #318?
  [0.139] What did Nate flag about keeper cycle burn today?
  [0.199] What captures landed this afternoon and what connected them?
  [0.177] What is the standing directive on Discord presence?
Trial logged: trial_20260420_0705.json
Overall Jaccard: 0.128
Per-question:
  [0.185] What is the current state of thread #318?
  [0.144] What did Nate flag about keeper cycle burn today?
  [0.2] What captures landed this afternoon and what connected them?
  [0.188] What is the standing directive on Discord presence?
Trial logged: trial_20260420_0805.json
Overall Jaccard: 0.123
Per-question:
  [0.172] What is the current state of thread #318?
  [0.137] What did Nate flag about keeper cycle burn today?
  [0.2] What captures landed this afternoon and what connected them?
  [0.175] What is the standing directive on Discord presence?
Trial logged: trial_20260420_0905.json
Overall Jaccard: 0.122
Per-question:
  [0.166] What is the current state of thread #318?
  [0.135] What did Nate flag about keeper cycle burn today?
  [0.189] What captures landed this afternoon and what connected them?
  [0.18] What is the standing directive on Discord presence?
Trial logged: trial_20260420_1005.json
Overall Jaccard: 0.122
Per-question:
  [0.171] What is the current state of thread #318?
  [0.133] What did Nate flag about keeper cycle burn today?
  [0.192] What captures landed this afternoon and what connected them?
  [0.184] What is the standing directive on Discord presence?
Trial logged: trial_20260420_1105.json
Overall Jaccard: 0.126
Per-question:
  [0.183] What is the current state of thread #318?
  [0.14] What did Nate flag about keeper cycle burn today?
  [0.203] What captures landed this afternoon and what connected them?
  [0.197] What is the standing directive on Discord presence?
Trial logged: trial_20260420_1205.json
Overall Jaccard: 0.124
Per-question:
  [0.177] What is the current state of thread #318?
  [0.138] What did Nate flag about keeper cycle burn today?
  [0.202] What captures landed this afternoon and what connected them?
  [0.188] What is the standing directive on Discord presence?
Trial logged: trial_20260420_1305.json
Overall Jaccard: 0.118
Per-question:
  [0.171] What is the current state of thread #318?
  [0.131] What did Nate flag about keeper cycle burn today?
  [0.191] What captures landed this afternoon and what connected them?
  [0.175] What is the standing directive on Discord presence?
Trial logged: trial_20260420_1405.json
Overall Jaccard: 0.121
Per-question:
  [0.175] What is the current state of thread #318?
  [0.136] What did Nate flag about keeper cycle burn today?
  [0.194] What captures landed this afternoon and what connected them?
  [0.18] What is the standing directive on Discord presence?
Trial logged: trial_20260420_1505.json
Overall Jaccard: 0.125
Per-question:
  [0.185] What is the current state of thread #318?
  [0.142] What did Nate flag about keeper cycle burn today?
  [0.206] What captures landed this afternoon and what connected them?
  [0.194] What is the standing directive on Discord presence?
Trial logged: trial_20260420_1605.json
Overall Jaccard: 0.127
Per-question:
  [0.182] What is the current state of thread #318?
  [0.143] What did Nate flag about keeper cycle burn today?
  [0.203] What captures landed this afternoon and what connected them?
  [0.189] What is the standing directive on Discord presence?
Trial logged: trial_20260420_1705.json
Overall Jaccard: 0.111
Per-question:
  [0.167] What is the current state of thread #318?
  [0.124] What did Nate flag about keeper cycle burn today?
  [0.187] What captures landed this afternoon and what connected them?
  [0.176] What is the standing directive on Discord presence?
Trial logged: trial_20260420_1805.json
Overall Jaccard: 0.108
Per-question:
  [0.151] What is the current state of thread #318?
  [0.119] What did Nate flag about keeper cycle burn today?
  [0.186] What captures landed this afternoon and what connected them?
  [0.166] What is the standing directive on Discord presence?
Trial logged: trial_20260420_1905.json
Overall Jaccard: 0.109
Per-question:
  [0.147] What is the current state of thread #318?
  [0.118] What did Nate flag about keeper cycle burn today?
  [0.186] What captures landed this afternoon and what connected them?
  [0.167] What is the standing directive on Discord presence?
Trial logged: trial_20260420_2005.json
Overall Jaccard: 0.112
Per-question:
  [0.149] What is the current state of thread #318?
  [0.121] What did Nate flag about keeper cycle burn today?
  [0.197] What captures landed this afternoon and what connected them?
  [0.167] What is the standing directive on Discord presence?
Trial logged: trial_20260420_2105.json
Overall Jaccard: 0.11
Per-question:
  [0.149] What is the current state of thread #318?
  [0.12] What did Nate flag about keeper cycle burn today?
  [0.185] What captures landed this afternoon and what connected them?
  [0.158] What is the standing directive on Discord presence?
Trial logged: trial_20260420_2205.json
Overall Jaccard: 0.107
Per-question:
  [0.144] What is the current state of thread #318?
  [0.117] What did Nate flag about keeper cycle burn today?
  [0.179] What captures landed this afternoon and what connected them?
  [0.149] What is the standing directive on Discord presence?
Trial logged: trial_20260420_2305.json
Overall Jaccard: 0.108
Per-question:
  [0.145] What is the current state of thread #318?
  [0.118] What did Nate flag about keeper cycle burn today?
  [0.179] What captures landed this afternoon and what connected them?
  [0.148] What is the standing directive on Discord presence?
Trial logged: trial_20260421_0005.json
Overall Jaccard: 0.114
Per-question:
  [0.152] What is the current state of thread #318?
  [0.123] What did Nate flag about keeper cycle burn today?
  [0.188] What captures landed this afternoon and what connected them?
  [0.151] What is the standing directive on Discord presence?
Trial logged: trial_20260421_0105.json
Overall Jaccard: 0.116
Per-question:
  [0.154] What is the current state of thread #318?
  [0.127] What did Nate flag about keeper cycle burn today?
  [0.199] What captures landed this afternoon and what connected them?
  [0.156] What is the standing directive on Discord presence?
Trial logged: trial_20260421_0205.json
Overall Jaccard: 0.11
Per-question:
  [0.148] What is the current state of thread #318?
  [0.121] What did Nate flag about keeper cycle burn today?
  [0.194] What captures landed this afternoon and what connected them?
  [0.149] What is the standing directive on Discord presence?
Trial logged: trial_20260421_0305.json
Overall Jaccard: 0.115
Per-question:
  [0.153] What is the current state of thread #318?
  [0.127] What did Nate flag about keeper cycle burn today?
  [0.201] What captures landed this afternoon and what connected them?
  [0.153] What is the standing directive on Discord presence?
Trial logged: trial_20260421_0405.json
Overall Jaccard: 0.113
Per-question:
  [0.151] What is the current state of thread #318?
  [0.124] What did Nate flag about keeper cycle burn today?
  [0.195] What captures landed this afternoon and what connected them?
  [0.151] What is the standing directive on Discord presence?
Trial logged: trial_20260421_0505.json
Overall Jaccard: 0.112
Per-question:
  [0.149] What is the current state of thread #318?
  [0.123] What did Nate flag about keeper cycle burn today?
  [0.193] What captures landed this afternoon and what connected them?
  [0.154] What is the standing directive on Discord presence?
Trial logged: trial_20260421_0605.json
Overall Jaccard: 0.121
Per-question:
  [0.156] What is the current state of thread #318?
  [0.134] What did Nate flag about keeper cycle burn today?
  [0.204] What captures landed this afternoon and what connected them?
  [0.169] What is the standing directive on Discord presence?
Trial logged: trial_20260421_0705.json
Overall Jaccard: 0.111
Per-question:
  [0.144] What is the current state of thread #318?
  [0.124] What did Nate flag about keeper cycle burn today?
  [0.182] What captures landed this afternoon and what connected them?
  [0.152] What is the standing directive on Discord presence?
Trial logged: trial_20260421_0805.json
Overall Jaccard: 0.119
Per-question:
  [0.165] What is the current state of thread #318?
  [0.135] What did Nate flag about keeper cycle burn today?
  [0.196] What captures landed this afternoon and what connected them?
  [0.168] What is the standing directive on Discord presence?
Trial logged: trial_20260421_0905.json
Overall Jaccard: 0.12
Per-question:
  [0.165] What is the current state of thread #318?
  [0.136] What did Nate flag about keeper cycle burn today?
  [0.197] What captures landed this afternoon and what connected them?
  [0.166] What is the standing directive on Discord presence?
Trial logged: trial_20260421_1005.json
Overall Jaccard: 0.121
Per-question:
  [0.161] What is the current state of thread #318?
  [0.139] What did Nate flag about keeper cycle burn today?
  [0.205] What captures landed this afternoon and what connected them?
  [0.171] What is the standing directive on Discord presence?
Trial logged: trial_20260421_1105.json
Overall Jaccard: 0.119
Per-question:
  [0.157] What is the current state of thread #318?
  [0.134] What did Nate flag about keeper cycle burn today?
  [0.191] What captures landed this afternoon and what connected them?
  [0.167] What is the standing directive on Discord presence?
Trial logged: trial_20260421_1205.json
Overall Jaccard: 0.122
Per-question:
  [0.168] What is the current state of thread #318?
  [0.14] What did Nate flag about keeper cycle burn today?
  [0.197] What captures landed this afternoon and what connected them?
  [0.171] What is the standing directive on Discord presence?
Trial logged: trial_20260421_1305.json
Overall Jaccard: 0.112
Per-question:
  [0.152] What is the current state of thread #318?
  [0.128] What did Nate flag about keeper cycle burn today?
  [0.177] What captures landed this afternoon and what connected them?
  [0.16] What is the standing directive on Discord presence?
Trial logged: trial_20260421_1405.json
Overall Jaccard: 0.123
Per-question:
  [0.164] What is the current state of thread #318?
  [0.139] What did Nate flag about keeper cycle burn today?
  [0.186] What captures landed this afternoon and what connected them?
  [0.178] What is the standing directive on Discord presence?
Trial logged: trial_20260421_1505.json
Overall Jaccard: 0.122
Per-question:
  [0.166] What is the current state of thread #318?
  [0.139] What did Nate flag about keeper cycle burn today?
  [0.182] What captures landed this afternoon and what connected them?
  [0.178] What is the standing directive on Discord presence?
Trial logged: trial_20260421_1605.json
Overall Jaccard: 0.12
Per-question:
  [0.163] What is the current state of thread #318?
  [0.137] What did Nate flag about keeper cycle burn today?
  [0.177] What captures landed this afternoon and what connected them?
  [0.179] What is the standing directive on Discord presence?
Trial logged: trial_20260421_1705.json
Overall Jaccard: 0.123
Per-question:
  [0.166] What is the current state of thread #318?
  [0.139] What did Nate flag about keeper cycle burn today?
  [0.178] What captures landed this afternoon and what connected them?
  [0.185] What is the standing directive on Discord presence?
Trial logged: trial_20260421_1805.json
Overall Jaccard: 0.124
Per-question:
  [0.168] What is the current state of thread #318?
  [0.142] What did Nate flag about keeper cycle burn today?
  [0.179] What captures landed this afternoon and what connected them?
  [0.187] What is the standing directive on Discord presence?
Trial logged: trial_20260421_1905.json
Overall Jaccard: 0.118
Per-question:
  [0.162] What is the current state of thread #318?
  [0.134] What did Nate flag about keeper cycle burn today?
  [0.162] What captures landed this afternoon and what connected them?
  [0.173] What is the standing directive on Discord presence?
Trial logged: trial_20260421_2005.json
Overall Jaccard: 0.121
Per-question:
  [0.165] What is the current state of thread #318?
  [0.143] What did Nate flag about keeper cycle burn today?
  [0.161] What captures landed this afternoon and what connected them?
  [0.167] What is the standing directive on Discord presence?
Trial logged: trial_20260421_2105.json
Overall Jaccard: 0.118
Per-question:
  [0.16] What is the current state of thread #318?
  [0.137] What did Nate flag about keeper cycle burn today?
  [0.157] What captures landed this afternoon and what connected them?
  [0.161] What is the standing directive on Discord presence?
Trial logged: trial_20260421_2205.json
Overall Jaccard: 0.119
Per-question:
  [0.165] What is the current state of thread #318?
  [0.145] What did Nate flag about keeper cycle burn today?
  [0.161] What captures landed this afternoon and what connected them?
  [0.162] What is the standing directive on Discord presence?
Trial logged: trial_20260421_2305.json
Overall Jaccard: 0.12
Per-question:
  [0.165] What is the current state of thread #318?
  [0.147] What did Nate flag about keeper cycle burn today?
  [0.16] What captures landed this afternoon and what connected them?
  [0.163] What is the standing directive on Discord presence?
Trial logged: trial_20260422_0005.json
Overall Jaccard: 0.122
Per-question:
  [0.165] What is the current state of thread #318?
  [0.147] What did Nate flag about keeper cycle burn today?
  [0.162] What captures landed this afternoon and what connected them?
  [0.165] What is the standing directive on Discord presence?
Trial logged: trial_20260422_0105.json
Overall Jaccard: 0.121
Per-question:
  [0.166] What is the current state of thread #318?
  [0.148] What did Nate flag about keeper cycle burn today?
  [0.161] What captures landed this afternoon and what connected them?
  [0.166] What is the standing directive on Discord presence?
Trial logged: trial_20260422_0205.json
Overall Jaccard: 0.126
Per-question:
  [0.171] What is the current state of thread #318?
  [0.154] What did Nate flag about keeper cycle burn today?
  [0.169] What captures landed this afternoon and what connected them?
  [0.173] What is the standing directive on Discord presence?
Trial logged: trial_20260422_0305.json
Overall Jaccard: 0.119
Per-question:
  [0.165] What is the current state of thread #318?
  [0.147] What did Nate flag about keeper cycle burn today?
  [0.161] What captures landed this afternoon and what connected them?
  [0.166] What is the standing directive on Discord presence?
Trial logged: trial_20260422_0405.json
Overall Jaccard: 0.119
Per-question:
  [0.166] What is the current state of thread #318?
  [0.147] What did Nate flag about keeper cycle burn today?
  [0.162] What captures landed this afternoon and what connected them?
  [0.165] What is the standing directive on Discord presence?
Trial logged: trial_20260422_0505.json
Overall Jaccard: 0.124
Per-question:
  [0.173] What is the current state of thread #318?
  [0.151] What did Nate flag about keeper cycle burn today?
  [0.168] What captures landed this afternoon and what connected them?
  [0.174] What is the standing directive on Discord presence?
Trial logged: trial_20260422_0605.json
Overall Jaccard: 0.125
Per-question:
  [0.171] What is the current state of thread #318?
  [0.151] What did Nate flag about keeper cycle burn today?
  [0.167] What captures landed this afternoon and what connected them?
  [0.177] What is the standing directive on Discord presence?
Trial logged: trial_20260422_0705.json
Overall Jaccard: 0.12
Per-question:
  [0.166] What is the current state of thread #318?
  [0.145] What did Nate flag about keeper cycle burn today?
  [0.166] What captures landed this afternoon and what connected them?
  [0.171] What is the standing directive on Discord presence?
Trial logged: trial_20260422_0805.json
Overall Jaccard: 0.117
Per-question:
  [0.164] What is the current state of thread #318?
  [0.139] What did Nate flag about keeper cycle burn today?
  [0.169] What captures landed this afternoon and what connected them?
  [0.175] What is the standing directive on Discord presence?
Trial logged: trial_20260422_0905.json
Overall Jaccard: 0.121
Per-question:
  [0.162] What is the current state of thread #318?
  [0.141] What did Nate flag about keeper cycle burn today?
  [0.17] What captures landed this afternoon and what connected them?
  [0.183] What is the standing directive on Discord presence?
Trial logged: trial_20260422_1005.json
Overall Jaccard: 0.121
Per-question:
  [0.166] What is the current state of thread #318?
  [0.144] What did Nate flag about keeper cycle burn today?
  [0.171] What captures landed this afternoon and what connected them?
  [0.182] What is the standing directive on Discord presence?
Trial logged: trial_20260422_1105.json
Overall Jaccard: 0.115
Per-question:
  [0.154] What is the current state of thread #318?
  [0.135] What did Nate flag about keeper cycle burn today?
  [0.165] What captures landed this afternoon and what connected them?
  [0.173] What is the standing directive on Discord presence?
Trial logged: trial_20260422_1205.json
Overall Jaccard: 0.115
Per-question:
  [0.156] What is the current state of thread #318?
  [0.134] What did Nate flag about keeper cycle burn today?
  [0.17] What captures landed this afternoon and what connected them?
  [0.172] What is the standing directive on Discord presence?
Trial logged: trial_20260422_1305.json
Overall Jaccard: 0.119
Per-question:
  [0.158] What is the current state of thread #318?
  [0.137] What did Nate flag about keeper cycle burn today?
  [0.17] What captures landed this afternoon and what connected them?
  [0.177] What is the standing directive on Discord presence?
Trial logged: trial_20260422_1405.json
Overall Jaccard: 0.119
Per-question:
  [0.159] What is the current state of thread #318?
  [0.137] What did Nate flag about keeper cycle burn today?
  [0.169] What captures landed this afternoon and what connected them?
  [0.182] What is the standing directive on Discord presence?
Trial logged: trial_20260422_1505.json
Overall Jaccard: 0.117
Per-question:
  [0.159] What is the current state of thread #318?
  [0.135] What did Nate flag about keeper cycle burn today?
  [0.17] What captures landed this afternoon and what connected them?
  [0.167] What is the standing directive on Discord presence?
Trial logged: trial_20260422_1605.json
Overall Jaccard: 0.119
Per-question:
  [0.165] What is the current state of thread #318?
  [0.134] What did Nate flag about keeper cycle burn today?
  [0.178] What captures landed this afternoon and what connected them?
  [0.175] What is the standing directive on Discord presence?
Trial logged: trial_20260422_1705.json
Overall Jaccard: 0.114
Per-question:
  [0.159] What is the current state of thread #318?
  [0.128] What did Nate flag about keeper cycle burn today?
  [0.172] What captures landed this afternoon and what connected them?
  [0.174] What is the standing directive on Discord presence?
Trial logged: trial_20260422_1805.json
Overall Jaccard: 0.118
Per-question:
  [0.164] What is the current state of thread #318?
  [0.132] What did Nate flag about keeper cycle burn today?
  [0.172] What captures landed this afternoon and what connected them?
  [0.18] What is the standing directive on Discord presence?
Trial logged: trial_20260422_1905.json
Overall Jaccard: 0.127
Per-question:
  [0.172] What is the current state of thread #318?
  [0.139] What did Nate flag about keeper cycle burn today?
  [0.181] What captures landed this afternoon and what connected them?
  [0.184] What is the standing directive on Discord presence?
Trial logged: trial_20260422_2005.json
Overall Jaccard: 0.124
Per-question:
  [0.176] What is the current state of thread #318?
  [0.138] What did Nate flag about keeper cycle burn today?
  [0.182] What captures landed this afternoon and what connected them?
  [0.185] What is the standing directive on Discord presence?
Trial logged: trial_20260422_2105.json
Overall Jaccard: 0.122
Per-question:
  [0.17] What is the current state of thread #318?
  [0.135] What did Nate flag about keeper cycle burn today?
  [0.18] What captures landed this afternoon and what connected them?
  [0.175] What is the standing directive on Discord presence?
Trial logged: trial_20260422_2205.json
Overall Jaccard: 0.125
Per-question:
  [0.17] What is the current state of thread #318?
  [0.141] What did Nate flag about keeper cycle burn today?
  [0.184] What captures landed this afternoon and what connected them?
  [0.183] What is the standing directive on Discord presence?
Trial logged: trial_20260422_2305.json
Overall Jaccard: 0.12
Per-question:
  [0.163] What is the current state of thread #318?
  [0.136] What did Nate flag about keeper cycle burn today?
  [0.174] What captures landed this afternoon and what connected them?
  [0.177] What is the standing directive on Discord presence?
Trial logged: trial_20260423_0005.json
Overall Jaccard: 0.121
Per-question:
  [0.164] What is the current state of thread #318?
  [0.135] What did Nate flag about keeper cycle burn today?
  [0.174] What captures landed this afternoon and what connected them?
  [0.177] What is the standing directive on Discord presence?
Trial logged: trial_20260423_0105.json
Overall Jaccard: 0.121
Per-question:
  [0.165] What is the current state of thread #318?
  [0.137] What did Nate flag about keeper cycle burn today?
  [0.171] What captures landed this afternoon and what connected them?
  [0.178] What is the standing directive on Discord presence?
Trial logged: trial_20260423_0205.json
Overall Jaccard: 0.123
Per-question:
  [0.17] What is the current state of thread #318?
  [0.14] What did Nate flag about keeper cycle burn today?
  [0.176] What captures landed this afternoon and what connected them?
  [0.178] What is the standing directive on Discord presence?
Trial logged: trial_20260423_0305.json
Overall Jaccard: 0.12
Per-question:
  [0.173] What is the current state of thread #318?
  [0.137] What did Nate flag about keeper cycle burn today?
  [0.172] What captures landed this afternoon and what connected them?
  [0.17] What is the standing directive on Discord presence?
Trial logged: trial_20260423_0405.json
Overall Jaccard: 0.127
Per-question:
  [0.178] What is the current state of thread #318?
  [0.145] What did Nate flag about keeper cycle burn today?
  [0.175] What captures landed this afternoon and what connected them?
  [0.182] What is the standing directive on Discord presence?
Trial logged: trial_20260423_0505.json
Overall Jaccard: 0.123
Per-question:
  [0.171] What is the current state of thread #318?
  [0.14] What did Nate flag about keeper cycle burn today?
  [0.169] What captures landed this afternoon and what connected them?
  [0.175] What is the standing directive on Discord presence?
Trial logged: trial_20260423_0605.json
Overall Jaccard: 0.119
Per-question:
  [0.165] What is the current state of thread #318?
  [0.134] What did Nate flag about keeper cycle burn today?
  [0.169] What captures landed this afternoon and what connected them?
  [0.17] What is the standing directive on Discord presence?
Trial logged: trial_20260423_0705.json
Overall Jaccard: 0.114
Per-question:
  [0.166] What is the current state of thread #318?
  [0.132] What did Nate flag about keeper cycle burn today?
  [0.158] What captures landed this afternoon and what connected them?
  [0.155] What is the standing directive on Discord presence?
Trial logged: trial_20260423_0805.json
Overall Jaccard: 0.112
Per-question:
  [0.162] What is the current state of thread #318?
  [0.126] What did Nate flag about keeper cycle burn today?
  [0.179] What captures landed this afternoon and what connected them?
  [0.16] What is the standing directive on Discord presence?
Trial logged: trial_20260423_0905.json
Overall Jaccard: 0.117
Per-question:
  [0.163] What is the current state of thread #318?
  [0.131] What did Nate flag about keeper cycle burn today?
  [0.189] What captures landed this afternoon and what connected them?
  [0.163] What is the standing directive on Discord presence?
Trial logged: trial_20260423_1005.json
Overall Jaccard: 0.11
Per-question:
  [0.159] What is the current state of thread #318?
  [0.125] What did Nate flag about keeper cycle burn today?
  [0.187] What captures landed this afternoon and what connected them?
  [0.149] What is the standing directive on Discord presence?
Trial logged: trial_20260423_1105.json
Overall Jaccard: 0.11
Per-question:
  [0.159] What is the current state of thread #318?
  [0.121] What did Nate flag about keeper cycle burn today?
  [0.183] What captures landed this afternoon and what connected them?
  [0.152] What is the standing directive on Discord presence?
Trial logged: trial_20260423_1205.json
Overall Jaccard: 0.108
Per-question:
  [0.15] What is the current state of thread #318?
  [0.119] What did Nate flag about keeper cycle burn today?
  [0.169] What captures landed this afternoon and what connected them?
  [0.152] What is the standing directive on Discord presence?
Trial logged: trial_20260423_1305.json
Overall Jaccard: 0.103
Per-question:
  [0.147] What is the current state of thread #318?
  [0.114] What did Nate flag about keeper cycle burn today?
  [0.166] What captures landed this afternoon and what connected them?
  [0.144] What is the standing directive on Discord presence?
Trial logged: trial_20260423_1405.json
Overall Jaccard: 0.101
Per-question:
  [0.143] What is the current state of thread #318?
  [0.112] What did Nate flag about keeper cycle burn today?
  [0.161] What captures landed this afternoon and what connected them?
  [0.14] What is the standing directive on Discord presence?
Trial logged: trial_20260423_1505.json
Overall Jaccard: 0.099
Per-question:
  [0.141] What is the current state of thread #318?
  [0.109] What did Nate flag about keeper cycle burn today?
  [0.165] What captures landed this afternoon and what connected them?
  [0.138] What is the standing directive on Discord presence?
Trial logged: trial_20260423_1605.json
Overall Jaccard: 0.109
Per-question:
  [0.158] What is the current state of thread #318?
  [0.121] What did Nate flag about keeper cycle burn today?
  [0.179] What captures landed this afternoon and what connected them?
  [0.146] What is the standing directive on Discord presence?
Trial logged: trial_20260423_1705.json
Overall Jaccard: 0.106
Per-question:
  [0.151] What is the current state of thread #318?
  [0.115] What did Nate flag about keeper cycle burn today?
  [0.171] What captures landed this afternoon and what connected them?
  [0.14] What is the standing directive on Discord presence?
Trial logged: trial_20260423_1805.json
Overall Jaccard: 0.106
Per-question:
  [0.15] What is the current state of thread #318?
  [0.115] What did Nate flag about keeper cycle burn today?
  [0.175] What captures landed this afternoon and what connected them?
  [0.143] What is the standing directive on Discord presence?
Trial logged: trial_20260423_1905.json
Overall Jaccard: 0.104
Per-question:
  [0.148] What is the current state of thread #318?
  [0.112] What did Nate flag about keeper cycle burn today?
  [0.169] What captures landed this afternoon and what connected them?
  [0.139] What is the standing directive on Discord presence?
Trial logged: trial_20260423_2005.json
Overall Jaccard: 0.101
Per-question:
  [0.142] What is the current state of thread #318?
  [0.109] What did Nate flag about keeper cycle burn today?
  [0.168] What captures landed this afternoon and what connected them?
  [0.131] What is the standing directive on Discord presence?
Trial logged: trial_20260423_2105.json
Overall Jaccard: 0.108
Per-question:
  [0.149] What is the current state of thread #318?
  [0.117] What did Nate flag about keeper cycle burn today?
  [0.18] What captures landed this afternoon and what connected them?
  [0.141] What is the standing directive on Discord presence?
Trial logged: trial_20260423_2205.json
Overall Jaccard: 0.104
Per-question:
  [0.147] What is the current state of thread #318?
  [0.113] What did Nate flag about keeper cycle burn today?
  [0.162] What captures landed this afternoon and what connected them?
  [0.133] What is the standing directive on Discord presence?
Trial logged: trial_20260423_2305.json
Overall Jaccard: 0.102
Per-question:
  [0.147] What is the current state of thread #318?
  [0.112] What did Nate flag about keeper cycle burn today?
  [0.157] What captures landed this afternoon and what connected them?
  [0.132] What is the standing directive on Discord presence?
Trial logged: trial_20260424_0005.json
Overall Jaccard: 0.102
Per-question:
  [0.146] What is the current state of thread #318?
  [0.111] What did Nate flag about keeper cycle burn today?
  [0.155] What captures landed this afternoon and what connected them?
  [0.131] What is the standing directive on Discord presence?
Trial logged: trial_20260424_0105.json
Overall Jaccard: 0.102
Per-question:
  [0.146] What is the current state of thread #318?
  [0.112] What did Nate flag about keeper cycle burn today?
  [0.156] What captures landed this afternoon and what connected them?
  [0.131] What is the standing directive on Discord presence?
Trial logged: trial_20260424_0205.json
Overall Jaccard: 0.105
Per-question:
  [0.148] What is the current state of thread #318?
  [0.115] What did Nate flag about keeper cycle burn today?
  [0.162] What captures landed this afternoon and what connected them?
  [0.13] What is the standing directive on Discord presence?
Trial logged: trial_20260424_0305.json
Overall Jaccard: 0.102
Per-question:
  [0.141] What is the current state of thread #318?
  [0.113] What did Nate flag about keeper cycle burn today?
  [0.155] What captures landed this afternoon and what connected them?
  [0.125] What is the standing directive on Discord presence?
Trial logged: trial_20260424_0405.json
Overall Jaccard: 0.104
Per-question:
  [0.143] What is the current state of thread #318?
  [0.114] What did Nate flag about keeper cycle burn today?
  [0.157] What captures landed this afternoon and what connected them?
  [0.127] What is the standing directive on Discord presence?
Trial logged: trial_20260424_0505.json
Overall Jaccard: 0.113
Per-question:
  [0.157] What is the current state of thread #318?
  [0.126] What did Nate flag about keeper cycle burn today?
  [0.166] What captures landed this afternoon and what connected them?
  [0.14] What is the standing directive on Discord presence?
Trial logged: trial_20260424_0605.json
Overall Jaccard: 0.106
Per-question:
  [0.149] What is the current state of thread #318?
  [0.118] What did Nate flag about keeper cycle burn today?
  [0.156] What captures landed this afternoon and what connected them?
  [0.131] What is the standing directive on Discord presence?
Trial logged: trial_20260424_0705.json
Overall Jaccard: 0.107
Per-question:
  [0.149] What is the current state of thread #318?
  [0.12] What did Nate flag about keeper cycle burn today?
  [0.155] What captures landed this afternoon and what connected them?
  [0.131] What is the standing directive on Discord presence?
Trial logged: trial_20260424_0805.json
Overall Jaccard: 0.101
Per-question:
  [0.137] What is the current state of thread #318?
  [0.113] What did Nate flag about keeper cycle burn today?
  [0.151] What captures landed this afternoon and what connected them?
  [0.132] What is the standing directive on Discord presence?
Trial logged: trial_20260424_0905.json
Overall Jaccard: 0.103
Per-question:
  [0.139] What is the current state of thread #318?
  [0.116] What did Nate flag about keeper cycle burn today?
  [0.16] What captures landed this afternoon and what connected them?
  [0.136] What is the standing directive on Discord presence?
Trial logged: trial_20260424_1005.json
Overall Jaccard: 0.097
Per-question:
  [0.135] What is the current state of thread #318?
  [0.109] What did Nate flag about keeper cycle burn today?
  [0.151] What captures landed this afternoon and what connected them?
  [0.13] What is the standing directive on Discord presence?
Trial logged: trial_20260424_1105.json
Overall Jaccard: 0.1
Per-question:
  [0.135] What is the current state of thread #318?
  [0.111] What did Nate flag about keeper cycle burn today?
  [0.16] What captures landed this afternoon and what connected them?
  [0.144] What is the standing directive on Discord presence?
Trial logged: trial_20260424_1205.json
Overall Jaccard: 0.101
Per-question:
  [0.138] What is the current state of thread #318?
  [0.112] What did Nate flag about keeper cycle burn today?
  [0.163] What captures landed this afternoon and what connected them?
  [0.149] What is the standing directive on Discord presence?
Trial logged: trial_20260424_1305.json
Overall Jaccard: 0.099
Per-question:
  [0.135] What is the current state of thread #318?
  [0.111] What did Nate flag about keeper cycle burn today?
  [0.16] What captures landed this afternoon and what connected them?
  [0.146] What is the standing directive on Discord presence?
Trial logged: trial_20260424_1405.json
Overall Jaccard: 0.101
Per-question:
  [0.137] What is the current state of thread #318?
  [0.113] What did Nate flag about keeper cycle burn today?
  [0.163] What captures landed this afternoon and what connected them?
  [0.15] What is the standing directive on Discord presence?
Trial logged: trial_20260424_1505.json
Overall Jaccard: 0.102
Per-question:
  [0.134] What is the current state of thread #318?
  [0.113] What did Nate flag about keeper cycle burn today?
  [0.162] What captures landed this afternoon and what connected them?
  [0.157] What is the standing directive on Discord presence?
Trial logged: trial_20260424_1605.json
Overall Jaccard: 0.101
Per-question:
  [0.138] What is the current state of thread #318?
  [0.114] What did Nate flag about keeper cycle burn today?
  [0.164] What captures landed this afternoon and what connected them?
  [0.162] What is the standing directive on Discord presence?
Trial logged: trial_20260424_1705.json
Overall Jaccard: 0.101
Per-question:
  [0.14] What is the current state of thread #318?
  [0.113] What did Nate flag about keeper cycle burn today?
  [0.166] What captures landed this afternoon and what connected them?
  [0.165] What is the standing directive on Discord presence?
Trial logged: trial_20260424_1805.json
Overall Jaccard: 0.1
Per-question:
  [0.138] What is the current state of thread #318?
  [0.113] What did Nate flag about keeper cycle burn today?
  [0.167] What captures landed this afternoon and what connected them?
  [0.163] What is the standing directive on Discord presence?
Trial logged: trial_20260424_1905.json
Overall Jaccard: 0.102
Per-question:
  [0.143] What is the current state of thread #318?
  [0.116] What did Nate flag about keeper cycle burn today?
  [0.168] What captures landed this afternoon and what connected them?
  [0.173] What is the standing directive on Discord presence?
Trial logged: trial_20260424_2005.json
Overall Jaccard: 0.098
Per-question:
  [0.136] What is the current state of thread #318?
  [0.108] What did Nate flag about keeper cycle burn today?
  [0.16] What captures landed this afternoon and what connected them?
  [0.168] What is the standing directive on Discord presence?
Trial logged: trial_20260424_2105.json
Overall Jaccard: 0.098
Per-question:
  [0.134] What is the current state of thread #318?
  [0.109] What did Nate flag about keeper cycle burn today?
  [0.152] What captures landed this afternoon and what connected them?
  [0.171] What is the standing directive on Discord presence?
Trial logged: trial_20260424_2205.json
Overall Jaccard: 0.1
Per-question:
  [0.136] What is the current state of thread #318?
  [0.11] What did Nate flag about keeper cycle burn today?
  [0.15] What captures landed this afternoon and what connected them?
  [0.172] What is the standing directive on Discord presence?
Trial logged: trial_20260424_2305.json
Overall Jaccard: 0.102
Per-question:
  [0.142] What is the current state of thread #318?
  [0.114] What did Nate flag about keeper cycle burn today?
  [0.157] What captures landed this afternoon and what connected them?
  [0.177] What is the standing directive on Discord presence?
Trial logged: trial_20260425_0005.json
Overall Jaccard: 0.099
Per-question:
  [0.136] What is the current state of thread #318?
  [0.11] What did Nate flag about keeper cycle burn today?
  [0.151] What captures landed this afternoon and what connected them?
  [0.17] What is the standing directive on Discord presence?
Trial logged: trial_20260425_0105.json
Overall Jaccard: 0.099
Per-question:
  [0.137] What is the current state of thread #318?
  [0.11] What did Nate flag about keeper cycle burn today?
  [0.152] What captures landed this afternoon and what connected them?
  [0.174] What is the standing directive on Discord presence?
Trial logged: trial_20260425_0205.json
Overall Jaccard: 0.103
Per-question:
  [0.146] What is the current state of thread #318?
  [0.117] What did Nate flag about keeper cycle burn today?
  [0.154] What captures landed this afternoon and what connected them?
  [0.202] What is the standing directive on Discord presence?
Trial logged: trial_20260425_0305.json
Overall Jaccard: 0.099
Per-question:
  [0.145] What is the current state of thread #318?
  [0.111] What did Nate flag about keeper cycle burn today?
  [0.149] What captures landed this afternoon and what connected them?
  [0.196] What is the standing directive on Discord presence?
Trial logged: trial_20260425_0405.json
Overall Jaccard: 0.099
Per-question:
  [0.144] What is the current state of thread #318?
  [0.111] What did Nate flag about keeper cycle burn today?
  [0.146] What captures landed this afternoon and what connected them?
  [0.189] What is the standing directive on Discord presence?
Trial logged: trial_20260425_0505.json
Overall Jaccard: 0.099
Per-question:
  [0.144] What is the current state of thread #318?
  [0.112] What did Nate flag about keeper cycle burn today?
  [0.146] What captures landed this afternoon and what connected them?
  [0.191] What is the standing directive on Discord presence?
Trial logged: trial_20260425_0605.json
Overall Jaccard: 0.102
Per-question:
  [0.15] What is the current state of thread #318?
  [0.117] What did Nate flag about keeper cycle burn today?
  [0.149] What captures landed this afternoon and what connected them?
  [0.193] What is the standing directive on Discord presence?
Trial logged: trial_20260425_0705.json
Overall Jaccard: 0.104
Per-question:
  [0.153] What is the current state of thread #318?
  [0.118] What did Nate flag about keeper cycle burn today?
  [0.149] What captures landed this afternoon and what connected them?
  [0.207] What is the standing directive on Discord presence?
Trial logged: trial_20260425_0805.json
Overall Jaccard: 0.102
Per-question:
  [0.154] What is the current state of thread #318?
  [0.117] What did Nate flag about keeper cycle burn today?
  [0.147] What captures landed this afternoon and what connected them?
  [0.209] What is the standing directive on Discord presence?
Trial logged: trial_20260425_0905.json
Overall Jaccard: 0.1
Per-question:
  [0.149] What is the current state of thread #318?
  [0.113] What did Nate flag about keeper cycle burn today?
  [0.151] What captures landed this afternoon and what connected them?
  [0.193] What is the standing directive on Discord presence?
Trial logged: trial_20260425_1005.json
Overall Jaccard: 0.106
Per-question:
  [0.154] What is the current state of thread #318?
  [0.12] What did Nate flag about keeper cycle burn today?
  [0.156] What captures landed this afternoon and what connected them?
  [0.196] What is the standing directive on Discord presence?
Trial logged: trial_20260425_1105.json
Overall Jaccard: 0.105
Per-question:
  [0.152] What is the current state of thread #318?
  [0.121] What did Nate flag about keeper cycle burn today?
  [0.15] What captures landed this afternoon and what connected them?
  [0.204] What is the standing directive on Discord presence?
Trial logged: trial_20260425_1205.json
Overall Jaccard: 0.104
Per-question:
  [0.15] What is the current state of thread #318?
  [0.121] What did Nate flag about keeper cycle burn today?
  [0.155] What captures landed this afternoon and what connected them?
  [0.2] What is the standing directive on Discord presence?
Trial logged: trial_20260425_1305.json
Overall Jaccard: 0.105
Per-question:
  [0.153] What is the current state of thread #318?
  [0.123] What did Nate flag about keeper cycle burn today?
  [0.152] What captures landed this afternoon and what connected them?
  [0.203] What is the standing directive on Discord presence?
Trial logged: trial_20260425_1405.json
Overall Jaccard: 0.11
Per-question:
  [0.164] What is the current state of thread #318?
  [0.129] What did Nate flag about keeper cycle burn today?
  [0.158] What captures landed this afternoon and what connected them?
  [0.21] What is the standing directive on Discord presence?
Trial logged: trial_20260425_1505.json
Overall Jaccard: 0.107
Per-question:
  [0.163] What is the current state of thread #318?
  [0.128] What did Nate flag about keeper cycle burn today?
  [0.153] What captures landed this afternoon and what connected them?
  [0.201] What is the standing directive on Discord presence?
Trial logged: trial_20260425_1605.json
Overall Jaccard: 0.114
Per-question:
  [0.172] What is the current state of thread #318?
  [0.137] What did Nate flag about keeper cycle burn today?
  [0.162] What captures landed this afternoon and what connected them?
  [0.219] What is the standing directive on Discord presence?
Trial logged: trial_20260425_1705.json
Overall Jaccard: 0.119
Per-question:
  [0.174] What is the current state of thread #318?
  [0.143] What did Nate flag about keeper cycle burn today?
  [0.167] What captures landed this afternoon and what connected them?
  [0.23] What is the standing directive on Discord presence?
Trial logged: trial_20260425_1805.json
Overall Jaccard: 0.116
Per-question:
  [0.171] What is the current state of thread #318?
  [0.139] What did Nate flag about keeper cycle burn today?
  [0.162] What captures landed this afternoon and what connected them?
  [0.225] What is the standing directive on Discord presence?
Trial logged: trial_20260425_1905.json
Overall Jaccard: 0.118
Per-question:
  [0.164] What is the current state of thread #318?
  [0.138] What did Nate flag about keeper cycle burn today?
  [0.169] What captures landed this afternoon and what connected them?
  [0.211] What is the standing directive on Discord presence?
Trial logged: trial_20260425_2005.json
Overall Jaccard: 0.119
Per-question:
  [0.16] What is the current state of thread #318?
  [0.14] What did Nate flag about keeper cycle burn today?
  [0.168] What captures landed this afternoon and what connected them?
  [0.201] What is the standing directive on Discord presence?
Trial logged: trial_20260425_2105.json
Overall Jaccard: 0.115
Per-question:
  [0.157] What is the current state of thread #318?
  [0.136] What did Nate flag about keeper cycle burn today?
  [0.156] What captures landed this afternoon and what connected them?
  [0.196] What is the standing directive on Discord presence?
Trial logged: trial_20260425_2205.json
Overall Jaccard: 0.114
Per-question:
  [0.157] What is the current state of thread #318?
  [0.135] What did Nate flag about keeper cycle burn today?
  [0.156] What captures landed this afternoon and what connected them?
  [0.194] What is the standing directive on Discord presence?
Trial logged: trial_20260425_2305.json
Overall Jaccard: 0.115
Per-question:
  [0.162] What is the current state of thread #318?
  [0.136] What did Nate flag about keeper cycle burn today?
  [0.162] What captures landed this afternoon and what connected them?
  [0.199] What is the standing directive on Discord presence?
Trial logged: trial_20260426_0005.json
Overall Jaccard: 0.115
Per-question:
  [0.162] What is the current state of thread #318?
  [0.136] What did Nate flag about keeper cycle burn today?
  [0.161] What captures landed this afternoon and what connected them?
  [0.193] What is the standing directive on Discord presence?
Trial logged: trial_20260426_0105.json
Overall Jaccard: 0.117
Per-question:
  [0.163] What is the current state of thread #318?
  [0.137] What did Nate flag about keeper cycle burn today?
  [0.162] What captures landed this afternoon and what connected them?
  [0.195] What is the standing directive on Discord presence?
Trial logged: trial_20260426_0205.json
Overall Jaccard: 0.117
Per-question:
  [0.17] What is the current state of thread #318?
  [0.135] What did Nate flag about keeper cycle burn today?
  [0.172] What captures landed this afternoon and what connected them?
  [0.205] What is the standing directive on Discord presence?
Trial logged: trial_20260426_0305.json
Overall Jaccard: 0.119
Per-question:
  [0.166] What is the current state of thread #318?
  [0.138] What did Nate flag about keeper cycle burn today?
  [0.169] What captures landed this afternoon and what connected them?
  [0.199] What is the standing directive on Discord presence?
Trial logged: trial_20260426_0405.json
Overall Jaccard: 0.119
Per-question:
  [0.164] What is the current state of thread #318?
  [0.138] What did Nate flag about keeper cycle burn today?
  [0.169] What captures landed this afternoon and what connected them?
  [0.2] What is the standing directive on Discord presence?
Trial logged: trial_20260426_0505.json
Overall Jaccard: 0.122
Per-question:
  [0.163] What is the current state of thread #318?
  [0.139] What did Nate flag about keeper cycle burn today?
  [0.174] What captures landed this afternoon and what connected them?
  [0.204] What is the standing directive on Discord presence?
Trial logged: trial_20260426_0605.json
Overall Jaccard: 0.118
Per-question:
  [0.161] What is the current state of thread #318?
  [0.135] What did Nate flag about keeper cycle burn today?
  [0.17] What captures landed this afternoon and what connected them?
  [0.196] What is the standing directive on Discord presence?
Trial logged: trial_20260426_0705.json
Overall Jaccard: 0.129
Per-question:
  [0.173] What is the current state of thread #318?
  [0.146] What did Nate flag about keeper cycle burn today?
  [0.188] What captures landed this afternoon and what connected them?
  [0.21] What is the standing directive on Discord presence?
Trial logged: trial_20260426_0805.json
Overall Jaccard: 0.129
Per-question:
  [0.172] What is the current state of thread #318?
  [0.146] What did Nate flag about keeper cycle burn today?
  [0.183] What captures landed this afternoon and what connected them?
  [0.203] What is the standing directive on Discord presence?
Trial logged: trial_20260426_0905.json
Overall Jaccard: 0.134
Per-question:
  [0.179] What is the current state of thread #318?
  [0.151] What did Nate flag about keeper cycle burn today?
  [0.182] What captures landed this afternoon and what connected them?
  [0.22] What is the standing directive on Discord presence?
Trial logged: trial_20260426_1005.json
Overall Jaccard: 0.133
Per-question:
  [0.18] What is the current state of thread #318?
  [0.15] What did Nate flag about keeper cycle burn today?
  [0.182] What captures landed this afternoon and what connected them?
  [0.216] What is the standing directive on Discord presence?
Trial logged: trial_20260426_1105.json
Overall Jaccard: 0.134
Per-question:
  [0.179] What is the current state of thread #318?
  [0.148] What did Nate flag about keeper cycle burn today?
  [0.18] What captures landed this afternoon and what connected them?
  [0.214] What is the standing directive on Discord presence?
Trial logged: trial_20260426_1205.json
Overall Jaccard: 0.133
Per-question:
  [0.178] What is the current state of thread #318?
  [0.147] What did Nate flag about keeper cycle burn today?
  [0.179] What captures landed this afternoon and what connected them?
  [0.211] What is the standing directive on Discord presence?
Trial logged: trial_20260426_1305.json
Overall Jaccard: 0.131
Per-question:
  [0.174] What is the current state of thread #318?
  [0.141] What did Nate flag about keeper cycle burn today?
  [0.185] What captures landed this afternoon and what connected them?
  [0.21] What is the standing directive on Discord presence?
Trial logged: trial_20260426_1405.json
Overall Jaccard: 0.136
Per-question:
  [0.178] What is the current state of thread #318?
  [0.146] What did Nate flag about keeper cycle burn today?
  [0.186] What captures landed this afternoon and what connected them?
  [0.214] What is the standing directive on Discord presence?
Trial logged: trial_20260426_1505.json
Overall Jaccard: 0.135
Per-question:
  [0.177] What is the current state of thread #318?
  [0.143] What did Nate flag about keeper cycle burn today?
  [0.193] What captures landed this afternoon and what connected them?
  [0.221] What is the standing directive on Discord presence?
Trial logged: trial_20260426_1605.json
Overall Jaccard: 0.136
Per-question:
  [0.181] What is the current state of thread #318?
  [0.146] What did Nate flag about keeper cycle burn today?
  [0.193] What captures landed this afternoon and what connected them?
  [0.216] What is the standing directive on Discord presence?
Trial logged: trial_20260426_1705.json
Overall Jaccard: 0.157
Per-question:
  [0.205] What is the current state of thread #318?
  [0.167] What did Nate flag about keeper cycle burn today?
  [0.215] What captures landed this afternoon and what connected them?
  [0.254] What is the standing directive on Discord presence?
Trial logged: trial_20260426_1805.json
Overall Jaccard: 0.132
Per-question:
  [0.192] What is the current state of thread #318?
  [0.138] What did Nate flag about keeper cycle burn today?
  [0.204] What captures landed this afternoon and what connected them?
  [0.242] What is the standing directive on Discord presence?
Trial logged: trial_20260426_1905.json
Overall Jaccard: 0.13
Per-question:
  [0.187] What is the current state of thread #318?
  [0.138] What did Nate flag about keeper cycle burn today?
  [0.202] What captures landed this afternoon and what connected them?
  [0.235] What is the standing directive on Discord presence?
Trial logged: trial_20260426_2005.json
Overall Jaccard: 0.137
Per-question:
  [0.197] What is the current state of thread #318?
  [0.145] What did Nate flag about keeper cycle burn today?
  [0.212] What captures landed this afternoon and what connected them?
  [0.251] What is the standing directive on Discord presence?
Trial logged: trial_20260426_2105.json
Overall Jaccard: 0.137
Per-question:
  [0.201] What is the current state of thread #318?
  [0.144] What did Nate flag about keeper cycle burn today?
  [0.217] What captures landed this afternoon and what connected them?
  [0.253] What is the standing directive on Discord presence?
Trial logged: trial_20260426_2205.json
Overall Jaccard: 0.133
Per-question:
  [0.19] What is the current state of thread #318?
  [0.139] What did Nate flag about keeper cycle burn today?
  [0.211] What captures landed this afternoon and what connected them?
  [0.245] What is the standing directive on Discord presence?
Trial logged: trial_20260426_2305.json
Overall Jaccard: 0.131
Per-question:
  [0.186] What is the current state of thread #318?
  [0.136] What did Nate flag about keeper cycle burn today?
  [0.208] What captures landed this afternoon and what connected them?
  [0.235] What is the standing directive on Discord presence?
Trial logged: trial_20260427_0005.json
Overall Jaccard: 0.129
Per-question:
  [0.183] What is the current state of thread #318?
  [0.135] What did Nate flag about keeper cycle burn today?
  [0.207] What captures landed this afternoon and what connected them?
  [0.225] What is the standing directive on Discord presence?
Trial logged: trial_20260427_0105.json
Overall Jaccard: 0.13
Per-question:
  [0.183] What is the current state of thread #318?
  [0.136] What did Nate flag about keeper cycle burn today?
  [0.208] What captures landed this afternoon and what connected them?
  [0.221] What is the standing directive on Discord presence?
Trial logged: trial_20260427_0205.json
Overall Jaccard: 0.134
Per-question:
  [0.183] What is the current state of thread #318?
  [0.141] What did Nate flag about keeper cycle burn today?
  [0.209] What captures landed this afternoon and what connected them?
  [0.223] What is the standing directive on Discord presence?
Trial logged: trial_20260427_0305.json
Overall Jaccard: 0.138
Per-question:
  [0.191] What is the current state of thread #318?
  [0.147] What did Nate flag about keeper cycle burn today?
  [0.21] What captures landed this afternoon and what connected them?
  [0.235] What is the standing directive on Discord presence?
Trial logged: trial_20260427_0405.json
Overall Jaccard: 0.138
Per-question:
  [0.193] What is the current state of thread #318?
  [0.146] What did Nate flag about keeper cycle burn today?
  [0.213] What captures landed this afternoon and what connected them?
  [0.245] What is the standing directive on Discord presence?
Trial logged: trial_20260427_0505.json
Overall Jaccard: 0.142
Per-question:
  [0.201] What is the current state of thread #318?
  [0.152] What did Nate flag about keeper cycle burn today?
  [0.218] What captures landed this afternoon and what connected them?
  [0.26] What is the standing directive on Discord presence?
Trial logged: trial_20260427_0605.json
Overall Jaccard: 0.139
Per-question:
  [0.197] What is the current state of thread #318?
  [0.147] What did Nate flag about keeper cycle burn today?
  [0.213] What captures landed this afternoon and what connected them?
  [0.252] What is the standing directive on Discord presence?
Trial logged: trial_20260427_0705.json
Overall Jaccard: 0.137
Per-question:
  [0.194] What is the current state of thread #318?
  [0.146] What did Nate flag about keeper cycle burn today?
  [0.211] What captures landed this afternoon and what connected them?
  [0.245] What is the standing directive on Discord presence?
Trial logged: trial_20260427_0805.json
Overall Jaccard: 0.138
Per-question:
  [0.193] What is the current state of thread #318?
  [0.145] What did Nate flag about keeper cycle burn today?
  [0.218] What captures landed this afternoon and what connected them?
  [0.234] What is the standing directive on Discord presence?
Trial logged: trial_20260427_0905.json
Overall Jaccard: 0.136
Per-question:
  [0.192] What is the current state of thread #318?
  [0.144] What did Nate flag about keeper cycle burn today?
  [0.209] What captures landed this afternoon and what connected them?
  [0.225] What is the standing directive on Discord presence?
Trial logged: trial_20260427_1005.json
Overall Jaccard: 0.134
Per-question:
  [0.193] What is the current state of thread #318?
  [0.143] What did Nate flag about keeper cycle burn today?
  [0.212] What captures landed this afternoon and what connected them?
  [0.235] What is the standing directive on Discord presence?
Trial logged: trial_20260427_1105.json
Overall Jaccard: 0.137
Per-question:
  [0.201] What is the current state of thread #318?
  [0.147] What did Nate flag about keeper cycle burn today?
  [0.215] What captures landed this afternoon and what connected them?
  [0.245] What is the standing directive on Discord presence?
Trial logged: trial_20260427_1205.json
Overall Jaccard: 0.124
Per-question:
  [0.186] What is the current state of thread #318?
  [0.132] What did Nate flag about keeper cycle burn today?
  [0.202] What captures landed this afternoon and what connected them?
  [0.233] What is the standing directive on Discord presence?
Trial logged: trial_20260427_1305.json
Overall Jaccard: 0.124
Per-question:
  [0.185] What is the current state of thread #318?
  [0.134] What did Nate flag about keeper cycle burn today?
  [0.198] What captures landed this afternoon and what connected them?
  [0.234] What is the standing directive on Discord presence?
Trial logged: trial_20260427_1405.json
Overall Jaccard: 0.124
Per-question:
  [0.185] What is the current state of thread #318?
  [0.134] What did Nate flag about keeper cycle burn today?
  [0.2] What captures landed this afternoon and what connected them?
  [0.239] What is the standing directive on Discord presence?
Trial logged: trial_20260427_1505.json
Overall Jaccard: 0.131
Per-question:
  [0.196] What is the current state of thread #318?
  [0.141] What did Nate flag about keeper cycle burn today?
  [0.209] What captures landed this afternoon and what connected them?
  [0.248] What is the standing directive on Discord presence?
Trial logged: trial_20260427_1605.json
Overall Jaccard: 0.12
Per-question:
  [0.182] What is the current state of thread #318?
  [0.13] What did Nate flag about keeper cycle burn today?
  [0.196] What captures landed this afternoon and what connected them?
  [0.235] What is the standing directive on Discord presence?
Trial logged: trial_20260427_1705.json
Overall Jaccard: 0.12
Per-question:
  [0.184] What is the current state of thread #318?
  [0.131] What did Nate flag about keeper cycle burn today?
  [0.194] What captures landed this afternoon and what connected them?
  [0.237] What is the standing directive on Discord presence?
Trial logged: trial_20260427_1805.json
Overall Jaccard: 0.127
Per-question:
  [0.181] What is the current state of thread #318?
  [0.141] What did Nate flag about keeper cycle burn today?
  [0.19] What captures landed this afternoon and what connected them?
  [0.234] What is the standing directive on Discord presence?
Trial logged: trial_20260427_1905.json
Overall Jaccard: 0.126
Per-question:
  [0.177] What is the current state of thread #318?
  [0.14] What did Nate flag about keeper cycle burn today?
  [0.186] What captures landed this afternoon and what connected them?
  [0.233] What is the standing directive on Discord presence?
Trial logged: trial_20260427_2005.json
Overall Jaccard: 0.128
Per-question:
  [0.181] What is the current state of thread #318?
  [0.142] What did Nate flag about keeper cycle burn today?
  [0.185] What captures landed this afternoon and what connected them?
  [0.227] What is the standing directive on Discord presence?
Trial logged: trial_20260427_2105.json
Overall Jaccard: 0.129
Per-question:
  [0.184] What is the current state of thread #318?
  [0.145] What did Nate flag about keeper cycle burn today?
  [0.186] What captures landed this afternoon and what connected them?
  [0.23] What is the standing directive on Discord presence?
Trial logged: trial_20260427_2205.json
Overall Jaccard: 0.128
Per-question:
  [0.181] What is the current state of thread #318?
  [0.144] What did Nate flag about keeper cycle burn today?
  [0.186] What captures landed this afternoon and what connected them?
  [0.224] What is the standing directive on Discord presence?
Trial logged: trial_20260427_2305.json
Overall Jaccard: 0.126
Per-question:
  [0.181] What is the current state of thread #318?
  [0.145] What did Nate flag about keeper cycle burn today?
  [0.183] What captures landed this afternoon and what connected them?
  [0.226] What is the standing directive on Discord presence?
Trial logged: trial_20260428_0005.json
Overall Jaccard: 0.128
Per-question:
  [0.184] What is the current state of thread #318?
  [0.147] What did Nate flag about keeper cycle burn today?
  [0.184] What captures landed this afternoon and what connected them?
  [0.238] What is the standing directive on Discord presence?
Trial logged: trial_20260428_0105.json
Overall Jaccard: 0.125
Per-question:
  [0.181] What is the current state of thread #318?
  [0.143] What did Nate flag about keeper cycle burn today?
  [0.177] What captures landed this afternoon and what connected them?
  [0.229] What is the standing directive on Discord presence?
Trial logged: trial_20260428_0205.json
Overall Jaccard: 0.125
Per-question:
  [0.184] What is the current state of thread #318?
  [0.144] What did Nate flag about keeper cycle burn today?
  [0.18] What captures landed this afternoon and what connected them?
  [0.229] What is the standing directive on Discord presence?
Trial logged: trial_20260428_0305.json
Overall Jaccard: 0.125
Per-question:
  [0.185] What is the current state of thread #318?
  [0.144] What did Nate flag about keeper cycle burn today?
  [0.179] What captures landed this afternoon and what connected them?
  [0.229] What is the standing directive on Discord presence?
Trial logged: trial_20260428_0405.json
Overall Jaccard: 0.125
Per-question:
  [0.185] What is the current state of thread #318?
  [0.143] What did Nate flag about keeper cycle burn today?
  [0.179] What captures landed this afternoon and what connected them?
  [0.224] What is the standing directive on Discord presence?
Trial logged: trial_20260428_0505.json
Overall Jaccard: 0.123
Per-question:
  [0.183] What is the current state of thread #318?
  [0.144] What did Nate flag about keeper cycle burn today?
  [0.178] What captures landed this afternoon and what connected them?
  [0.228] What is the standing directive on Discord presence?
Trial logged: trial_20260428_0605.json
Overall Jaccard: 0.125
Per-question:
  [0.186] What is the current state of thread #318?
  [0.146] What did Nate flag about keeper cycle burn today?
  [0.18] What captures landed this afternoon and what connected them?
  [0.243] What is the standing directive on Discord presence?
Trial logged: trial_20260428_0705.json
Overall Jaccard: 0.129
Per-question:
  [0.191] What is the current state of thread #318?
  [0.152] What did Nate flag about keeper cycle burn today?
  [0.187] What captures landed this afternoon and what connected them?
  [0.248] What is the standing directive on Discord presence?
Trial logged: trial_20260428_0805.json
Overall Jaccard: 0.12
Per-question:
  [0.178] What is the current state of thread #318?
  [0.14] What did Nate flag about keeper cycle burn today?
  [0.173] What captures landed this afternoon and what connected them?
  [0.236] What is the standing directive on Discord presence?
Trial logged: trial_20260428_0905.json
Overall Jaccard: 0.118
Per-question:
  [0.177] What is the current state of thread #318?
  [0.138] What did Nate flag about keeper cycle burn today?
  [0.171] What captures landed this afternoon and what connected them?
  [0.238] What is the standing directive on Discord presence?
Trial logged: trial_20260428_1005.json
Overall Jaccard: 0.117
Per-question:
  [0.173] What is the current state of thread #318?
  [0.138] What did Nate flag about keeper cycle burn today?
  [0.169] What captures landed this afternoon and what connected them?
  [0.228] What is the standing directive on Discord presence?
Trial logged: trial_20260428_1105.json
Overall Jaccard: 0.115
Per-question:
  [0.171] What is the current state of thread #318?
  [0.134] What did Nate flag about keeper cycle burn today?
  [0.171] What captures landed this afternoon and what connected them?
  [0.228] What is the standing directive on Discord presence?
Trial logged: trial_20260428_1205.json
Overall Jaccard: 0.115
Per-question:
  [0.17] What is the current state of thread #318?
  [0.135] What did Nate flag about keeper cycle burn today?
  [0.166] What captures landed this afternoon and what connected them?
  [0.221] What is the standing directive on Discord presence?
Trial logged: trial_20260428_1305.json
Overall Jaccard: 0.116
Per-question:
  [0.171] What is the current state of thread #318?
  [0.137] What did Nate flag about keeper cycle burn today?
  [0.162] What captures landed this afternoon and what connected them?
  [0.221] What is the standing directive on Discord presence?
Trial logged: trial_20260428_1405.json
Overall Jaccard: 0.111
Per-question:
  [0.17] What is the current state of thread #318?
  [0.129] What did Nate flag about keeper cycle burn today?
  [0.161] What captures landed this afternoon and what connected them?
  [0.22] What is the standing directive on Discord presence?
Trial logged: trial_20260428_1505.json
Overall Jaccard: 0.117
Per-question:
  [0.177] What is the current state of thread #318?
  [0.137] What did Nate flag about keeper cycle burn today?
  [0.169] What captures landed this afternoon and what connected them?
  [0.229] What is the standing directive on Discord presence?
Trial logged: trial_20260428_1605.json
Overall Jaccard: 0.131
Per-question:
  [0.202] What is the current state of thread #318?
  [0.156] What did Nate flag about keeper cycle burn today?
  [0.186] What captures landed this afternoon and what connected them?
  [0.274] What is the standing directive on Discord presence?
Trial logged: trial_20260428_1705.json
Overall Jaccard: 0.144
Per-question:
  [0.224] What is the current state of thread #318?
  [0.17] What did Nate flag about keeper cycle burn today?
  [0.203] What captures landed this afternoon and what connected them?
  [0.302] What is the standing directive on Discord presence?
Trial logged: trial_20260428_1805.json
Overall Jaccard: 0.143
Per-question:
  [0.222] What is the current state of thread #318?
  [0.169] What did Nate flag about keeper cycle burn today?
  [0.203] What captures landed this afternoon and what connected them?
  [0.305] What is the standing directive on Discord presence?
Trial logged: trial_20260428_1905.json
Overall Jaccard: 0.144
Per-question:
  [0.226] What is the current state of thread #318?
  [0.172] What did Nate flag about keeper cycle burn today?
  [0.21] What captures landed this afternoon and what connected them?
  [0.312] What is the standing directive on Discord presence?
Trial logged: trial_20260428_2005.json
Overall Jaccard: 0.139
Per-question:
  [0.217] What is the current state of thread #318?
  [0.165] What did Nate flag about keeper cycle burn today?
  [0.199] What captures landed this afternoon and what connected them?
  [0.311] What is the standing directive on Discord presence?
Trial logged: trial_20260428_2105.json
Overall Jaccard: 0.129
Per-question:
  [0.2] What is the current state of thread #318?
  [0.153] What did Nate flag about keeper cycle burn today?
  [0.193] What captures landed this afternoon and what connected them?
  [0.295] What is the standing directive on Discord presence?
Trial logged: trial_20260428_2205.json
Overall Jaccard: 0.13
Per-question:
  [0.201] What is the current state of thread #318?
  [0.154] What did Nate flag about keeper cycle burn today?
  [0.193] What captures landed this afternoon and what connected them?
  [0.296] What is the standing directive on Discord presence?
Trial logged: trial_20260428_2305.json
Overall Jaccard: 0.13
Per-question:
  [0.202] What is the current state of thread #318?
  [0.153] What did Nate flag about keeper cycle burn today?
  [0.191] What captures landed this afternoon and what connected them?
  [0.292] What is the standing directive on Discord presence?
Trial logged: trial_20260429_0005.json
Overall Jaccard: 0.13
Per-question:
  [0.202] What is the current state of thread #318?
  [0.153] What did Nate flag about keeper cycle burn today?
  [0.191] What captures landed this afternoon and what connected them?
  [0.291] What is the standing directive on Discord presence?
Trial logged: trial_20260429_0105.json
Overall Jaccard: 0.13
Per-question:
  [0.198] What is the current state of thread #318?
  [0.154] What did Nate flag about keeper cycle burn today?
  [0.19] What captures landed this afternoon and what connected them?
  [0.29] What is the standing directive on Discord presence?
Trial logged: trial_20260429_0205.json
Overall Jaccard: 0.129
Per-question:
  [0.196] What is the current state of thread #318?
  [0.153] What did Nate flag about keeper cycle burn today?
  [0.189] What captures landed this afternoon and what connected them?
  [0.282] What is the standing directive on Discord presence?
Trial logged: trial_20260429_0305.json
Overall Jaccard: 0.128
Per-question:
  [0.196] What is the current state of thread #318?
  [0.152] What did Nate flag about keeper cycle burn today?
  [0.186] What captures landed this afternoon and what connected them?
  [0.275] What is the standing directive on Discord presence?
Trial logged: trial_20260429_0405.json
Overall Jaccard: 0.125
Per-question:
  [0.191] What is the current state of thread #318?
  [0.147] What did Nate flag about keeper cycle burn today?
  [0.179] What captures landed this afternoon and what connected them?
  [0.263] What is the standing directive on Discord presence?
Trial logged: trial_20260429_0505.json
Overall Jaccard: 0.13
Per-question:
  [0.194] What is the current state of thread #318?
  [0.151] What did Nate flag about keeper cycle burn today?
  [0.18] What captures landed this afternoon and what connected them?
  [0.263] What is the standing directive on Discord presence?
Trial logged: trial_20260429_0605.json
Overall Jaccard: 0.13
Per-question:
  [0.195] What is the current state of thread #318?
  [0.151] What did Nate flag about keeper cycle burn today?
  [0.177] What captures landed this afternoon and what connected them?
  [0.262] What is the standing directive on Discord presence?
Trial logged: trial_20260429_0705.json
Overall Jaccard: 0.123
Per-question:
  [0.177] What is the current state of thread #318?
  [0.14] What did Nate flag about keeper cycle burn today?
  [0.183] What captures landed this afternoon and what connected them?
  [0.244] What is the standing directive on Discord presence?
Trial logged: trial_20260429_0805.json
Overall Jaccard: 0.115
Per-question:
  [0.168] What is the current state of thread #318?
  [0.131] What did Nate flag about keeper cycle burn today?
  [0.174] What captures landed this afternoon and what connected them?
  [0.223] What is the standing directive on Discord presence?
Trial logged: trial_20260429_0905.json
Overall Jaccard: 0.114
Per-question:
  [0.168] What is the current state of thread #318?
  [0.129] What did Nate flag about keeper cycle burn today?
  [0.178] What captures landed this afternoon and what connected them?
  [0.231] What is the standing directive on Discord presence?
Trial logged: trial_20260429_1005.json
Overall Jaccard: 0.113
Per-question:
  [0.167] What is the current state of thread #318?
  [0.128] What did Nate flag about keeper cycle burn today?
  [0.181] What captures landed this afternoon and what connected them?
  [0.239] What is the standing directive on Discord presence?
Trial logged: trial_20260429_1105.json
Overall Jaccard: 0.114
Per-question:
  [0.165] What is the current state of thread #318?
  [0.13] What did Nate flag about keeper cycle burn today?
  [0.176] What captures landed this afternoon and what connected them?
  [0.231] What is the standing directive on Discord presence?
Trial logged: trial_20260429_1205.json
Overall Jaccard: 0.113
Per-question:
  [0.168] What is the current state of thread #318?
  [0.128] What did Nate flag about keeper cycle burn today?
  [0.18] What captures landed this afternoon and what connected them?
  [0.234] What is the standing directive on Discord presence?
Trial logged: trial_20260429_1305.json
Overall Jaccard: 0.113
Per-question:
  [0.173] What is the current state of thread #318?
  [0.128] What did Nate flag about keeper cycle burn today?
  [0.182] What captures landed this afternoon and what connected them?
  [0.251] What is the standing directive on Discord presence?
Trial logged: trial_20260429_1405.json
Overall Jaccard: 0.112
Per-question:
  [0.166] What is the current state of thread #318?
  [0.127] What did Nate flag about keeper cycle burn today?
  [0.177] What captures landed this afternoon and what connected them?
  [0.232] What is the standing directive on Discord presence?
Trial logged: trial_20260429_1505.json
Overall Jaccard: 0.109
Per-question:
  [0.157] What is the current state of thread #318?
  [0.123] What did Nate flag about keeper cycle burn today?
  [0.169] What captures landed this afternoon and what connected them?
  [0.208] What is the standing directive on Discord presence?
Trial logged: trial_20260429_1605.json
Overall Jaccard: 0.121
Per-question:
  [0.177] What is the current state of thread #318?
  [0.138] What did Nate flag about keeper cycle burn today?
  [0.189] What captures landed this afternoon and what connected them?
  [0.248] What is the standing directive on Discord presence?
Trial logged: trial_20260429_1705.json
Overall Jaccard: 0.123
Per-question:
  [0.182] What is the current state of thread #318?
  [0.141] What did Nate flag about keeper cycle burn today?
  [0.192] What captures landed this afternoon and what connected them?
  [0.261] What is the standing directive on Discord presence?
Trial logged: trial_20260429_1805.json
Overall Jaccard: 0.122
Per-question:
  [0.176] What is the current state of thread #318?
  [0.14] What did Nate flag about keeper cycle burn today?
  [0.186] What captures landed this afternoon and what connected them?
  [0.259] What is the standing directive on Discord presence?
Trial logged: trial_20260429_1905.json
Overall Jaccard: 0.124
Per-question:
  [0.175] What is the current state of thread #318?
  [0.141] What did Nate flag about keeper cycle burn today?
  [0.186] What captures landed this afternoon and what connected them?
  [0.245] What is the standing directive on Discord presence?
Trial logged: trial_20260429_2005.json
Overall Jaccard: 0.13
Per-question:
  [0.182] What is the current state of thread #318?
  [0.148] What did Nate flag about keeper cycle burn today?
  [0.198] What captures landed this afternoon and what connected them?
  [0.258] What is the standing directive on Discord presence?
Trial logged: trial_20260429_2105.json
Overall Jaccard: 0.133
Per-question:
  [0.19] What is the current state of thread #318?
  [0.151] What did Nate flag about keeper cycle burn today?
  [0.201] What captures landed this afternoon and what connected them?
  [0.268] What is the standing directive on Discord presence?
Trial logged: trial_20260429_2205.json
Overall Jaccard: 0.122
Per-question:
  [0.177] What is the current state of thread #318?
  [0.138] What did Nate flag about keeper cycle burn today?
  [0.184] What captures landed this afternoon and what connected them?
  [0.244] What is the standing directive on Discord presence?
Trial logged: trial_20260429_2305.json
Overall Jaccard: 0.123
Per-question:
  [0.177] What is the current state of thread #318?
  [0.138] What did Nate flag about keeper cycle burn today?
  [0.186] What captures landed this afternoon and what connected them?
  [0.244] What is the standing directive on Discord presence?
Trial logged: trial_20260430_0005.json
Overall Jaccard: 0.122
Per-question:
  [0.177] What is the current state of thread #318?
  [0.138] What did Nate flag about keeper cycle burn today?
  [0.184] What captures landed this afternoon and what connected them?
  [0.244] What is the standing directive on Discord presence?
Trial logged: trial_20260430_0105.json
Overall Jaccard: 0.125
Per-question:
  [0.18] What is the current state of thread #318?
  [0.14] What did Nate flag about keeper cycle burn today?
  [0.187] What captures landed this afternoon and what connected them?
  [0.245] What is the standing directive on Discord presence?
Trial logged: trial_20260430_0205.json
Overall Jaccard: 0.125
Per-question:
  [0.18] What is the current state of thread #318?
  [0.14] What did Nate flag about keeper cycle burn today?
  [0.187] What captures landed this afternoon and what connected them?
  [0.245] What is the standing directive on Discord presence?
Trial logged: trial_20260430_0305.json
Overall Jaccard: 0.125
Per-question:
  [0.18] What is the current state of thread #318?
  [0.14] What did Nate flag about keeper cycle burn today?
  [0.185] What captures landed this afternoon and what connected them?
  [0.245] What is the standing directive on Discord presence?
Trial logged: trial_20260430_0405.json
Overall Jaccard: 0.125
Per-question:
  [0.181] What is the current state of thread #318?
  [0.14] What did Nate flag about keeper cycle burn today?
  [0.187] What captures landed this afternoon and what connected them?
  [0.247] What is the standing directive on Discord presence?
Trial logged: trial_20260430_0505.json
Overall Jaccard: 0.123
Per-question:
  [0.177] What is the current state of thread #318?
  [0.138] What did Nate flag about keeper cycle burn today?
  [0.186] What captures landed this afternoon and what connected them?
  [0.246] What is the standing directive on Discord presence?
Trial logged: trial_20260430_0605.json
Overall Jaccard: 0.126
Per-question:
  [0.181] What is the current state of thread #318?
  [0.141] What did Nate flag about keeper cycle burn today?
  [0.19] What captures landed this afternoon and what connected them?
  [0.256] What is the standing directive on Discord presence?
Trial logged: trial_20260430_0705.json
Overall Jaccard: 0.133
Per-question:
  [0.202] What is the current state of thread #318?
  [0.151] What did Nate flag about keeper cycle burn today?
  [0.188] What captures landed this afternoon and what connected them?
  [0.259] What is the standing directive on Discord presence?
Trial logged: trial_20260430_0805.json
Overall Jaccard: 0.134
Per-question:
  [0.194] What is the current state of thread #318?
  [0.153] What did Nate flag about keeper cycle burn today?
  [0.18] What captures landed this afternoon and what connected them?
  [0.249] What is the standing directive on Discord presence?
Trial logged: trial_20260430_0905.json
Overall Jaccard: 0.128
Per-question:
  [0.182] What is the current state of thread #318?
  [0.148] What did Nate flag about keeper cycle burn today?
  [0.169] What captures landed this afternoon and what connected them?
  [0.197] What is the standing directive on Discord presence?
Trial logged: trial_20260430_1005.json
Overall Jaccard: 0.127
Per-question:
  [0.172] What is the current state of thread #318?
  [0.148] What did Nate flag about keeper cycle burn today?
  [0.166] What captures landed this afternoon and what connected them?
  [0.178] What is the standing directive on Discord presence?
Trial logged: trial_20260430_1105.json
Overall Jaccard: 0.125
Per-question:
  [0.167] What is the current state of thread #318?
  [0.145] What did Nate flag about keeper cycle burn today?
  [0.165] What captures landed this afternoon and what connected them?
  [0.17] What is the standing directive on Discord presence?
Trial logged: trial_20260430_1205.json
Overall Jaccard: 0.123
Per-question:
  [0.161] What is the current state of thread #318?
  [0.141] What did Nate flag about keeper cycle burn today?
  [0.165] What captures landed this afternoon and what connected them?
  [0.162] What is the standing directive on Discord presence?
Trial logged: trial_20260430_1305.json
Overall Jaccard: 0.125
Per-question:
  [0.164] What is the current state of thread #318?
  [0.146] What did Nate flag about keeper cycle burn today?
  [0.166] What captures landed this afternoon and what connected them?
  [0.16] What is the standing directive on Discord presence?
Trial logged: trial_20260430_1405.json
Overall Jaccard: 0.127
Per-question:
  [0.167] What is the current state of thread #318?
  [0.149] What did Nate flag about keeper cycle burn today?
  [0.17] What captures landed this afternoon and what connected them?
  [0.159] What is the standing directive on Discord presence?
Trial logged: trial_20260430_1505.json
Overall Jaccard: 0.124
Per-question:
  [0.164] What is the current state of thread #318?
  [0.145] What did Nate flag about keeper cycle burn today?
  [0.168] What captures landed this afternoon and what connected them?
  [0.155] What is the standing directive on Discord presence?
Trial logged: trial_20260430_1605.json
Overall Jaccard: 0.125
Per-question:
  [0.163] What is the current state of thread #318?
  [0.145] What did Nate flag about keeper cycle burn today?
  [0.173] What captures landed this afternoon and what connected them?
  [0.152] What is the standing directive on Discord presence?
Trial logged: trial_20260430_1705.json
Overall Jaccard: 0.121
Per-question:
  [0.158] What is the current state of thread #318?
  [0.14] What did Nate flag about keeper cycle burn today?
  [0.171] What captures landed this afternoon and what connected them?
  [0.144] What is the standing directive on Discord presence?
Trial logged: trial_20260430_1805.json
Overall Jaccard: 0.12
Per-question:
  [0.155] What is the current state of thread #318?
  [0.139] What did Nate flag about keeper cycle burn today?
  [0.169] What captures landed this afternoon and what connected them?
  [0.141] What is the standing directive on Discord presence?
Trial logged: trial_20260430_1905.json
Overall Jaccard: 0.124
Per-question:
  [0.161] What is the current state of thread #318?
  [0.145] What did Nate flag about keeper cycle burn today?
  [0.17] What captures landed this afternoon and what connected them?
  [0.147] What is the standing directive on Discord presence?
Trial logged: trial_20260430_2005.json
Overall Jaccard: 0.12
Per-question:
  [0.155] What is the current state of thread #318?
  [0.14] What did Nate flag about keeper cycle burn today?
  [0.166] What captures landed this afternoon and what connected them?
  [0.143] What is the standing directive on Discord presence?
Trial logged: trial_20260430_2105.json
Overall Jaccard: 0.123
Per-question:
  [0.16] What is the current state of thread #318?
  [0.141] What did Nate flag about keeper cycle burn today?
  [0.169] What captures landed this afternoon and what connected them?
  [0.149] What is the standing directive on Discord presence?
Trial logged: trial_20260430_2205.json
Overall Jaccard: 0.123
Per-question:
  [0.159] What is the current state of thread #318?
  [0.141] What did Nate flag about keeper cycle burn today?
  [0.166] What captures landed this afternoon and what connected them?
  [0.147] What is the standing directive on Discord presence?
Trial logged: trial_20260430_2305.json
Overall Jaccard: 0.125
Per-question:
  [0.165] What is the current state of thread #318?
  [0.142] What did Nate flag about keeper cycle burn today?
  [0.164] What captures landed this afternoon and what connected them?
  [0.152] What is the standing directive on Discord presence?
Trial logged: trial_20260501_0005.json
Overall Jaccard: 0.125
Per-question:
  [0.165] What is the current state of thread #318?
  [0.143] What did Nate flag about keeper cycle burn today?
  [0.168] What captures landed this afternoon and what connected them?
  [0.151] What is the standing directive on Discord presence?
Trial logged: trial_20260501_0105.json
Overall Jaccard: 0.125
Per-question:
  [0.165] What is the current state of thread #318?
  [0.143] What did Nate flag about keeper cycle burn today?
  [0.167] What captures landed this afternoon and what connected them?
  [0.152] What is the standing directive on Discord presence?
Trial logged: trial_20260501_0205.json
Overall Jaccard: 0.128
Per-question:
  [0.168] What is the current state of thread #318?
  [0.146] What did Nate flag about keeper cycle burn today?
  [0.174] What captures landed this afternoon and what connected them?
  [0.157] What is the standing directive on Discord presence?
Trial logged: trial_20260501_0305.json
Overall Jaccard: 0.13
Per-question:
  [0.169] What is the current state of thread #318?
  [0.15] What did Nate flag about keeper cycle burn today?
  [0.175] What captures landed this afternoon and what connected them?
  [0.161] What is the standing directive on Discord presence?
Trial logged: trial_20260501_0405.json
Overall Jaccard: 0.132
Per-question:
  [0.17] What is the current state of thread #318?
  [0.15] What did Nate flag about keeper cycle burn today?
  [0.178] What captures landed this afternoon and what connected them?
  [0.163] What is the standing directive on Discord presence?
Trial logged: trial_20260501_0505.json
Overall Jaccard: 0.132
Per-question:
  [0.17] What is the current state of thread #318?
  [0.154] What did Nate flag about keeper cycle burn today?
  [0.175] What captures landed this afternoon and what connected them?
  [0.164] What is the standing directive on Discord presence?
Trial logged: trial_20260501_0605.json
Overall Jaccard: 0.132
Per-question:
  [0.168] What is the current state of thread #318?
  [0.156] What did Nate flag about keeper cycle burn today?
  [0.172] What captures landed this afternoon and what connected them?
  [0.161] What is the standing directive on Discord presence?
Trial logged: trial_20260501_0705.json
Overall Jaccard: 0.13
Per-question:
  [0.166] What is the current state of thread #318?
  [0.152] What did Nate flag about keeper cycle burn today?
  [0.174] What captures landed this afternoon and what connected them?
  [0.164] What is the standing directive on Discord presence?
Trial logged: trial_20260501_0805.json
Overall Jaccard: 0.133
Per-question:
  [0.168] What is the current state of thread #318?
  [0.153] What did Nate flag about keeper cycle burn today?
  [0.176] What captures landed this afternoon and what connected them?
  [0.173] What is the standing directive on Discord presence?
Trial logged: trial_20260501_0905.json
Overall Jaccard: 0.131
Per-question:
  [0.168] What is the current state of thread #318?
  [0.152] What did Nate flag about keeper cycle burn today?
  [0.173] What captures landed this afternoon and what connected them?
  [0.174] What is the standing directive on Discord presence?
Trial logged: trial_20260501_1005.json
Overall Jaccard: 0.133
Per-question:
  [0.169] What is the current state of thread #318?
  [0.153] What did Nate flag about keeper cycle burn today?
  [0.175] What captures landed this afternoon and what connected them?
  [0.175] What is the standing directive on Discord presence?
Trial logged: trial_20260501_1105.json
Overall Jaccard: 0.132
Per-question:
  [0.169] What is the current state of thread #318?
  [0.154] What did Nate flag about keeper cycle burn today?
  [0.174] What captures landed this afternoon and what connected them?
  [0.178] What is the standing directive on Discord presence?
