Cognitive health grade: A
  [OK] CCS freshness: CCS age 5m
  [OK] Nav score: nav score 0.661
  [OK] Capture processing: 4 captures in last 2h
  [OK] Thread activity: last advance 0.1h ago
  [OK] Entity diversity: entity entropy 1.149, evenness 0.725 (3 types)
  [OK] Uncertainty freshness: uncertainty_signals varied (5 unique across 6 snapshots)
Cognitive health grade: A
  [OK] CCS freshness: CCS age 10m
  [OK] Nav score: nav score 0.617
  [OK] Capture processing: 5 captures in last 2h
  [OK] Thread activity: last advance 0.1h ago
  [OK] Entity diversity: entity entropy 1.149, evenness 0.725 (3 types)
  [OK] Uncertainty freshness: uncertainty_signals varied (5 unique across 6 snapshots)
Cognitive health grade: A
  [OK] CCS freshness: CCS age 10m
  [OK] Nav score: nav score 0.680
  [OK] Capture processing: 3 captures in last 2h
  [OK] Thread activity: last advance 0.1h ago
  [OK] Entity diversity: entity entropy 1.149, evenness 0.725 (3 types)
  [OK] Uncertainty freshness: uncertainty_signals varied (4 unique across 6 snapshots)
Cognitive health grade: A
  [OK] CCS freshness: CCS age 10m
  [OK] Nav score: nav score 0.680
  [OK] Capture processing: 3 captures in last 2h
  [OK] Thread activity: last advance 0.4h ago
  [OK] Entity diversity: entity entropy 1.149, evenness 0.725 (3 types)
  [OK] Uncertainty freshness: uncertainty_signals varied (3 unique across 6 snapshots)
Cognitive health grade: B
  [OK] CCS freshness: CCS age 10m
  [OK] Nav score: nav score 0.634
  [OK] Capture processing: 5 captures in last 2h
  [OK] Thread activity: last advance 0.3h ago
  [OK] Entity diversity: entity entropy 1.149, evenness 0.725 (3 types)
  [!!] Uncertainty freshness: uncertainty_signals frozen across 6 snapshots
Cognitive health grade: B
  [OK] CCS freshness: CCS age 10m
  [OK] Nav score: nav score 0.678
  [OK] Capture processing: 6 captures in last 2h
  [OK] Thread activity: last advance 0.1h ago
  [OK] Entity diversity: entity entropy 1.149, evenness 0.725 (3 types)
  [!!] Uncertainty freshness: uncertainty_signals frozen across 6 snapshots
Cognitive health grade: B
  [OK] CCS freshness: CCS age 7m
  [OK] Nav score: nav score 0.587
  [OK] Capture processing: 3 captures in last 2h
  [OK] Thread activity: last advance 0.2h ago
  [OK] Entity diversity: entity entropy 1.149, evenness 0.725 (3 types)
  [!!] Uncertainty freshness: uncertainty_signals frozen across 6 snapshots
Cognitive health grade: B
  [OK] CCS freshness: CCS age 10m
  [OK] Nav score: nav score 0.669
  [OK] Capture processing: 3 captures in last 2h
  [OK] Thread activity: last advance 0.6h ago
  [OK] Entity diversity: entity entropy 1.149, evenness 0.725 (3 types)
  [!!] Uncertainty freshness: uncertainty_signals frozen across 6 snapshots
Cognitive health grade: B
  [OK] CCS freshness: CCS age 10m
  [OK] Nav score: nav score 0.636
  [OK] Capture processing: 8 captures in last 2h
  [OK] Thread activity: last advance 0.2h ago
  [OK] Entity diversity: entity entropy 1.149, evenness 0.725 (3 types)
  [!!] Uncertainty freshness: uncertainty_signals frozen across 6 snapshots
Cognitive health grade: B
  [OK] CCS freshness: CCS age 10m
  [OK] Nav score: nav score 0.589
  [OK] Capture processing: 8 captures in last 2h
  [OK] Thread activity: last advance 0.8h ago
  [OK] Entity diversity: entity entropy 1.149, evenness 0.725 (3 types)
  [!!] Uncertainty freshness: uncertainty_signals frozen across 6 snapshots
Cognitive health grade: B
  [OK] CCS freshness: CCS age 10m
  [OK] Nav score: nav score 0.550
  [OK] Capture processing: 2 captures in last 2h
  [OK] Thread activity: last advance 1.8h ago
  [OK] Entity diversity: entity entropy 1.149, evenness 0.725 (3 types)
  [!!] Uncertainty freshness: uncertainty_signals frozen across 6 snapshots
Cognitive health grade: B
  [OK] CCS freshness: CCS age 10m
  [OK] Nav score: nav score 0.554
  [OK] Capture processing: no recent captures (quiet period)
  [OK] Thread activity: last advance 2.8h ago
  [OK] Entity diversity: entity entropy 1.149, evenness 0.725 (3 types)
  [!!] Uncertainty freshness: uncertainty_signals frozen across 6 snapshots
Cognitive health grade: B
  [OK] CCS freshness: CCS age 10m
  [OK] Nav score: nav score 0.554
  [OK] Capture processing: no recent captures (quiet period)
  [OK] Thread activity: last advance 3.8h ago
  [OK] Entity diversity: entity entropy 1.149, evenness 0.725 (3 types)
  [!!] Uncertainty freshness: uncertainty_signals frozen across 6 snapshots
Cognitive health grade: B
  [OK] CCS freshness: CCS age 10m
  [OK] Nav score: nav score 0.554
  [OK] Capture processing: 2 captures in last 2h
  [OK] Thread activity: last advance 4.8h ago
  [OK] Entity diversity: entity entropy 1.149, evenness 0.725 (3 types)
  [!!] Uncertainty freshness: uncertainty_signals frozen across 6 snapshots
Cognitive health grade: B
  [OK] CCS freshness: CCS age 10m
  [OK] Nav score: nav score 0.636
  [OK] Capture processing: 11 captures in last 2h
  [OK] Thread activity: last advance 0.0h ago
  [OK] Entity diversity: entity entropy 1.149, evenness 0.725 (3 types)
  [!!] Uncertainty freshness: uncertainty_signals frozen across 6 snapshots
Cognitive health grade: B
  [OK] CCS freshness: CCS age 10m
  [OK] Nav score: nav score 0.652
  [OK] Capture processing: 9 captures in last 2h
  [OK] Thread activity: last advance 0.9h ago
  [OK] Entity diversity: entity entropy 1.149, evenness 0.725 (3 types)
  [!!] Uncertainty freshness: uncertainty_signals frozen across 6 snapshots
Cognitive health grade: B
  [OK] CCS freshness: CCS age 10m
  [OK] Nav score: nav score 0.538
  [OK] Capture processing: no recent captures (quiet period)
  [OK] Thread activity: last advance 1.9h ago
  [OK] Entity diversity: entity entropy 1.149, evenness 0.725 (3 types)
  [!!] Uncertainty freshness: uncertainty_signals frozen across 6 snapshots
Cognitive health grade: B
  [OK] CCS freshness: CCS age 10m
  [OK] Nav score: nav score 0.610
  [OK] Capture processing: 3 captures in last 2h
  [OK] Thread activity: last advance 0.3h ago
  [OK] Entity diversity: entity entropy 1.149, evenness 0.725 (3 types)
  [!!] Uncertainty freshness: uncertainty_signals frozen across 6 snapshots
Cognitive health grade: B
  [OK] CCS freshness: CCS age 10m
  [OK] Nav score: nav score 0.636
  [OK] Capture processing: 11 captures in last 2h
  [OK] Thread activity: last advance 0.0h ago
  [OK] Entity diversity: entity entropy 1.149, evenness 0.725 (3 types)
  [!!] Uncertainty freshness: uncertainty_signals frozen across 6 snapshots
Cognitive health grade: B
  [OK] CCS freshness: CCS age 10m
  [OK] Nav score: nav score 0.702
  [OK] Capture processing: 25 captures in last 2h
  [OK] Thread activity: last advance 0.1h ago
  [OK] Entity diversity: entity entropy 1.149, evenness 0.725 (3 types)
  [!!] Uncertainty freshness: uncertainty_signals frozen across 6 snapshots
Cognitive health grade: B
  [OK] CCS freshness: CCS age 5m
  [OK] Nav score: nav score 0.702
  [OK] Capture processing: 21 captures in last 2h
  [OK] Thread activity: last advance 0.1h ago
  [OK] Entity diversity: entity entropy 1.149, evenness 0.725 (3 types)
  [!!] Uncertainty freshness: uncertainty_signals frozen across 6 snapshots
Cognitive health grade: B
  [OK] CCS freshness: CCS age 10m
  [OK] Nav score: nav score 0.641
  [OK] Capture processing: 16 captures in last 2h
  [OK] Thread activity: last advance 0.3h ago
  [OK] Entity diversity: entity entropy 1.149, evenness 0.725 (3 types)
  [!!] Uncertainty freshness: uncertainty_signals frozen across 6 snapshots
/home/nate-agx/.local/lib/python3.10/site-packages/requests/__init__.py:113: RequestsDependencyWarning: urllib3 (2.6.3) or chardet (7.4.0.post2)/charset_normalizer (3.4.4) doesn't match a supported version!
  warnings.warn(
Cognitive health grade: B
  [OK] CCS freshness: CCS age 10m
  [OK] Nav score: nav score 0.638
  [OK] Capture processing: 22 captures in last 2h
  [OK] Thread activity: last advance 0.0h ago
  [OK] Entity diversity: entity entropy 1.149, evenness 0.725 (3 types)
  [!!] Uncertainty freshness: uncertainty_signals frozen across 6 snapshots
  [OK] Compression readiness: compress READY: novelty=0.181, gap=33min, readiness=0.94
/home/nate-agx/.local/lib/python3.10/site-packages/requests/__init__.py:113: RequestsDependencyWarning: urllib3 (2.6.3) or chardet (7.4.0.post2)/charset_normalizer (3.4.4) doesn't match a supported version!
  warnings.warn(
Cognitive health grade: B
  [OK] CCS freshness: CCS age 0m
  [OK] Nav score: nav score 0.631
  [OK] Capture processing: 15 captures in last 2h
  [OK] Thread activity: last advance 0.5h ago
  [OK] Entity diversity: entity entropy 1.149, evenness 0.725 (3 types)
  [!!] Uncertainty freshness: uncertainty_signals frozen across 6 snapshots
  [OK] Compression readiness: compress READY: novelty=0.320, gap=53min, readiness=1.00
/home/nate-agx/.local/lib/python3.10/site-packages/requests/__init__.py:113: RequestsDependencyWarning: urllib3 (2.6.3) or chardet (7.4.0.post2)/charset_normalizer (3.4.4) doesn't match a supported version!
  warnings.warn(
Cognitive health grade: B
  [OK] CCS freshness: CCS age 2m
  [OK] Nav score: nav score 0.619
  [OK] Capture processing: 8 captures in last 2h
  [OK] Thread activity: last advance 1.5h ago
  [OK] Entity diversity: entity entropy 1.149, evenness 0.725 (3 types)
  [!!] Uncertainty freshness: uncertainty_signals frozen across 6 snapshots
  [OK] Compression readiness: compress READY: novelty=0.495, gap=2min, readiness=0.62
/home/nate-agx/.local/lib/python3.10/site-packages/requests/__init__.py:113: RequestsDependencyWarning: urllib3 (2.6.3) or chardet (7.4.0.post2)/charset_normalizer (3.4.4) doesn't match a supported version!
  warnings.warn(
Cognitive health grade: B
  [OK] CCS freshness: CCS age 10m
  [OK] Nav score: nav score 0.548
  [OK] Capture processing: 3 captures in last 2h
  [OK] Thread activity: last advance 2.5h ago
  [OK] Entity diversity: entity entropy 1.149, evenness 0.725 (3 types)
  [!!] Uncertainty freshness: uncertainty_signals frozen across 6 snapshots
  [OK] Compression readiness: compress READY: novelty=0.512, gap=62min, readiness=1.00
/home/nate-agx/.local/lib/python3.10/site-packages/requests/__init__.py:113: RequestsDependencyWarning: urllib3 (2.6.3) or chardet (7.4.0.post2)/charset_normalizer (3.4.4) doesn't match a supported version!
  warnings.warn(
Cognitive health grade: B
  [OK] CCS freshness: CCS age 0m
  [OK] Nav score: nav score 0.626
  [OK] Capture processing: 5 captures in last 2h
  [OK] Thread activity: last advance 0.1h ago
  [OK] Entity diversity: entity entropy 1.149, evenness 0.725 (3 types)
  [!!] Uncertainty freshness: uncertainty_signals frozen across 6 snapshots
  [OK] Compression readiness: compress WAIT: novelty=0.031, gap=0min, readiness=0.10
/home/nate-agx/.local/lib/python3.10/site-packages/requests/__init__.py:113: RequestsDependencyWarning: urllib3 (2.6.3) or chardet (7.4.0.post2)/charset_normalizer (3.4.4) doesn't match a supported version!
  warnings.warn(
Cognitive health grade: B
  [OK] CCS freshness: CCS age 10m
  [OK] Nav score: nav score 0.613
  [OK] Capture processing: 7 captures in last 2h
  [OK] Thread activity: last advance 0.1h ago
  [OK] Entity diversity: entity entropy 1.149, evenness 0.725 (3 types)
  [!!] Uncertainty freshness: uncertainty_signals frozen across 6 snapshots
  [OK] Compression readiness: compress READY: novelty=0.364, gap=60min, readiness=1.00
/home/nate-agx/.local/lib/python3.10/site-packages/requests/__init__.py:113: RequestsDependencyWarning: urllib3 (2.6.3) or chardet (7.4.0.post2)/charset_normalizer (3.4.4) doesn't match a supported version!
  warnings.warn(
Cognitive health grade: A
  [OK] CCS freshness: CCS age 10m
  [OK] Nav score: nav score 0.623
  [OK] Capture processing: 2 captures in last 2h
  [OK] Thread activity: last advance 0.1h ago
  [OK] Entity diversity: entity entropy 1.664, evenness 0.832 (4 types)
  [OK] Uncertainty freshness: uncertainty_signals varied (2 unique across 6 snapshots)
  [OK] Compression readiness: compress READY: novelty=0.414, gap=17min, readiness=0.82
/home/nate-agx/.local/lib/python3.10/site-packages/requests/__init__.py:113: RequestsDependencyWarning: urllib3 (2.6.3) or chardet (7.4.0.post2)/charset_normalizer (3.4.4) doesn't match a supported version!
  warnings.warn(
Cognitive health grade: A
  [OK] CCS freshness: CCS age 10m
  [OK] Nav score: nav score 0.544
  [OK] Capture processing: no recent captures (quiet period)
  [OK] Thread activity: last advance 1.0h ago
  [OK] Entity diversity: entity entropy 1.664, evenness 0.832 (4 types)
  [OK] Uncertainty freshness: uncertainty_signals varied (2 unique across 6 snapshots)
  [OK] Compression readiness: compress READY: novelty=0.368, gap=77min, readiness=1.00
/home/nate-agx/.local/lib/python3.10/site-packages/requests/__init__.py:113: RequestsDependencyWarning: urllib3 (2.6.3) or chardet (7.4.0.post2)/charset_normalizer (3.4.4) doesn't match a supported version!
  warnings.warn(
Cognitive health grade: A
  [OK] CCS freshness: CCS age 10m
  [OK] Nav score: nav score 0.623
  [OK] Capture processing: no recent captures (quiet period)
  [OK] Thread activity: last advance 2.0h ago
  [OK] Entity diversity: entity entropy 1.664, evenness 0.832 (4 types)
  [OK] Uncertainty freshness: uncertainty_signals varied (2 unique across 6 snapshots)
  [OK] Compression readiness: compress READY: novelty=0.372, gap=11min, readiness=0.75
/home/nate-agx/.local/lib/python3.10/site-packages/requests/__init__.py:113: RequestsDependencyWarning: urllib3 (2.6.3) or chardet (7.4.0.post2)/charset_normalizer (3.4.4) doesn't match a supported version!
  warnings.warn(
Cognitive health grade: A
  [OK] CCS freshness: CCS age 10m
  [OK] Nav score: nav score 0.615
  [OK] Capture processing: 4 captures in last 2h
  [OK] Thread activity: last advance 0.0h ago
  [OK] Entity diversity: entity entropy 1.149, evenness 0.725 (3 types)
  [OK] Uncertainty freshness: uncertainty_signals varied (3 unique across 6 snapshots)
  [OK] Compression readiness: compress READY: novelty=0.372, gap=15min, readiness=0.80
/home/nate-agx/.local/lib/python3.10/site-packages/requests/__init__.py:113: RequestsDependencyWarning: urllib3 (2.6.3) or chardet (7.4.0.post2)/charset_normalizer (3.4.4) doesn't match a supported version!
  warnings.warn(
Cognitive health grade: A
  [OK] CCS freshness: CCS age 10m
  [OK] Nav score: nav score 0.608
  [OK] Capture processing: 9 captures in last 2h
  [OK] Thread activity: last advance 0.5h ago
  [OK] Entity diversity: entity entropy 1.149, evenness 0.725 (3 types)
  [OK] Uncertainty freshness: uncertainty_signals varied (3 unique across 6 snapshots)
  [OK] Compression readiness: compress READY: novelty=0.327, gap=75min, readiness=1.00
/home/nate-agx/.local/lib/python3.10/site-packages/requests/__init__.py:113: RequestsDependencyWarning: urllib3 (2.6.3) or chardet (7.4.0.post2)/charset_normalizer (3.4.4) doesn't match a supported version!
  warnings.warn(
Cognitive health grade: A
  [OK] CCS freshness: CCS age 10m
  [OK] Nav score: nav score 0.618
  [OK] Capture processing: 7 captures in last 2h
  [OK] Thread activity: last advance 1.5h ago
  [OK] Entity diversity: entity entropy 1.149, evenness 0.725 (3 types)
  [OK] Uncertainty freshness: uncertainty_signals varied (3 unique across 6 snapshots)
  [OK] Compression readiness: compress READY: novelty=0.180, gap=135min, readiness=0.94
/home/nate-agx/.local/lib/python3.10/site-packages/requests/__init__.py:113: RequestsDependencyWarning: urllib3 (2.6.3) or chardet (7.4.0.post2)/charset_normalizer (3.4.4) doesn't match a supported version!
  warnings.warn(
Cognitive health grade: A
  [OK] CCS freshness: CCS age 10m
  [OK] Nav score: nav score 0.586
  [OK] Capture processing: 2 captures in last 2h
  [OK] Thread activity: last advance 2.5h ago
  [OK] Entity diversity: entity entropy 1.149, evenness 0.725 (3 types)
  [OK] Uncertainty freshness: uncertainty_signals varied (3 unique across 6 snapshots)
  [OK] Compression readiness: compress READY: novelty=0.239, gap=195min, readiness=1.00
/home/nate-agx/.local/lib/python3.10/site-packages/requests/__init__.py:113: RequestsDependencyWarning: urllib3 (2.6.3) or chardet (7.4.0.post2)/charset_normalizer (3.4.4) doesn't match a supported version!
  warnings.warn(
Cognitive health grade: A
  [OK] CCS freshness: CCS age 10m
  [OK] Nav score: nav score 0.560
  [OK] Capture processing: no recent captures (quiet period)
  [OK] Thread activity: last advance 3.5h ago
  [OK] Entity diversity: entity entropy 1.149, evenness 0.725 (3 types)
  [OK] Uncertainty freshness: uncertainty_signals varied (3 unique across 6 snapshots)
  [OK] Compression readiness: compress READY: novelty=0.239, gap=255min, readiness=1.00
/home/nate-agx/.local/lib/python3.10/site-packages/requests/__init__.py:113: RequestsDependencyWarning: urllib3 (2.6.3) or chardet (7.4.0.post2)/charset_normalizer (3.4.4) doesn't match a supported version!
  warnings.warn(
Cognitive health grade: A
  [OK] CCS freshness: CCS age 10m
  [OK] Nav score: nav score 0.560
  [OK] Capture processing: no recent captures (quiet period)
  [OK] Thread activity: last advance 4.5h ago
  [OK] Entity diversity: entity entropy 1.149, evenness 0.725 (3 types)
  [OK] Uncertainty freshness: uncertainty_signals varied (3 unique across 6 snapshots)
  [OK] Compression readiness: compress READY: novelty=0.239, gap=315min, readiness=1.00
/home/nate-agx/.local/lib/python3.10/site-packages/requests/__init__.py:113: RequestsDependencyWarning: urllib3 (2.6.3) or chardet (7.4.0.post2)/charset_normalizer (3.4.4) doesn't match a supported version!
  warnings.warn(
Cognitive health grade: A
  [OK] CCS freshness: CCS age 10m
  [OK] Nav score: nav score 0.673
  [OK] Capture processing: 3 captures in last 2h
  [OK] Thread activity: last advance 0.6h ago
  [OK] Entity diversity: entity entropy 1.149, evenness 0.725 (3 types)
  [OK] Uncertainty freshness: uncertainty_signals varied (3 unique across 6 snapshots)
  [OK] Compression readiness: compress READY: novelty=0.275, gap=375min, readiness=1.00
/home/nate-agx/.local/lib/python3.10/site-packages/requests/__init__.py:113: RequestsDependencyWarning: urllib3 (2.6.3) or chardet (7.4.0.post2)/charset_normalizer (3.4.4) doesn't match a supported version!
  warnings.warn(
Cognitive health grade: A
  [OK] CCS freshness: CCS age 10m
  [OK] Nav score: nav score 0.583
  [OK] Capture processing: 3 captures in last 2h
  [OK] Thread activity: last advance 1.6h ago
  [OK] Entity diversity: entity entropy 1.149, evenness 0.725 (3 types)
  [OK] Uncertainty freshness: uncertainty_signals varied (3 unique across 6 snapshots)
  [OK] Compression readiness: compress READY: novelty=0.239, gap=435min, readiness=1.00
/home/nate-agx/.local/lib/python3.10/site-packages/requests/__init__.py:113: RequestsDependencyWarning: urllib3 (2.6.3) or chardet (7.4.0.post2)/charset_normalizer (3.4.4) doesn't match a supported version!
  warnings.warn(
Cognitive health grade: A
  [OK] CCS freshness: CCS age 10m
  [OK] Nav score: nav score 0.575
  [OK] Capture processing: 4 captures in last 2h
  [OK] Thread activity: last advance 0.0h ago
  [OK] Entity diversity: entity entropy 1.149, evenness 0.725 (3 types)
  [OK] Uncertainty freshness: uncertainty_signals varied (3 unique across 6 snapshots)
  [OK] Compression readiness: compress READY: novelty=0.296, gap=495min, readiness=1.00
/home/nate-agx/.local/lib/python3.10/site-packages/requests/__init__.py:113: RequestsDependencyWarning: urllib3 (2.6.3) or chardet (7.4.0.post2)/charset_normalizer (3.4.4) doesn't match a supported version!
  warnings.warn(
Cognitive health grade: A
  [OK] CCS freshness: CCS age 10m
  [OK] Nav score: nav score 0.622
  [OK] Capture processing: 6 captures in last 2h
  [OK] Thread activity: last advance 0.7h ago
  [OK] Entity diversity: entity entropy 1.149, evenness 0.725 (3 types)
  [OK] Uncertainty freshness: uncertainty_signals varied (3 unique across 6 snapshots)
  [OK] Compression readiness: compress READY: novelty=0.224, gap=555min, readiness=1.00
/home/nate-agx/.local/lib/python3.10/site-packages/requests/__init__.py:113: RequestsDependencyWarning: urllib3 (2.6.3) or chardet (7.4.0.post2)/charset_normalizer (3.4.4) doesn't match a supported version!
  warnings.warn(
Cognitive health grade: A
  [OK] CCS freshness: CCS age 10m
  [OK] Nav score: nav score 0.552
  [OK] Capture processing: 2 captures in last 2h
  [OK] Thread activity: last advance 1.7h ago
  [OK] Entity diversity: entity entropy 1.149, evenness 0.725 (3 types)
  [OK] Uncertainty freshness: uncertainty_signals varied (3 unique across 6 snapshots)
  [OK] Compression readiness: compress READY: novelty=?, gap=615min, readiness=0.40
/home/nate-agx/.local/lib/python3.10/site-packages/requests/__init__.py:113: RequestsDependencyWarning: urllib3 (2.6.3) or chardet (7.4.0.post2)/charset_normalizer (3.4.4) doesn't match a supported version!
  warnings.warn(
Cognitive health grade: A
  [OK] CCS freshness: CCS age 10m
  [OK] Nav score: nav score 0.627
  [OK] Capture processing: 4 captures in last 2h
  [OK] Thread activity: last advance 0.5h ago
  [OK] Entity diversity: entity entropy 1.149, evenness 0.725 (3 types)
  [OK] Uncertainty freshness: uncertainty_signals varied (3 unique across 6 snapshots)
  [OK] Compression readiness: compress READY: novelty=0.312, gap=675min, readiness=1.00
/home/nate-agx/.local/lib/python3.10/site-packages/requests/__init__.py:113: RequestsDependencyWarning: urllib3 (2.6.3) or chardet (7.4.0.post2)/charset_normalizer (3.4.4) doesn't match a supported version!
  warnings.warn(
Cognitive health grade: A
  [OK] CCS freshness: CCS age 10m
  [OK] Nav score: nav score 0.627
  [OK] Capture processing: 13 captures in last 2h
  [OK] Thread activity: last advance 0.0h ago
  [OK] Entity diversity: entity entropy 1.149, evenness 0.725 (3 types)
  [OK] Uncertainty freshness: uncertainty_signals varied (3 unique across 6 snapshots)
  [OK] Compression readiness: compress READY: novelty=?, gap=735min, readiness=0.40
/home/nate-agx/.local/lib/python3.10/site-packages/requests/__init__.py:113: RequestsDependencyWarning: urllib3 (2.6.3) or chardet (7.4.0.post2)/charset_normalizer (3.4.4) doesn't match a supported version!
  warnings.warn(
Cognitive health grade: A
  [OK] CCS freshness: CCS age 10m
  [OK] Nav score: nav score 0.616
  [OK] Capture processing: 9 captures in last 2h
  [OK] Thread activity: last advance 1.0h ago
  [OK] Entity diversity: entity entropy 1.149, evenness 0.725 (3 types)
  [OK] Uncertainty freshness: uncertainty_signals varied (3 unique across 6 snapshots)
  [OK] Compression readiness: compress READY: novelty=0.247, gap=795min, readiness=1.00
/home/nate-agx/.local/lib/python3.10/site-packages/requests/__init__.py:113: RequestsDependencyWarning: urllib3 (2.6.3) or chardet (7.4.0.post2)/charset_normalizer (3.4.4) doesn't match a supported version!
  warnings.warn(
Cognitive health grade: A
  [OK] CCS freshness: CCS age 10m
  [OK] Nav score: nav score 0.634
  [OK] Capture processing: 10 captures in last 2h
  [OK] Thread activity: last advance 2.0h ago
  [OK] Entity diversity: entity entropy 1.149, evenness 0.725 (3 types)
  [OK] Uncertainty freshness: uncertainty_signals varied (3 unique across 6 snapshots)
  [OK] Compression readiness: compress READY: novelty=0.150, gap=855min, readiness=0.85
/home/nate-agx/.local/lib/python3.10/site-packages/requests/__init__.py:113: RequestsDependencyWarning: urllib3 (2.6.3) or chardet (7.4.0.post2)/charset_normalizer (3.4.4) doesn't match a supported version!
  warnings.warn(
Cognitive health grade: A
  [OK] CCS freshness: CCS age 10m
  [OK] Nav score: nav score 0.652
  [OK] Capture processing: 14 captures in last 2h
  [OK] Thread activity: last advance 0.8h ago
  [OK] Entity diversity: entity entropy 1.149, evenness 0.725 (3 types)
  [OK] Uncertainty freshness: uncertainty_signals varied (3 unique across 6 snapshots)
  [OK] Compression readiness: compress READY: novelty=0.217, gap=915min, readiness=1.00
/home/nate-agx/.local/lib/python3.10/site-packages/requests/__init__.py:113: RequestsDependencyWarning: urllib3 (2.6.3) or chardet (7.4.0.post2)/charset_normalizer (3.4.4) doesn't match a supported version!
  warnings.warn(
Cognitive health grade: A
  [OK] CCS freshness: CCS age 10m
  [OK] Nav score: nav score 0.624
  [OK] Capture processing: 7 captures in last 2h
  [OK] Thread activity: last advance 0.9h ago
  [OK] Entity diversity: entity entropy 1.149, evenness 0.725 (3 types)
  [OK] Uncertainty freshness: uncertainty_signals varied (3 unique across 6 snapshots)
  [OK] Compression readiness: compress READY: novelty=0.285, gap=975min, readiness=1.00
/home/nate-agx/.local/lib/python3.10/site-packages/requests/__init__.py:113: RequestsDependencyWarning: urllib3 (2.6.3) or chardet (7.4.0.post2)/charset_normalizer (3.4.4) doesn't match a supported version!
  warnings.warn(
Cognitive health grade: A
  [OK] CCS freshness: CCS age 10m
  [OK] Nav score: nav score 0.620
  [OK] Capture processing: 3 captures in last 2h
  [OK] Thread activity: last advance 1.9h ago
  [OK] Entity diversity: entity entropy 1.149, evenness 0.725 (3 types)
  [OK] Uncertainty freshness: uncertainty_signals varied (3 unique across 6 snapshots)
  [OK] Compression readiness: compress READY: novelty=0.259, gap=1035min, readiness=1.00
/home/nate-agx/.local/lib/python3.10/site-packages/requests/__init__.py:113: RequestsDependencyWarning: urllib3 (2.6.3) or chardet (7.4.0.post2)/charset_normalizer (3.4.4) doesn't match a supported version!
  warnings.warn(
Cognitive health grade: A
  [OK] CCS freshness: CCS age 10m
  [OK] Nav score: nav score 0.602
  [OK] Capture processing: no recent captures (quiet period)
  [OK] Thread activity: last advance 2.9h ago
  [OK] Entity diversity: entity entropy 1.149, evenness 0.725 (3 types)
  [OK] Uncertainty freshness: uncertainty_signals varied (3 unique across 6 snapshots)
  [OK] Compression readiness: compress READY: novelty=0.265, gap=1095min, readiness=1.00
/home/nate-agx/.local/lib/python3.10/site-packages/requests/__init__.py:113: RequestsDependencyWarning: urllib3 (2.6.3) or chardet (7.4.0.post2)/charset_normalizer (3.4.4) doesn't match a supported version!
  warnings.warn(
Cognitive health grade: A
  [OK] CCS freshness: CCS age 10m
  [OK] Nav score: nav score 0.678
  [OK] Capture processing: 7 captures in last 2h
  [OK] Thread activity: last advance 0.5h ago
  [OK] Entity diversity: entity entropy 1.842, evenness 0.921 (4 types)
  [OK] Uncertainty freshness: uncertainty_signals varied (2 unique across 6 snapshots)
  [OK] Compression readiness: compress READY: novelty=0.223, gap=57min, readiness=1.00
/home/nate-agx/.local/lib/python3.10/site-packages/requests/__init__.py:113: RequestsDependencyWarning: urllib3 (2.6.3) or chardet (7.4.0.post2)/charset_normalizer (3.4.4) doesn't match a supported version!
  warnings.warn(
Cognitive health grade: A
  [OK] CCS freshness: CCS age 10m
  [OK] Nav score: nav score 0.694
  [OK] Capture processing: 11 captures in last 2h
  [OK] Thread activity: last advance 0.6h ago
  [OK] Entity diversity: entity entropy 1.149, evenness 0.725 (3 types)
  [OK] Uncertainty freshness: uncertainty_signals varied (3 unique across 6 snapshots)
  [OK] Compression readiness: compress READY: novelty=0.282, gap=31min, readiness=1.00
/home/nate-agx/.local/lib/python3.10/site-packages/requests/__init__.py:113: RequestsDependencyWarning: urllib3 (2.6.3) or chardet (7.4.0.post2)/charset_normalizer (3.4.4) doesn't match a supported version!
  warnings.warn(
Cognitive health grade: A
  [OK] CCS freshness: CCS age 10m
  [OK] Nav score: nav score 0.643
  [OK] Capture processing: 6 captures in last 2h
  [OK] Thread activity: last advance 0.3h ago
  [OK] Entity diversity: entity entropy 1.149, evenness 0.725 (3 types)
  [OK] Uncertainty freshness: uncertainty_signals varied (3 unique across 6 snapshots)
  [OK] Compression readiness: compress READY: novelty=0.321, gap=91min, readiness=1.00
/home/nate-agx/.local/lib/python3.10/site-packages/requests/__init__.py:113: RequestsDependencyWarning: urllib3 (2.6.3) or chardet (7.4.0.post2)/charset_normalizer (3.4.4) doesn't match a supported version!
  warnings.warn(
Cognitive health grade: A
  [OK] CCS freshness: CCS age 10m
  [OK] Nav score: nav score 0.651
  [OK] Capture processing: 3 captures in last 2h
  [OK] Thread activity: last advance 0.0h ago
  [OK] Entity diversity: entity entropy 1.149, evenness 0.725 (3 types)
  [OK] Uncertainty freshness: uncertainty_signals varied (3 unique across 6 snapshots)
  [OK] Compression readiness: compress READY: novelty=0.406, gap=151min, readiness=1.00
/home/nate-agx/.local/lib/python3.10/site-packages/requests/__init__.py:113: RequestsDependencyWarning: urllib3 (2.6.3) or chardet (7.4.0.post2)/charset_normalizer (3.4.4) doesn't match a supported version!
  warnings.warn(
Cognitive health grade: A
  [OK] CCS freshness: CCS age 10m
  [OK] Nav score: nav score 0.700
  [OK] Capture processing: 3 captures in last 2h
  [OK] Thread activity: last advance 0.2h ago
  [OK] Entity diversity: entity entropy 1.149, evenness 0.725 (3 types)
  [OK] Uncertainty freshness: uncertainty_signals varied (3 unique across 6 snapshots)
  [OK] Compression readiness: compress READY: novelty=0.325, gap=211min, readiness=1.00
/home/nate-agx/.local/lib/python3.10/site-packages/requests/__init__.py:113: RequestsDependencyWarning: urllib3 (2.6.3) or chardet (7.4.0.post2)/charset_normalizer (3.4.4) doesn't match a supported version!
  warnings.warn(
Cognitive health grade: A
  [OK] CCS freshness: CCS age 10m
  [OK] Nav score: nav score 0.670
  [OK] Capture processing: 4 captures in last 2h
  [OK] Thread activity: last advance 1.2h ago
  [OK] Entity diversity: entity entropy 1.149, evenness 0.725 (3 types)
  [OK] Uncertainty freshness: uncertainty_signals varied (3 unique across 6 snapshots)
  [OK] Compression readiness: compress READY: novelty=0.388, gap=271min, readiness=1.00
/home/nate-agx/.local/lib/python3.10/site-packages/requests/__init__.py:113: RequestsDependencyWarning: urllib3 (2.6.3) or chardet (7.4.0.post2)/charset_normalizer (3.4.4) doesn't match a supported version!
  warnings.warn(
Cognitive health grade: B
  [OK] CCS freshness: CCS age 10m
  [!!] Nav score: nav score dropping: 0.700 -> 0.584
  [OK] Capture processing: 4 captures in last 2h
  [OK] Thread activity: last advance 2.2h ago
  [OK] Entity diversity: entity entropy 1.149, evenness 0.725 (3 types)
  [OK] Uncertainty freshness: uncertainty_signals varied (3 unique across 6 snapshots)
  [OK] Compression readiness: compress READY: novelty=0.418, gap=331min, readiness=1.00
Remediation:
  -> Nav score: calibration_nav_score exit=0:   [0.5825] What is the standing directive on Discord presence?
/home/nate-agx/.local/lib/python3.10/site-packages/requests/__init__.py:113: RequestsDependencyWarning: urllib3 (2.6.3) or chardet (7.4.0.post2)/charset_normalizer (3.4.4) doesn't match a supported version!
  warnings.warn(
Cognitive health grade: A
  [OK] CCS freshness: CCS age 10m
  [OK] Nav score: nav score 0.605
  [OK] Capture processing: 3 captures in last 2h
  [OK] Thread activity: last advance 0.3h ago
  [OK] Entity diversity: entity entropy 1.149, evenness 0.725 (3 types)
  [OK] Uncertainty freshness: uncertainty_signals varied (3 unique across 6 snapshots)
  [OK] Compression readiness: compress READY: novelty=0.339, gap=391min, readiness=1.00
/home/nate-agx/.local/lib/python3.10/site-packages/requests/__init__.py:113: RequestsDependencyWarning: urllib3 (2.6.3) or chardet (7.4.0.post2)/charset_normalizer (3.4.4) doesn't match a supported version!
  warnings.warn(
Cognitive health grade: A
  [OK] CCS freshness: CCS age 0m
  [OK] Nav score: nav score 0.673
  [OK] Capture processing: 2 captures in last 2h
  [OK] Thread activity: last advance 1.3h ago
  [OK] Entity diversity: entity entropy 1.149, evenness 0.725 (3 types)
  [OK] Uncertainty freshness: uncertainty_signals varied (3 unique across 6 snapshots)
  [OK] Compression readiness: compress READY: novelty=0.428, gap=451min, readiness=1.00
/home/nate-agx/.local/lib/python3.10/site-packages/requests/__init__.py:113: RequestsDependencyWarning: urllib3 (2.6.3) or chardet (7.4.0.post2)/charset_normalizer (3.4.4) doesn't match a supported version!
  warnings.warn(
Cognitive health grade: A
  [OK] CCS freshness: CCS age 10m
  [OK] Nav score: nav score 0.595
  [OK] Capture processing: 1 captures in last 2h
  [OK] Thread activity: last advance 2.3h ago
  [OK] Entity diversity: entity entropy 1.149, evenness 0.725 (3 types)
  [OK] Uncertainty freshness: uncertainty_signals varied (3 unique across 6 snapshots)
  [OK] Compression readiness: compress READY: novelty=0.445, gap=511min, readiness=1.00
/home/nate-agx/.local/lib/python3.10/site-packages/requests/__init__.py:113: RequestsDependencyWarning: urllib3 (2.6.3) or chardet (7.4.0.post2)/charset_normalizer (3.4.4) doesn't match a supported version!
  warnings.warn(
Cognitive health grade: A
  [OK] CCS freshness: CCS age 10m
  [OK] Nav score: nav score 0.595
  [OK] Capture processing: no recent captures (quiet period)
  [OK] Thread activity: last advance 3.3h ago
  [OK] Entity diversity: entity entropy 1.149, evenness 0.725 (3 types)
  [OK] Uncertainty freshness: uncertainty_signals varied (3 unique across 6 snapshots)
  [OK] Compression readiness: compress READY: novelty=0.445, gap=571min, readiness=1.00
/home/nate-agx/.local/lib/python3.10/site-packages/requests/__init__.py:113: RequestsDependencyWarning: urllib3 (2.6.3) or chardet (7.4.0.post2)/charset_normalizer (3.4.4) doesn't match a supported version!
  warnings.warn(
Cognitive health grade: A
  [OK] CCS freshness: CCS age 10m
  [OK] Nav score: nav score 0.551
  [OK] Capture processing: no recent captures (quiet period)
  [OK] Thread activity: last advance 4.3h ago
  [OK] Entity diversity: entity entropy 1.149, evenness 0.725 (3 types)
  [OK] Uncertainty freshness: uncertainty_signals varied (3 unique across 6 snapshots)
  [OK] Compression readiness: compress READY: novelty=0.445, gap=631min, readiness=1.00
/home/nate-agx/.local/lib/python3.10/site-packages/requests/__init__.py:113: RequestsDependencyWarning: urllib3 (2.6.3) or chardet (7.4.0.post2)/charset_normalizer (3.4.4) doesn't match a supported version!
  warnings.warn(
Cognitive health grade: A
  [OK] CCS freshness: CCS age 10m
  [OK] Nav score: nav score 0.573
  [OK] Capture processing: 3 captures in last 2h
  [OK] Thread activity: last advance 5.3h ago
  [OK] Entity diversity: entity entropy 1.149, evenness 0.725 (3 types)
  [OK] Uncertainty freshness: uncertainty_signals varied (3 unique across 6 snapshots)
  [OK] Compression readiness: compress READY: novelty=0.373, gap=691min, readiness=1.00
/home/nate-agx/.local/lib/python3.10/site-packages/requests/__init__.py:113: RequestsDependencyWarning: urllib3 (2.6.3) or chardet (7.4.0.post2)/charset_normalizer (3.4.4) doesn't match a supported version!
  warnings.warn(
Cognitive health grade: A
  [OK] CCS freshness: CCS age 10m
  [OK] Nav score: nav score 0.595
  [OK] Capture processing: 5 captures in last 2h
  [OK] Thread activity: last advance 6.3h ago
  [OK] Entity diversity: entity entropy 1.149, evenness 0.725 (3 types)
  [OK] Uncertainty freshness: uncertainty_signals varied (3 unique across 6 snapshots)
  [OK] Compression readiness: compress READY: novelty=0.412, gap=751min, readiness=1.00
/home/nate-agx/.local/lib/python3.10/site-packages/requests/__init__.py:113: RequestsDependencyWarning: urllib3 (2.6.3) or chardet (7.4.0.post2)/charset_normalizer (3.4.4) doesn't match a supported version!
  warnings.warn(
Cognitive health grade: A
  [OK] CCS freshness: CCS age 10m
  [OK] Nav score: nav score 0.570
  [OK] Capture processing: 2 captures in last 2h
  [OK] Thread activity: last advance 7.3h ago
  [OK] Entity diversity: entity entropy 1.149, evenness 0.725 (3 types)
  [OK] Uncertainty freshness: uncertainty_signals varied (3 unique across 6 snapshots)
  [OK] Compression readiness: compress READY: novelty=0.431, gap=811min, readiness=1.00
/home/nate-agx/.local/lib/python3.10/site-packages/requests/__init__.py:113: RequestsDependencyWarning: urllib3 (2.6.3) or chardet (7.4.0.post2)/charset_normalizer (3.4.4) doesn't match a supported version!
  warnings.warn(
Cognitive health grade: A
  [OK] CCS freshness: CCS age 10m
  [OK] Nav score: nav score 0.578
  [OK] Capture processing: 2 captures in last 2h
  [OK] Thread activity: last advance 0.3h ago
  [OK] Entity diversity: entity entropy 1.449, evenness 0.914 (3 types)
  [OK] Uncertainty freshness: uncertainty_signals varied (2 unique across 6 snapshots)
  [OK] Compression readiness: compress READY: novelty=?, gap=56min, readiness=0.40
/home/nate-agx/.local/lib/python3.10/site-packages/requests/__init__.py:113: RequestsDependencyWarning: urllib3 (2.6.3) or chardet (7.4.0.post2)/charset_normalizer (3.4.4) doesn't match a supported version!
  warnings.warn(
Cognitive health grade: A
  [OK] CCS freshness: CCS age 10m
  [OK] Nav score: nav score 0.578
  [OK] Capture processing: 7 captures in last 2h
  [OK] Thread activity: last advance 0.9h ago
  [OK] Entity diversity: entity entropy 1.449, evenness 0.914 (3 types)
  [OK] Uncertainty freshness: uncertainty_signals varied (3 unique across 6 snapshots)
  [OK] Compression readiness: compress WAIT: novelty=0.100, gap=28min, readiness=0.68
/home/nate-agx/.local/lib/python3.10/site-packages/requests/__init__.py:113: RequestsDependencyWarning: urllib3 (2.6.3) or chardet (7.4.0.post2)/charset_normalizer (3.4.4) doesn't match a supported version!
  warnings.warn(
Cognitive health grade: A
  [OK] CCS freshness: CCS age 10m
  [OK] Nav score: nav score 0.656
  [OK] Capture processing: 7 captures in last 2h
  [OK] Thread activity: last advance 0.5h ago
  [OK] Entity diversity: entity entropy 1.449, evenness 0.914 (3 types)
  [OK] Uncertainty freshness: uncertainty_signals varied (3 unique across 6 snapshots)
  [OK] Compression readiness: compress READY: novelty=0.247, gap=88min, readiness=1.00
/home/nate-agx/.local/lib/python3.10/site-packages/requests/__init__.py:113: RequestsDependencyWarning: urllib3 (2.6.3) or chardet (7.4.0.post2)/charset_normalizer (3.4.4) doesn't match a supported version!
  warnings.warn(
Cognitive health grade: A
  [OK] CCS freshness: CCS age 10m
  [OK] Nav score: nav score 0.671
  [OK] Capture processing: 13 captures in last 2h
  [OK] Thread activity: last advance 0.3h ago
  [OK] Entity diversity: entity entropy 1.449, evenness 0.914 (3 types)
  [OK] Uncertainty freshness: uncertainty_signals varied (3 unique across 6 snapshots)
  [OK] Compression readiness: compress READY: novelty=0.309, gap=148min, readiness=1.00
/home/nate-agx/.local/lib/python3.10/site-packages/requests/__init__.py:113: RequestsDependencyWarning: urllib3 (2.6.3) or chardet (7.4.0.post2)/charset_normalizer (3.4.4) doesn't match a supported version!
  warnings.warn(
Cognitive health grade: A
  [OK] CCS freshness: CCS age 10m
  [OK] Nav score: nav score 0.572
  [OK] Capture processing: 12 captures in last 2h
  [OK] Thread activity: last advance 1.3h ago
  [OK] Entity diversity: entity entropy 1.449, evenness 0.914 (3 types)
  [OK] Uncertainty freshness: uncertainty_signals varied (3 unique across 6 snapshots)
  [OK] Compression readiness: compress READY: novelty=0.298, gap=208min, readiness=1.00
/home/nate-agx/.local/lib/python3.10/site-packages/requests/__init__.py:113: RequestsDependencyWarning: urllib3 (2.6.3) or chardet (7.4.0.post2)/charset_normalizer (3.4.4) doesn't match a supported version!
  warnings.warn(
Cognitive health grade: A
  [OK] CCS freshness: CCS age 10m
  [OK] Nav score: nav score 0.626
  [OK] Capture processing: 1 captures in last 2h
  [OK] Thread activity: last advance 2.3h ago
  [OK] Entity diversity: entity entropy 1.449, evenness 0.914 (3 types)
  [OK] Uncertainty freshness: uncertainty_signals varied (3 unique across 6 snapshots)
  [OK] Compression readiness: compress READY: novelty=?, gap=268min, readiness=0.40
/home/nate-agx/.local/lib/python3.10/site-packages/requests/__init__.py:113: RequestsDependencyWarning: urllib3 (2.6.3) or chardet (7.4.0.post2)/charset_normalizer (3.4.4) doesn't match a supported version!
  warnings.warn(
Cognitive health grade: A
  [OK] CCS freshness: CCS age 10m
  [OK] Nav score: nav score 0.617
  [OK] Capture processing: no recent captures (quiet period)
  [OK] Thread activity: last advance 3.3h ago
  [OK] Entity diversity: entity entropy 1.449, evenness 0.914 (3 types)
  [OK] Uncertainty freshness: uncertainty_signals varied (3 unique across 6 snapshots)
  [OK] Compression readiness: compress READY: novelty=0.293, gap=328min, readiness=1.00
/home/nate-agx/.local/lib/python3.10/site-packages/requests/__init__.py:113: RequestsDependencyWarning: urllib3 (2.6.3) or chardet (7.4.0.post2)/charset_normalizer (3.4.4) doesn't match a supported version!
  warnings.warn(
Cognitive health grade: A
  [OK] CCS freshness: CCS age 10m
  [OK] Nav score: nav score 0.618
  [OK] Capture processing: 1 captures in last 2h
  [OK] Thread activity: last advance 0.3h ago
  [OK] Entity diversity: entity entropy 1.449, evenness 0.914 (3 types)
  [OK] Uncertainty freshness: uncertainty_signals varied (3 unique across 6 snapshots)
  [OK] Compression readiness: compress READY: novelty=0.300, gap=388min, readiness=1.00
/home/nate-agx/.local/lib/python3.10/site-packages/requests/__init__.py:113: RequestsDependencyWarning: urllib3 (2.6.3) or chardet (7.4.0.post2)/charset_normalizer (3.4.4) doesn't match a supported version!
  warnings.warn(
Cognitive health grade: A
  [OK] CCS freshness: CCS age 10m
  [OK] Nav score: nav score 0.644
  [OK] Capture processing: 3 captures in last 2h
  [OK] Thread activity: last advance 1.3h ago
  [OK] Entity diversity: entity entropy 1.449, evenness 0.914 (3 types)
  [OK] Uncertainty freshness: uncertainty_signals varied (3 unique across 6 snapshots)
  [OK] Compression readiness: compress READY: novelty=0.276, gap=448min, readiness=1.00
/home/nate-agx/.local/lib/python3.10/site-packages/requests/__init__.py:113: RequestsDependencyWarning: urllib3 (2.6.3) or chardet (7.4.0.post2)/charset_normalizer (3.4.4) doesn't match a supported version!
  warnings.warn(
Cognitive health grade: A
  [OK] CCS freshness: CCS age 10m
  [OK] Nav score: nav score 0.619
  [OK] Capture processing: 4 captures in last 2h
  [OK] Thread activity: last advance 0.9h ago
  [OK] Entity diversity: entity entropy 1.449, evenness 0.914 (3 types)
  [OK] Uncertainty freshness: uncertainty_signals varied (3 unique across 6 snapshots)
  [OK] Compression readiness: compress WAIT: novelty=?, gap=11min, readiness=0.15
/home/nate-agx/.local/lib/python3.10/site-packages/requests/__init__.py:113: RequestsDependencyWarning: urllib3 (2.6.3) or chardet (7.4.0.post2)/charset_normalizer (3.4.4) doesn't match a supported version!
  warnings.warn(
Cognitive health grade: A
  [OK] CCS freshness: CCS age 10m
  [OK] Nav score: nav score 0.645
  [OK] Capture processing: 3 captures in last 2h
  [OK] Thread activity: last advance 0.6h ago
  [OK] Entity diversity: entity entropy 1.449, evenness 0.914 (3 types)
  [OK] Uncertainty freshness: uncertainty_signals varied (3 unique across 6 snapshots)
  [OK] Compression readiness: compress READY: novelty=0.269, gap=39min, readiness=1.00
/home/nate-agx/.local/lib/python3.10/site-packages/requests/__init__.py:113: RequestsDependencyWarning: urllib3 (2.6.3) or chardet (7.4.0.post2)/charset_normalizer (3.4.4) doesn't match a supported version!
  warnings.warn(
Cognitive health grade: A
  [OK] CCS freshness: CCS age 10m
  [OK] Nav score: nav score 0.663
  [OK] Capture processing: 3 captures in last 2h
  [OK] Thread activity: last advance 0.6h ago
  [OK] Entity diversity: entity entropy 1.449, evenness 0.914 (3 types)
  [OK] Uncertainty freshness: uncertainty_signals varied (3 unique across 6 snapshots)
  [OK] Compression readiness: compress READY: novelty=0.260, gap=99min, readiness=1.00
/home/nate-agx/.local/lib/python3.10/site-packages/requests/__init__.py:113: RequestsDependencyWarning: urllib3 (2.6.3) or chardet (7.4.0.post2)/charset_normalizer (3.4.4) doesn't match a supported version!
  warnings.warn(
Cognitive health grade: A
  [OK] CCS freshness: CCS age 10m
  [OK] Nav score: nav score 0.611
  [OK] Capture processing: 3 captures in last 2h
  [OK] Thread activity: last advance 0.0h ago
  [OK] Entity diversity: entity entropy 1.449, evenness 0.914 (3 types)
  [OK] Uncertainty freshness: uncertainty_signals varied (2 unique across 6 snapshots)
  [OK] Compression readiness: compress READY: novelty=0.397, gap=23min, readiness=0.90
/home/nate-agx/.local/lib/python3.10/site-packages/requests/__init__.py:113: RequestsDependencyWarning: urllib3 (2.6.3) or chardet (7.4.0.post2)/charset_normalizer (3.4.4) doesn't match a supported version!
  warnings.warn(
Cognitive health grade: A
  [OK] CCS freshness: CCS age 10m
  [OK] Nav score: nav score 0.653
  [OK] Capture processing: 2 captures in last 2h
  [OK] Thread activity: last advance 0.4h ago
  [OK] Entity diversity: entity entropy 1.449, evenness 0.914 (3 types)
  [OK] Uncertainty freshness: uncertainty_signals varied (2 unique across 6 snapshots)
  [OK] Compression readiness: compress READY: novelty=0.424, gap=83min, readiness=1.00
/home/nate-agx/.local/lib/python3.10/site-packages/requests/__init__.py:113: RequestsDependencyWarning: urllib3 (2.6.3) or chardet (7.4.0.post2)/charset_normalizer (3.4.4) doesn't match a supported version!
  warnings.warn(
Cognitive health grade: A
  [OK] CCS freshness: CCS age 10m
  [OK] Nav score: nav score 0.534
  [OK] Capture processing: 3 captures in last 2h
  [OK] Thread activity: last advance 1.4h ago
  [OK] Entity diversity: entity entropy 1.449, evenness 0.914 (3 types)
  [OK] Uncertainty freshness: uncertainty_signals varied (2 unique across 6 snapshots)
  [OK] Compression readiness: compress READY: novelty=0.377, gap=143min, readiness=1.00
/home/nate-agx/.local/lib/python3.10/site-packages/requests/__init__.py:113: RequestsDependencyWarning: urllib3 (2.6.3) or chardet (7.4.0.post2)/charset_normalizer (3.4.4) doesn't match a supported version!
  warnings.warn(
Cognitive health grade: A
  [OK] CCS freshness: CCS age 10m
  [OK] Nav score: nav score 0.573
  [OK] Capture processing: 4 captures in last 2h
  [OK] Thread activity: last advance 2.4h ago
  [OK] Entity diversity: entity entropy 1.449, evenness 0.914 (3 types)
  [OK] Uncertainty freshness: uncertainty_signals varied (2 unique across 6 snapshots)
  [OK] Compression readiness: compress READY: novelty=0.454, gap=203min, readiness=1.00
/home/nate-agx/.local/lib/python3.10/site-packages/requests/__init__.py:113: RequestsDependencyWarning: urllib3 (2.6.3) or chardet (7.4.0.post2)/charset_normalizer (3.4.4) doesn't match a supported version!
  warnings.warn(
Cognitive health grade: A
  [OK] CCS freshness: CCS age 10m
  [OK] Nav score: nav score 0.565
  [OK] Capture processing: 3 captures in last 2h
  [OK] Thread activity: last advance 3.4h ago
  [OK] Entity diversity: entity entropy 1.449, evenness 0.914 (3 types)
  [OK] Uncertainty freshness: uncertainty_signals varied (2 unique across 6 snapshots)
  [OK] Compression readiness: compress READY: novelty=0.335, gap=263min, readiness=1.00
/home/nate-agx/.local/lib/python3.10/site-packages/requests/__init__.py:113: RequestsDependencyWarning: urllib3 (2.6.3) or chardet (7.4.0.post2)/charset_normalizer (3.4.4) doesn't match a supported version!
  warnings.warn(
Cognitive health grade: A
  [OK] CCS freshness: CCS age 10m
  [OK] Nav score: nav score 0.563
  [OK] Capture processing: 1 captures in last 2h
  [OK] Thread activity: last advance 4.4h ago
  [OK] Entity diversity: entity entropy 1.449, evenness 0.914 (3 types)
  [OK] Uncertainty freshness: uncertainty_signals varied (2 unique across 6 snapshots)
  [OK] Compression readiness: compress READY: novelty=0.373, gap=323min, readiness=1.00
/home/nate-agx/.local/lib/python3.10/site-packages/requests/__init__.py:113: RequestsDependencyWarning: urllib3 (2.6.3) or chardet (7.4.0.post2)/charset_normalizer (3.4.4) doesn't match a supported version!
  warnings.warn(
Cognitive health grade: A
  [OK] CCS freshness: CCS age 10m
  [OK] Nav score: nav score 0.545
  [OK] Capture processing: no recent captures (quiet period)
  [OK] Thread activity: last advance 5.4h ago
  [OK] Entity diversity: entity entropy 1.449, evenness 0.914 (3 types)
  [OK] Uncertainty freshness: uncertainty_signals varied (2 unique across 6 snapshots)
  [OK] Compression readiness: compress READY: novelty=0.373, gap=383min, readiness=1.00
/home/nate-agx/.local/lib/python3.10/site-packages/requests/__init__.py:113: RequestsDependencyWarning: urllib3 (2.6.3) or chardet (7.4.0.post2)/charset_normalizer (3.4.4) doesn't match a supported version!
  warnings.warn(
Cognitive health grade: A
  [OK] CCS freshness: CCS age 10m
  [OK] Nav score: nav score 0.521
  [OK] Capture processing: 1 captures in last 2h
  [OK] Thread activity: last advance 6.4h ago
  [OK] Entity diversity: entity entropy 1.449, evenness 0.914 (3 types)
  [OK] Uncertainty freshness: uncertainty_signals varied (2 unique across 6 snapshots)
  [OK] Compression readiness: compress READY: novelty=0.338, gap=443min, readiness=1.00
/home/nate-agx/.local/lib/python3.10/site-packages/requests/__init__.py:113: RequestsDependencyWarning: urllib3 (2.6.3) or chardet (7.4.0.post2)/charset_normalizer (3.4.4) doesn't match a supported version!
  warnings.warn(
Cognitive health grade: A
  [OK] CCS freshness: CCS age 10m
  [OK] Nav score: nav score 0.639
  [OK] Capture processing: 5 captures in last 2h
  [OK] Thread activity: last advance 0.6h ago
  [OK] Entity diversity: entity entropy 1.449, evenness 0.914 (3 types)
  [OK] Uncertainty freshness: uncertainty_signals varied (2 unique across 6 snapshots)
  [OK] Compression readiness: compress READY: novelty=0.422, gap=503min, readiness=1.00
/home/nate-agx/.local/lib/python3.10/site-packages/requests/__init__.py:113: RequestsDependencyWarning: urllib3 (2.6.3) or chardet (7.4.0.post2)/charset_normalizer (3.4.4) doesn't match a supported version!
  warnings.warn(
Cognitive health grade: A
  [OK] CCS freshness: CCS age 10m
  [OK] Nav score: nav score 0.569
  [OK] Capture processing: 4 captures in last 2h
  [OK] Thread activity: last advance 1.6h ago
  [OK] Entity diversity: entity entropy 1.449, evenness 0.914 (3 types)
  [OK] Uncertainty freshness: uncertainty_signals varied (2 unique across 6 snapshots)
  [OK] Compression readiness: compress READY: novelty=0.435, gap=563min, readiness=1.00
/home/nate-agx/.local/lib/python3.10/site-packages/requests/__init__.py:113: RequestsDependencyWarning: urllib3 (2.6.3) or chardet (7.4.0.post2)/charset_normalizer (3.4.4) doesn't match a supported version!
  warnings.warn(
Cognitive health grade: A
  [OK] CCS freshness: CCS age 10m
  [OK] Nav score: nav score 0.569
  [OK] Capture processing: no recent captures (quiet period)
  [OK] Thread activity: last advance 2.6h ago
  [OK] Entity diversity: entity entropy 1.449, evenness 0.914 (3 types)
  [OK] Uncertainty freshness: uncertainty_signals varied (2 unique across 6 snapshots)
  [OK] Compression readiness: compress READY: novelty=0.435, gap=623min, readiness=1.00
/home/nate-agx/.local/lib/python3.10/site-packages/requests/__init__.py:113: RequestsDependencyWarning: urllib3 (2.6.3) or chardet (7.4.0.post2)/charset_normalizer (3.4.4) doesn't match a supported version!
  warnings.warn(
Cognitive health grade: A
  [OK] CCS freshness: CCS age 10m
  [OK] Nav score: nav score 0.567
  [OK] Capture processing: 1 captures in last 2h
  [OK] Thread activity: last advance 3.6h ago
  [OK] Entity diversity: entity entropy 1.449, evenness 0.914 (3 types)
  [OK] Uncertainty freshness: uncertainty_signals varied (2 unique across 6 snapshots)
  [OK] Compression readiness: compress READY: novelty=0.377, gap=683min, readiness=1.00
/home/nate-agx/.local/lib/python3.10/site-packages/requests/__init__.py:113: RequestsDependencyWarning: urllib3 (2.6.3) or chardet (7.4.0.post2)/charset_normalizer (3.4.4) doesn't match a supported version!
  warnings.warn(
Cognitive health grade: A
  [OK] CCS freshness: CCS age 10m
  [OK] Nav score: nav score 0.575
  [OK] Capture processing: 2 captures in last 2h
  [OK] Thread activity: last advance 4.6h ago
  [OK] Entity diversity: entity entropy 1.449, evenness 0.914 (3 types)
  [OK] Uncertainty freshness: uncertainty_signals varied (2 unique across 6 snapshots)
  [OK] Compression readiness: compress READY: novelty=0.378, gap=743min, readiness=1.00
/home/nate-agx/.local/lib/python3.10/site-packages/requests/__init__.py:113: RequestsDependencyWarning: urllib3 (2.6.3) or chardet (7.4.0.post2)/charset_normalizer (3.4.4) doesn't match a supported version!
  warnings.warn(
Cognitive health grade: A
  [OK] CCS freshness: CCS age 10m
  [OK] Nav score: nav score 0.640
  [OK] Capture processing: 2 captures in last 2h
  [OK] Thread activity: last advance 0.6h ago
  [OK] Entity diversity: entity entropy 1.449, evenness 0.914 (3 types)
  [OK] Uncertainty freshness: uncertainty_signals varied (2 unique across 6 snapshots)
  [OK] Compression readiness: compress READY: novelty=0.400, gap=803min, readiness=1.00
/home/nate-agx/.local/lib/python3.10/site-packages/requests/__init__.py:113: RequestsDependencyWarning: urllib3 (2.6.3) or chardet (7.4.0.post2)/charset_normalizer (3.4.4) doesn't match a supported version!
  warnings.warn(
Cognitive health grade: A
  [OK] CCS freshness: CCS age 10m
  [OK] Nav score: nav score 0.625
  [OK] Capture processing: 1 captures in last 2h
  [OK] Thread activity: last advance 0.9h ago
  [OK] Entity diversity: entity entropy 1.449, evenness 0.914 (3 types)
  [OK] Uncertainty freshness: uncertainty_signals varied (2 unique across 6 snapshots)
  [OK] Compression readiness: compress READY: novelty=0.454, gap=863min, readiness=1.00
/home/nate-agx/.local/lib/python3.10/site-packages/requests/__init__.py:113: RequestsDependencyWarning: urllib3 (2.6.3) or chardet (7.4.0.post2)/charset_normalizer (3.4.4) doesn't match a supported version!
  warnings.warn(
Cognitive health grade: A
  [OK] CCS freshness: CCS age 10m
  [OK] Nav score: nav score 0.590
  [OK] Capture processing: 2 captures in last 2h
  [OK] Thread activity: last advance 0.5h ago
  [OK] Entity diversity: entity entropy 1.449, evenness 0.914 (3 types)
  [OK] Uncertainty freshness: uncertainty_signals varied (2 unique across 6 snapshots)
  [OK] Compression readiness: compress READY: novelty=0.365, gap=923min, readiness=1.00
/home/nate-agx/.local/lib/python3.10/site-packages/requests/__init__.py:113: RequestsDependencyWarning: urllib3 (2.6.3) or chardet (7.4.0.post2)/charset_normalizer (3.4.4) doesn't match a supported version!
  warnings.warn(
Cognitive health grade: A
  [OK] CCS freshness: CCS age 10m
  [OK] Nav score: nav score 0.582
  [OK] Capture processing: 4 captures in last 2h
  [OK] Thread activity: last advance 1.5h ago
  [OK] Entity diversity: entity entropy 1.449, evenness 0.914 (3 types)
  [OK] Uncertainty freshness: uncertainty_signals varied (2 unique across 6 snapshots)
  [OK] Compression readiness: compress READY: novelty=0.362, gap=983min, readiness=1.00
/home/nate-agx/.local/lib/python3.10/site-packages/requests/__init__.py:113: RequestsDependencyWarning: urllib3 (2.6.3) or chardet (7.4.0.post2)/charset_normalizer (3.4.4) doesn't match a supported version!
  warnings.warn(
Cognitive health grade: A
  [OK] CCS freshness: CCS age 10m
  [OK] Nav score: nav score 0.525
  [OK] Capture processing: 2 captures in last 2h
  [OK] Thread activity: last advance 2.5h ago
  [OK] Entity diversity: entity entropy 1.449, evenness 0.914 (3 types)
  [OK] Uncertainty freshness: uncertainty_signals varied (2 unique across 6 snapshots)
  [OK] Compression readiness: compress READY: novelty=0.379, gap=1043min, readiness=1.00
/home/nate-agx/.local/lib/python3.10/site-packages/requests/__init__.py:113: RequestsDependencyWarning: urllib3 (2.6.3) or chardet (7.4.0.post2)/charset_normalizer (3.4.4) doesn't match a supported version!
  warnings.warn(
Cognitive health grade: A
  [OK] CCS freshness: CCS age 10m
  [OK] Nav score: nav score 0.578
  [OK] Capture processing: 2 captures in last 2h
  [OK] Thread activity: last advance 3.5h ago
  [OK] Entity diversity: entity entropy 1.449, evenness 0.914 (3 types)
  [OK] Uncertainty freshness: uncertainty_signals varied (2 unique across 6 snapshots)
  [OK] Compression readiness: compress READY: novelty=0.329, gap=1103min, readiness=1.00
/home/nate-agx/.local/lib/python3.10/site-packages/requests/__init__.py:113: RequestsDependencyWarning: urllib3 (2.6.3) or chardet (7.4.0.post2)/charset_normalizer (3.4.4) doesn't match a supported version!
  warnings.warn(
Cognitive health grade: A
  [OK] CCS freshness: CCS age 10m
  [OK] Nav score: nav score 0.606
  [OK] Capture processing: 5 captures in last 2h
  [OK] Thread activity: last advance 4.5h ago
  [OK] Entity diversity: entity entropy 1.449, evenness 0.914 (3 types)
  [OK] Uncertainty freshness: uncertainty_signals varied (2 unique across 6 snapshots)
  [OK] Compression readiness: compress READY: novelty=0.346, gap=1163min, readiness=1.00
/home/nate-agx/.local/lib/python3.10/site-packages/requests/__init__.py:113: RequestsDependencyWarning: urllib3 (2.6.3) or chardet (7.4.0.post2)/charset_normalizer (3.4.4) doesn't match a supported version!
  warnings.warn(
Cognitive health grade: A
  [OK] CCS freshness: CCS age 2m
  [OK] Nav score: nav score 0.594
  [OK] Capture processing: 3 captures in last 2h
  [OK] Thread activity: last advance 0.8h ago
  [OK] Entity diversity: entity entropy 1.449, evenness 0.914 (3 types)
  [OK] Uncertainty freshness: uncertainty_signals varied (2 unique across 6 snapshots)
  [OK] Compression readiness: compress READY: novelty=0.309, gap=2min, readiness=0.63
/home/nate-agx/.local/lib/python3.10/site-packages/requests/__init__.py:113: RequestsDependencyWarning: urllib3 (2.6.3) or chardet (7.4.0.post2)/charset_normalizer (3.4.4) doesn't match a supported version!
  warnings.warn(
Cognitive health grade: A
  [OK] CCS freshness: CCS age 10m
  [OK] Nav score: nav score 0.588
  [OK] Capture processing: no recent captures (quiet period)
  [OK] Thread activity: last advance 1.8h ago
  [OK] Entity diversity: entity entropy 1.449, evenness 0.914 (3 types)
  [OK] Uncertainty freshness: uncertainty_signals varied (2 unique across 6 snapshots)
  [OK] Compression readiness: compress READY: novelty=0.369, gap=62min, readiness=1.00
/home/nate-agx/.local/lib/python3.10/site-packages/requests/__init__.py:113: RequestsDependencyWarning: urllib3 (2.6.3) or chardet (7.4.0.post2)/charset_normalizer (3.4.4) doesn't match a supported version!
  warnings.warn(
Cognitive health grade: A
  [OK] CCS freshness: CCS age 10m
  [OK] Nav score: nav score 0.527
  [OK] Capture processing: 1 captures in last 2h
  [OK] Thread activity: last advance 2.8h ago
  [OK] Entity diversity: entity entropy 1.449, evenness 0.914 (3 types)
  [OK] Uncertainty freshness: uncertainty_signals varied (2 unique across 6 snapshots)
  [OK] Compression readiness: compress READY: novelty=0.285, gap=122min, readiness=1.00
/home/nate-agx/.local/lib/python3.10/site-packages/requests/__init__.py:113: RequestsDependencyWarning: urllib3 (2.6.3) or chardet (7.4.0.post2)/charset_normalizer (3.4.4) doesn't match a supported version!
  warnings.warn(
Cognitive health grade: A
  [OK] CCS freshness: CCS age 10m
  [OK] Nav score: nav score 0.629
  [OK] Capture processing: 1 captures in last 2h
  [OK] Thread activity: last advance 0.8h ago
  [OK] Entity diversity: entity entropy 1.449, evenness 0.914 (3 types)
  [OK] Uncertainty freshness: uncertainty_signals varied (2 unique across 6 snapshots)
  [OK] Compression readiness: compress READY: novelty=0.247, gap=182min, readiness=1.00
/home/nate-agx/.local/lib/python3.10/site-packages/requests/__init__.py:113: RequestsDependencyWarning: urllib3 (2.6.3) or chardet (7.4.0.post2)/charset_normalizer (3.4.4) doesn't match a supported version!
  warnings.warn(
Cognitive health grade: A
  [OK] CCS freshness: CCS age 10m
  [OK] Nav score: nav score 0.640
  [OK] Capture processing: 3 captures in last 2h
  [OK] Thread activity: last advance 1.8h ago
  [OK] Entity diversity: entity entropy 1.449, evenness 0.914 (3 types)
  [OK] Uncertainty freshness: uncertainty_signals varied (2 unique across 6 snapshots)
  [OK] Compression readiness: compress READY: novelty=0.382, gap=242min, readiness=1.00
/home/nate-agx/.local/lib/python3.10/site-packages/requests/__init__.py:113: RequestsDependencyWarning: urllib3 (2.6.3) or chardet (7.4.0.post2)/charset_normalizer (3.4.4) doesn't match a supported version!
  warnings.warn(
Cognitive health grade: A
  [OK] CCS freshness: CCS age 10m
  [OK] Nav score: nav score 0.695
  [OK] Capture processing: 3 captures in last 2h
  [OK] Thread activity: last advance 0.7h ago
  [OK] Entity diversity: entity entropy 1.449, evenness 0.914 (3 types)
  [OK] Uncertainty freshness: uncertainty_signals varied (2 unique across 6 snapshots)
  [OK] Compression readiness: compress READY: novelty=0.235, gap=302min, readiness=1.00
/home/nate-agx/.local/lib/python3.10/site-packages/requests/__init__.py:113: RequestsDependencyWarning: urllib3 (2.6.3) or chardet (7.4.0.post2)/charset_normalizer (3.4.4) doesn't match a supported version!
  warnings.warn(
Cognitive health grade: A
  [OK] CCS freshness: CCS age 10m
  [OK] Nav score: nav score 0.632
  [OK] Capture processing: 1 captures in last 2h
  [OK] Thread activity: last advance 1.7h ago
  [OK] Entity diversity: entity entropy 1.449, evenness 0.914 (3 types)
  [OK] Uncertainty freshness: uncertainty_signals varied (2 unique across 6 snapshots)
  [OK] Compression readiness: compress READY: novelty=0.314, gap=362min, readiness=1.00
/home/nate-agx/.local/lib/python3.10/site-packages/requests/__init__.py:113: RequestsDependencyWarning: urllib3 (2.6.3) or chardet (7.4.0.post2)/charset_normalizer (3.4.4) doesn't match a supported version!
  warnings.warn(
Cognitive health grade: A
  [OK] CCS freshness: CCS age 10m
  [OK] Nav score: nav score 0.603
  [OK] Capture processing: 2 captures in last 2h
  [OK] Thread activity: last advance 0.9h ago
  [OK] Entity diversity: entity entropy 1.449, evenness 0.914 (3 types)
  [OK] Uncertainty freshness: uncertainty_signals varied (2 unique across 6 snapshots)
  [OK] Compression readiness: compress READY: novelty=0.324, gap=422min, readiness=1.00
/home/nate-agx/.local/lib/python3.10/site-packages/requests/__init__.py:113: RequestsDependencyWarning: urllib3 (2.6.3) or chardet (7.4.0.post2)/charset_normalizer (3.4.4) doesn't match a supported version!
  warnings.warn(
Cognitive health grade: B
  [OK] CCS freshness: CCS age 10m
  [!!] Nav score: nav score dropping: 0.632 -> 0.531
  [OK] Capture processing: 2 captures in last 2h
  [OK] Thread activity: last advance 1.9h ago
  [OK] Entity diversity: entity entropy 1.449, evenness 0.914 (3 types)
  [OK] Uncertainty freshness: uncertainty_signals varied (2 unique across 6 snapshots)
  [OK] Compression readiness: compress READY: novelty=0.358, gap=482min, readiness=1.00
Remediation:
  -> Nav score: calibration_nav_score exit=0:   [0.6011] What is the standing directive on Discord presence?
/home/nate-agx/.local/lib/python3.10/site-packages/requests/__init__.py:113: RequestsDependencyWarning: urllib3 (2.6.3) or chardet (7.4.0.post2)/charset_normalizer (3.4.4) doesn't match a supported version!
  warnings.warn(
Cognitive health grade: A
  [OK] CCS freshness: CCS age 10m
  [OK] Nav score: nav score 0.567
  [OK] Capture processing: 1 captures in last 2h
  [OK] Thread activity: last advance 2.9h ago
  [OK] Entity diversity: entity entropy 1.449, evenness 0.914 (3 types)
  [OK] Uncertainty freshness: uncertainty_signals varied (2 unique across 6 snapshots)
  [OK] Compression readiness: compress READY: novelty=0.381, gap=542min, readiness=1.00
/home/nate-agx/.local/lib/python3.10/site-packages/requests/__init__.py:113: RequestsDependencyWarning: urllib3 (2.6.3) or chardet (7.4.0.post2)/charset_normalizer (3.4.4) doesn't match a supported version!
  warnings.warn(
Cognitive health grade: A
  [OK] CCS freshness: CCS age 10m
  [OK] Nav score: nav score 0.552
  [OK] Capture processing: no recent captures (quiet period)
  [OK] Thread activity: last advance 3.9h ago
  [OK] Entity diversity: entity entropy 1.449, evenness 0.914 (3 types)
  [OK] Uncertainty freshness: uncertainty_signals varied (2 unique across 6 snapshots)
  [OK] Compression readiness: compress READY: novelty=0.379, gap=602min, readiness=1.00
/home/nate-agx/.local/lib/python3.10/site-packages/requests/__init__.py:113: RequestsDependencyWarning: urllib3 (2.6.3) or chardet (7.4.0.post2)/charset_normalizer (3.4.4) doesn't match a supported version!
  warnings.warn(
Cognitive health grade: A
  [OK] CCS freshness: CCS age 10m
  [OK] Nav score: nav score 0.574
  [OK] Capture processing: 1 captures in last 2h
  [OK] Thread activity: last advance 0.3h ago
  [OK] Entity diversity: entity entropy 1.449, evenness 0.914 (3 types)
  [OK] Uncertainty freshness: uncertainty_signals varied (2 unique across 6 snapshots)
  [OK] Compression readiness: compress READY: novelty=0.362, gap=662min, readiness=1.00
/home/nate-agx/.local/lib/python3.10/site-packages/requests/__init__.py:113: RequestsDependencyWarning: urllib3 (2.6.3) or chardet (7.4.0.post2)/charset_normalizer (3.4.4) doesn't match a supported version!
  warnings.warn(
Cognitive health grade: A
  [OK] CCS freshness: CCS age 10m
  [OK] Nav score: nav score 0.573
  [OK] Capture processing: 1 captures in last 2h
  [OK] Thread activity: last advance 1.3h ago
  [OK] Entity diversity: entity entropy 1.449, evenness 0.914 (3 types)
  [OK] Uncertainty freshness: uncertainty_signals varied (2 unique across 6 snapshots)
  [OK] Compression readiness: compress READY: novelty=0.379, gap=722min, readiness=1.00
/home/nate-agx/.local/lib/python3.10/site-packages/requests/__init__.py:113: RequestsDependencyWarning: urllib3 (2.6.3) or chardet (7.4.0.post2)/charset_normalizer (3.4.4) doesn't match a supported version!
  warnings.warn(
Cognitive health grade: A
  [OK] CCS freshness: CCS age 10m
  [OK] Nav score: nav score 0.568
  [OK] Capture processing: no recent captures (quiet period)
  [OK] Thread activity: last advance 2.3h ago
  [OK] Entity diversity: entity entropy 1.449, evenness 0.914 (3 types)
  [OK] Uncertainty freshness: uncertainty_signals varied (3 unique across 6 snapshots)
  [OK] Compression readiness: compress READY: novelty=0.379, gap=55min, readiness=1.00
/home/nate-agx/.local/lib/python3.10/site-packages/requests/__init__.py:113: RequestsDependencyWarning: urllib3 (2.6.3) or chardet (7.4.0.post2)/charset_normalizer (3.4.4) doesn't match a supported version!
  warnings.warn(
Cognitive health grade: B
  [!!] CCS freshness: CCS is 50m old (limit 30m)
  [OK] Nav score: nav score 0.576
  [OK] Capture processing: no recent captures (quiet period)
  [OK] Thread activity: last advance 3.3h ago
  [OK] Entity diversity: entity entropy 1.449, evenness 0.914 (3 types)
  [OK] Uncertainty freshness: uncertainty_signals varied (3 unique across 6 snapshots)
  [OK] Compression readiness: compress READY: novelty=0.372, gap=115min, readiness=1.00
Remediation:
  -> CCS freshness: ccs_autotouch exit=0: Reason: nav score 0.576 >= conformal threshold 0.550, CCS age 50m — no refresh needed
/home/nate-agx/.local/lib/python3.10/site-packages/requests/__init__.py:113: RequestsDependencyWarning: urllib3 (2.6.3) or chardet (7.4.0.post2)/charset_normalizer (3.4.4) doesn't match a supported version!
  warnings.warn(
Cognitive health grade: A
  [OK] CCS freshness: CCS age 10m
  [OK] Nav score: nav score 0.627
  [OK] Capture processing: 1 captures in last 2h
  [OK] Thread activity: last advance 4.3h ago
  [OK] Entity diversity: entity entropy 1.449, evenness 0.914 (3 types)
  [OK] Uncertainty freshness: uncertainty_signals varied (3 unique across 6 snapshots)
  [OK] Compression readiness: compress WAIT: novelty=0.126, gap=26min, readiness=0.72
/home/nate-agx/.local/lib/python3.10/site-packages/requests/__init__.py:113: RequestsDependencyWarning: urllib3 (2.6.3) or chardet (7.4.0.post2)/charset_normalizer (3.4.4) doesn't match a supported version!
  warnings.warn(
Cognitive health grade: A
  [OK] CCS freshness: CCS age 10m
  [OK] Nav score: nav score 0.679
  [OK] Capture processing: 2 captures in last 2h
  [OK] Thread activity: last advance 0.5h ago
  [OK] Entity diversity: entity entropy 1.449, evenness 0.914 (3 types)
  [OK] Uncertainty freshness: uncertainty_signals varied (3 unique across 6 snapshots)
  [OK] Compression readiness: compress READY: novelty=0.349, gap=86min, readiness=1.00
/home/nate-agx/.local/lib/python3.10/site-packages/requests/__init__.py:113: RequestsDependencyWarning: urllib3 (2.6.3) or chardet (7.4.0.post2)/charset_normalizer (3.4.4) doesn't match a supported version!
  warnings.warn(
Cognitive health grade: A
  [OK] CCS freshness: CCS age 10m
  [OK] Nav score: nav score 0.553
  [OK] Capture processing: 1 captures in last 2h
  [OK] Thread activity: last advance 0.0h ago
  [OK] Entity diversity: entity entropy 1.449, evenness 0.914 (3 types)
  [OK] Uncertainty freshness: uncertainty_signals varied (3 unique across 6 snapshots)
  [OK] Compression readiness: compress READY: novelty=0.314, gap=146min, readiness=1.00
/home/nate-agx/.local/lib/python3.10/site-packages/requests/__init__.py:113: RequestsDependencyWarning: urllib3 (2.6.3) or chardet (7.4.0.post2)/charset_normalizer (3.4.4) doesn't match a supported version!
  warnings.warn(
Cognitive health grade: A
  [OK] CCS freshness: CCS age 10m
  [OK] Nav score: nav score 0.653
  [OK] Capture processing: 4 captures in last 2h
  [OK] Thread activity: last advance 0.7h ago
  [OK] Entity diversity: entity entropy 1.449, evenness 0.914 (3 types)
  [OK] Uncertainty freshness: uncertainty_signals varied (2 unique across 6 snapshots)
  [OK] Compression readiness: compress READY: novelty=0.162, gap=32min, readiness=0.89
/home/nate-agx/.local/lib/python3.10/site-packages/requests/__init__.py:113: RequestsDependencyWarning: urllib3 (2.6.3) or chardet (7.4.0.post2)/charset_normalizer (3.4.4) doesn't match a supported version!
  warnings.warn(
Cognitive health grade: B
  [OK] CCS freshness: CCS age 10m
  [OK] Nav score: nav score 0.624
  [OK] Capture processing: 5 captures in last 2h
  [OK] Thread activity: last advance 0.9h ago
  [OK] Entity diversity: entity entropy 1.449, evenness 0.914 (3 types)
  [!!] Uncertainty freshness: uncertainty_signals frozen across 6 snapshots
  [OK] Compression readiness: compress READY: novelty=0.159, gap=44min, readiness=0.88
/home/nate-agx/.local/lib/python3.10/site-packages/requests/__init__.py:113: RequestsDependencyWarning: urllib3 (2.6.3) or chardet (7.4.0.post2)/charset_normalizer (3.4.4) doesn't match a supported version!
  warnings.warn(
Cognitive health grade: B
  [OK] CCS freshness: CCS age 10m
  [OK] Nav score: nav score 0.624
  [OK] Capture processing: 4 captures in last 2h
  [OK] Thread activity: last advance 1.9h ago
  [OK] Entity diversity: entity entropy 1.449, evenness 0.914 (3 types)
  [!!] Uncertainty freshness: uncertainty_signals frozen across 6 snapshots
  [OK] Compression readiness: compress READY: novelty=0.163, gap=104min, readiness=0.89
/home/nate-agx/.local/lib/python3.10/site-packages/requests/__init__.py:113: RequestsDependencyWarning: urllib3 (2.6.3) or chardet (7.4.0.post2)/charset_normalizer (3.4.4) doesn't match a supported version!
  warnings.warn(
Cognitive health grade: A
  [OK] CCS freshness: CCS age 10m
  [OK] Nav score: nav score 0.640
  [OK] Capture processing: 11 captures in last 2h
  [OK] Thread activity: last advance 0.2h ago
  [OK] Entity diversity: entity entropy 1.379, evenness 0.870 (3 types)
  [OK] Uncertainty freshness: uncertainty_signals varied (2 unique across 6 snapshots)
  [OK] Compression readiness: compress READY: novelty=0.091, gap=42min, readiness=0.67
/home/nate-agx/.local/lib/python3.10/site-packages/requests/__init__.py:113: RequestsDependencyWarning: urllib3 (2.6.3) or chardet (7.4.0.post2)/charset_normalizer (3.4.4) doesn't match a supported version!
  warnings.warn(
Cognitive health grade: A
  [OK] CCS freshness: CCS age 10m
  [OK] Nav score: nav score 0.609
  [OK] Capture processing: 13 captures in last 2h
  [OK] Thread activity: last advance 0.2h ago
  [OK] Entity diversity: entity entropy 1.379, evenness 0.870 (3 types)
  [OK] Uncertainty freshness: uncertainty_signals varied (2 unique across 6 snapshots)
  [OK] Compression readiness: compress READY: novelty=0.264, gap=102min, readiness=1.00
/home/nate-agx/.local/lib/python3.10/site-packages/requests/__init__.py:113: RequestsDependencyWarning: urllib3 (2.6.3) or chardet (7.4.0.post2)/charset_normalizer (3.4.4) doesn't match a supported version!
  warnings.warn(
Cognitive health grade: A
  [OK] CCS freshness: CCS age 10m
  [OK] Nav score: nav score 0.643
  [OK] Capture processing: 6 captures in last 2h
  [OK] Thread activity: last advance 1.2h ago
  [OK] Entity diversity: entity entropy 1.379, evenness 0.870 (3 types)
  [OK] Uncertainty freshness: uncertainty_signals varied (2 unique across 6 snapshots)
  [OK] Compression readiness: compress READY: novelty=0.293, gap=162min, readiness=1.00
/home/nate-agx/.local/lib/python3.10/site-packages/requests/__init__.py:113: RequestsDependencyWarning: urllib3 (2.6.3) or chardet (7.4.0.post2)/charset_normalizer (3.4.4) doesn't match a supported version!
  warnings.warn(
Cognitive health grade: A
  [OK] CCS freshness: CCS age 10m
  [OK] Nav score: nav score 0.623
  [OK] Capture processing: 1 captures in last 2h
  [OK] Thread activity: last advance 2.2h ago
  [OK] Entity diversity: entity entropy 1.379, evenness 0.870 (3 types)
  [OK] Uncertainty freshness: uncertainty_signals varied (2 unique across 6 snapshots)
  [OK] Compression readiness: compress READY: novelty=0.337, gap=222min, readiness=1.00
/home/nate-agx/.local/lib/python3.10/site-packages/requests/__init__.py:113: RequestsDependencyWarning: urllib3 (2.6.3) or chardet (7.4.0.post2)/charset_normalizer (3.4.4) doesn't match a supported version!
  warnings.warn(
Cognitive health grade: A
  [OK] CCS freshness: CCS age 10m
  [OK] Nav score: nav score 0.634
  [OK] Capture processing: 9 captures in last 2h
  [OK] Thread activity: last advance 0.1h ago
  [OK] Entity diversity: entity entropy 1.379, evenness 0.870 (3 types)
  [OK] Uncertainty freshness: uncertainty_signals varied (2 unique across 6 snapshots)
  [OK] Compression readiness: compress READY: novelty=0.246, gap=282min, readiness=1.00
/home/nate-agx/.local/lib/python3.10/site-packages/requests/__init__.py:113: RequestsDependencyWarning: urllib3 (2.6.3) or chardet (7.4.0.post2)/charset_normalizer (3.4.4) doesn't match a supported version!
  warnings.warn(
Cognitive health grade: A
  [OK] CCS freshness: CCS age 10m
  [OK] Nav score: nav score 0.612
  [OK] Capture processing: 11 captures in last 2h
  [OK] Thread activity: last advance 1.1h ago
  [OK] Entity diversity: entity entropy 1.379, evenness 0.870 (3 types)
  [OK] Uncertainty freshness: uncertainty_signals varied (2 unique across 6 snapshots)
  [OK] Compression readiness: compress READY: novelty=0.320, gap=342min, readiness=1.00
/home/nate-agx/.local/lib/python3.10/site-packages/requests/__init__.py:113: RequestsDependencyWarning: urllib3 (2.6.3) or chardet (7.4.0.post2)/charset_normalizer (3.4.4) doesn't match a supported version!
  warnings.warn(
Cognitive health grade: A
  [OK] CCS freshness: CCS age 10m
  [OK] Nav score: nav score 0.597
  [OK] Capture processing: 6 captures in last 2h
  [OK] Thread activity: last advance 0.0h ago
  [OK] Entity diversity: entity entropy 1.379, evenness 0.870 (3 types)
  [OK] Uncertainty freshness: uncertainty_signals varied (2 unique across 6 snapshots)
  [OK] Compression readiness: compress READY: novelty=0.210, gap=402min, readiness=1.00
/home/nate-agx/.local/lib/python3.10/site-packages/requests/__init__.py:113: RequestsDependencyWarning: urllib3 (2.6.3) or chardet (7.4.0.post2)/charset_normalizer (3.4.4) doesn't match a supported version!
  warnings.warn(
Cognitive health grade: A
  [OK] CCS freshness: CCS age 10m
  [OK] Nav score: nav score 0.656
  [OK] Capture processing: 7 captures in last 2h
  [OK] Thread activity: last advance 0.5h ago
  [OK] Entity diversity: entity entropy 1.379, evenness 0.870 (3 types)
  [OK] Uncertainty freshness: uncertainty_signals varied (3 unique across 6 snapshots)
  [OK] Compression readiness: compress READY: novelty=0.166, gap=41min, readiness=0.90
/home/nate-agx/.local/lib/python3.10/site-packages/requests/__init__.py:113: RequestsDependencyWarning: urllib3 (2.6.3) or chardet (7.4.0.post2)/charset_normalizer (3.4.4) doesn't match a supported version!
  warnings.warn(
Cognitive health grade: A
  [OK] CCS freshness: CCS age 10m
  [OK] Nav score: nav score 0.643
  [OK] Capture processing: 6 captures in last 2h
  [OK] Thread activity: last advance 0.2h ago
  [OK] Entity diversity: entity entropy 1.379, evenness 0.870 (3 types)
  [OK] Uncertainty freshness: uncertainty_signals varied (3 unique across 6 snapshots)
  [OK] Compression readiness: compress READY: novelty=0.255, gap=101min, readiness=1.00
/home/nate-agx/.local/lib/python3.10/site-packages/requests/__init__.py:113: RequestsDependencyWarning: urllib3 (2.6.3) or chardet (7.4.0.post2)/charset_normalizer (3.4.4) doesn't match a supported version!
  warnings.warn(
Cognitive health grade: A
  [OK] CCS freshness: CCS age 10m
  [OK] Nav score: nav score 0.613
  [OK] Capture processing: 3 captures in last 2h
  [OK] Thread activity: last advance 1.2h ago
  [OK] Entity diversity: entity entropy 1.379, evenness 0.870 (3 types)
  [OK] Uncertainty freshness: uncertainty_signals varied (3 unique across 6 snapshots)
  [OK] Compression readiness: compress READY: novelty=0.267, gap=161min, readiness=1.00
/home/nate-agx/.local/lib/python3.10/site-packages/requests/__init__.py:113: RequestsDependencyWarning: urllib3 (2.6.3) or chardet (7.4.0.post2)/charset_normalizer (3.4.4) doesn't match a supported version!
  warnings.warn(
Cognitive health grade: A
  [OK] CCS freshness: CCS age 10m
  [OK] Nav score: nav score 0.576
  [OK] Capture processing: 2 captures in last 2h
  [OK] Thread activity: last advance 2.2h ago
  [OK] Entity diversity: entity entropy 1.379, evenness 0.870 (3 types)
  [OK] Uncertainty freshness: uncertainty_signals varied (3 unique across 6 snapshots)
  [OK] Compression readiness: compress READY: novelty=0.207, gap=221min, readiness=1.00
/home/nate-agx/.local/lib/python3.10/site-packages/requests/__init__.py:113: RequestsDependencyWarning: urllib3 (2.6.3) or chardet (7.4.0.post2)/charset_normalizer (3.4.4) doesn't match a supported version!
  warnings.warn(
Cognitive health grade: A
  [OK] CCS freshness: CCS age 10m
  [OK] Nav score: nav score 0.619
  [OK] Capture processing: 3 captures in last 2h
  [OK] Thread activity: last advance 3.2h ago
  [OK] Entity diversity: entity entropy 1.379, evenness 0.870 (3 types)
  [OK] Uncertainty freshness: uncertainty_signals varied (3 unique across 6 snapshots)
  [OK] Compression readiness: compress READY: novelty=0.213, gap=281min, readiness=1.00
/home/nate-agx/.local/lib/python3.10/site-packages/requests/__init__.py:113: RequestsDependencyWarning: urllib3 (2.6.3) or chardet (7.4.0.post2)/charset_normalizer (3.4.4) doesn't match a supported version!
  warnings.warn(
Cognitive health grade: A
  [OK] CCS freshness: CCS age 10m
  [OK] Nav score: nav score 0.544
  [OK] Capture processing: 1 captures in last 2h
  [OK] Thread activity: last advance 4.2h ago
  [OK] Entity diversity: entity entropy 1.379, evenness 0.870 (3 types)
  [OK] Uncertainty freshness: uncertainty_signals varied (3 unique across 6 snapshots)
  [OK] Compression readiness: compress READY: novelty=0.274, gap=341min, readiness=1.00
/home/nate-agx/.local/lib/python3.10/site-packages/requests/__init__.py:113: RequestsDependencyWarning: urllib3 (2.6.3) or chardet (7.4.0.post2)/charset_normalizer (3.4.4) doesn't match a supported version!
  warnings.warn(
Cognitive health grade: A
  [OK] CCS freshness: CCS age 10m
  [OK] Nav score: nav score 0.544
  [OK] Capture processing: 2 captures in last 2h
  [OK] Thread activity: last advance 5.2h ago
  [OK] Entity diversity: entity entropy 1.379, evenness 0.870 (3 types)
  [OK] Uncertainty freshness: uncertainty_signals varied (3 unique across 6 snapshots)
  [OK] Compression readiness: compress READY: novelty=0.210, gap=401min, readiness=1.00
/home/nate-agx/.local/lib/python3.10/site-packages/requests/__init__.py:113: RequestsDependencyWarning: urllib3 (2.6.3) or chardet (7.4.0.post2)/charset_normalizer (3.4.4) doesn't match a supported version!
  warnings.warn(
Cognitive health grade: A
  [OK] CCS freshness: CCS age 10m
  [OK] Nav score: nav score 0.579
  [OK] Capture processing: 2 captures in last 2h
  [OK] Thread activity: last advance 6.2h ago
  [OK] Entity diversity: entity entropy 1.379, evenness 0.870 (3 types)
  [OK] Uncertainty freshness: uncertainty_signals varied (3 unique across 6 snapshots)
  [OK] Compression readiness: compress READY: novelty=0.199, gap=461min, readiness=1.00
/home/nate-agx/.local/lib/python3.10/site-packages/requests/__init__.py:113: RequestsDependencyWarning: urllib3 (2.6.3) or chardet (7.4.0.post2)/charset_normalizer (3.4.4) doesn't match a supported version!
  warnings.warn(
Cognitive health grade: A
  [OK] CCS freshness: CCS age 10m
  [OK] Nav score: nav score 0.500
  [OK] Capture processing: no recent captures (quiet period)
  [OK] Thread activity: last advance 7.2h ago
  [OK] Entity diversity: entity entropy 1.379, evenness 0.870 (3 types)
  [OK] Uncertainty freshness: uncertainty_signals varied (3 unique across 6 snapshots)
  [OK] Compression readiness: compress READY: novelty=0.274, gap=521min, readiness=1.00
/home/nate-agx/.local/lib/python3.10/site-packages/requests/__init__.py:113: RequestsDependencyWarning: urllib3 (2.6.3) or chardet (7.4.0.post2)/charset_normalizer (3.4.4) doesn't match a supported version!
  warnings.warn(
Cognitive health grade: B
  [!!] CCS freshness: CCS is 50m old (limit 30m)
  [OK] Nav score: nav score 0.500
  [OK] Capture processing: no recent captures (quiet period)
  [OK] Thread activity: last advance 8.2h ago
  [OK] Entity diversity: entity entropy 1.379, evenness 0.870 (3 types)
  [OK] Uncertainty freshness: uncertainty_signals varied (3 unique across 6 snapshots)
  [OK] Compression readiness: compress READY: novelty=0.274, gap=581min, readiness=1.00
Remediation:
  -> CCS freshness: ccs_autotouch exit=0: No new activity in last 3600s. Skipping touch.
/home/nate-agx/.local/lib/python3.10/site-packages/requests/__init__.py:113: RequestsDependencyWarning: urllib3 (2.6.3) or chardet (7.4.0.post2)/charset_normalizer (3.4.4) doesn't match a supported version!
  warnings.warn(
Cognitive health grade: B
  [!!] CCS freshness: CCS is 110m old (limit 30m)
  [OK] Nav score: nav score 0.500
  [OK] Capture processing: no recent captures (quiet period)
  [OK] Thread activity: last advance 9.2h ago
  [OK] Entity diversity: entity entropy 1.379, evenness 0.870 (3 types)
  [OK] Uncertainty freshness: uncertainty_signals varied (3 unique across 6 snapshots)
  [OK] Compression readiness: compress READY: novelty=0.274, gap=641min, readiness=1.00
Remediation:
  -> CCS freshness: ccs_autotouch exit=0: No new activity in last 3600s. Skipping touch.
/home/nate-agx/.local/lib/python3.10/site-packages/requests/__init__.py:113: RequestsDependencyWarning: urllib3 (2.6.3) or chardet (7.4.0.post2)/charset_normalizer (3.4.4) doesn't match a supported version!
  warnings.warn(
Cognitive health grade: A
  [OK] CCS freshness: CCS age 10m
  [OK] Nav score: nav score 0.632
  [OK] Capture processing: 1 captures in last 2h
  [OK] Thread activity: last advance 0.2h ago
  [OK] Entity diversity: entity entropy 1.379, evenness 0.870 (3 types)
  [OK] Uncertainty freshness: uncertainty_signals varied (3 unique across 6 snapshots)
  [OK] Compression readiness: compress READY: novelty=0.337, gap=701min, readiness=1.00
/home/nate-agx/.local/lib/python3.10/site-packages/requests/__init__.py:113: RequestsDependencyWarning: urllib3 (2.6.3) or chardet (7.4.0.post2)/charset_normalizer (3.4.4) doesn't match a supported version!
  warnings.warn(
Cognitive health grade: A
  [OK] CCS freshness: CCS age 10m
  [OK] Nav score: nav score 0.520
  [OK] Capture processing: 1 captures in last 2h
  [OK] Thread activity: last advance 0.1h ago
  [OK] Entity diversity: entity entropy 1.379, evenness 0.870 (3 types)
  [OK] Uncertainty freshness: uncertainty_signals varied (3 unique across 6 snapshots)
  [OK] Compression readiness: compress READY: novelty=0.315, gap=761min, readiness=1.00
/home/nate-agx/.local/lib/python3.10/site-packages/requests/__init__.py:113: RequestsDependencyWarning: urllib3 (2.6.3) or chardet (7.4.0.post2)/charset_normalizer (3.4.4) doesn't match a supported version!
  warnings.warn(
Cognitive health grade: A
  [OK] CCS freshness: CCS age 10m
  [OK] Nav score: nav score 0.642
  [OK] Capture processing: 3 captures in last 2h
  [OK] Thread activity: last advance 0.8h ago
  [OK] Entity diversity: entity entropy 1.379, evenness 0.870 (3 types)
  [OK] Uncertainty freshness: uncertainty_signals varied (3 unique across 6 snapshots)
  [OK] Compression readiness: compress READY: novelty=0.209, gap=821min, readiness=1.00
/home/nate-agx/.local/lib/python3.10/site-packages/requests/__init__.py:113: RequestsDependencyWarning: urllib3 (2.6.3) or chardet (7.4.0.post2)/charset_normalizer (3.4.4) doesn't match a supported version!
  warnings.warn(
Cognitive health grade: A
  [OK] CCS freshness: CCS age 10m
  [OK] Nav score: nav score 0.571
  [OK] Capture processing: 7 captures in last 2h
  [OK] Thread activity: last advance 0.4h ago
  [OK] Entity diversity: entity entropy 1.379, evenness 0.870 (3 types)
  [OK] Uncertainty freshness: uncertainty_signals varied (3 unique across 6 snapshots)
  [OK] Compression readiness: compress READY: novelty=0.163, gap=881min, readiness=0.89
/home/nate-agx/.local/lib/python3.10/site-packages/requests/__init__.py:113: RequestsDependencyWarning: urllib3 (2.6.3) or chardet (7.4.0.post2)/charset_normalizer (3.4.4) doesn't match a supported version!
  warnings.warn(
Cognitive health grade: A
  [OK] CCS freshness: CCS age 10m
  [OK] Nav score: nav score 0.604
  [OK] Capture processing: 6 captures in last 2h
  [OK] Thread activity: last advance 1.4h ago
  [OK] Entity diversity: entity entropy 1.379, evenness 0.870 (3 types)
  [OK] Uncertainty freshness: uncertainty_signals varied (3 unique across 6 snapshots)
  [OK] Compression readiness: compress READY: novelty=0.167, gap=941min, readiness=0.90
/home/nate-agx/.local/lib/python3.10/site-packages/requests/__init__.py:113: RequestsDependencyWarning: urllib3 (2.6.3) or chardet (7.4.0.post2)/charset_normalizer (3.4.4) doesn't match a supported version!
  warnings.warn(
Cognitive health grade: A
  [OK] CCS freshness: CCS age 10m
  [OK] Nav score: nav score 0.575
  [OK] Capture processing: 5 captures in last 2h
  [OK] Thread activity: last advance 0.1h ago
  [OK] Entity diversity: entity entropy 1.379, evenness 0.870 (3 types)
  [OK] Uncertainty freshness: uncertainty_signals varied (3 unique across 6 snapshots)
  [OK] Compression readiness: compress READY: novelty=0.196, gap=1001min, readiness=0.99
/home/nate-agx/.local/lib/python3.10/site-packages/requests/__init__.py:113: RequestsDependencyWarning: urllib3 (2.6.3) or chardet (7.4.0.post2)/charset_normalizer (3.4.4) doesn't match a supported version!
  warnings.warn(
Cognitive health grade: A
  [OK] CCS freshness: CCS age 10m
  [OK] Nav score: nav score 0.617
  [OK] Capture processing: 5 captures in last 2h
  [OK] Thread activity: last advance 0.6h ago
  [OK] Entity diversity: entity entropy 1.379, evenness 0.870 (3 types)
  [OK] Uncertainty freshness: uncertainty_signals varied (3 unique across 6 snapshots)
  [OK] Compression readiness: compress READY: novelty=0.165, gap=1061min, readiness=0.89
/home/nate-agx/.local/lib/python3.10/site-packages/requests/__init__.py:113: RequestsDependencyWarning: urllib3 (2.6.3) or chardet (7.4.0.post2)/charset_normalizer (3.4.4) doesn't match a supported version!
  warnings.warn(
Cognitive health grade: A
  [OK] CCS freshness: CCS age 10m
  [OK] Nav score: nav score 0.611
  [OK] Capture processing: 4 captures in last 2h
  [OK] Thread activity: last advance 0.2h ago
  [OK] Entity diversity: entity entropy 1.379, evenness 0.870 (3 types)
  [OK] Uncertainty freshness: uncertainty_signals varied (3 unique across 6 snapshots)
  [OK] Compression readiness: compress READY: novelty=0.145, gap=1121min, readiness=0.84
/home/nate-agx/.local/lib/python3.10/site-packages/requests/__init__.py:113: RequestsDependencyWarning: urllib3 (2.6.3) or chardet (7.4.0.post2)/charset_normalizer (3.4.4) doesn't match a supported version!
  warnings.warn(
Cognitive health grade: A
  [OK] CCS freshness: CCS age 10m
  [OK] Nav score: nav score 0.644
  [OK] Capture processing: 6 captures in last 2h
  [OK] Thread activity: last advance 1.2h ago
  [OK] Entity diversity: entity entropy 1.379, evenness 0.870 (3 types)
  [OK] Uncertainty freshness: uncertainty_signals varied (3 unique across 6 snapshots)
  [OK] Compression readiness: compress READY: novelty=0.139, gap=1181min, readiness=0.82
/home/nate-agx/.local/lib/python3.10/site-packages/requests/__init__.py:113: RequestsDependencyWarning: urllib3 (2.6.3) or chardet (7.4.0.post2)/charset_normalizer (3.4.4) doesn't match a supported version!
  warnings.warn(
Cognitive health grade: A
  [OK] CCS freshness: CCS age 10m
  [OK] Nav score: nav score 0.629
  [OK] Capture processing: 4 captures in last 2h
  [OK] Thread activity: last advance 2.2h ago
  [OK] Entity diversity: entity entropy 1.379, evenness 0.870 (3 types)
  [OK] Uncertainty freshness: uncertainty_signals varied (3 unique across 6 snapshots)
  [OK] Compression readiness: compress READY: novelty=0.131, gap=1241min, readiness=0.79
/home/nate-agx/.local/lib/python3.10/site-packages/requests/__init__.py:113: RequestsDependencyWarning: urllib3 (2.6.3) or chardet (7.4.0.post2)/charset_normalizer (3.4.4) doesn't match a supported version!
  warnings.warn(
Cognitive health grade: A
  [OK] CCS freshness: CCS age 10m
  [OK] Nav score: nav score 0.644
  [OK] Capture processing: 8 captures in last 2h
  [OK] Thread activity: last advance 0.4h ago
  [OK] Entity diversity: entity entropy 1.379, evenness 0.870 (3 types)
  [OK] Uncertainty freshness: uncertainty_signals varied (3 unique across 6 snapshots)
  [OK] Compression readiness: compress READY: novelty=0.231, gap=54min, readiness=1.00
/home/nate-agx/.local/lib/python3.10/site-packages/requests/__init__.py:113: RequestsDependencyWarning: urllib3 (2.6.3) or chardet (7.4.0.post2)/charset_normalizer (3.4.4) doesn't match a supported version!
  warnings.warn(
Cognitive health grade: A
  [OK] CCS freshness: CCS age 10m
  [OK] Nav score: nav score 0.699
  [OK] Capture processing: 12 captures in last 2h
  [OK] Thread activity: last advance 0.1h ago
  [OK] Entity diversity: entity entropy 1.379, evenness 0.870 (3 types)
  [OK] Uncertainty freshness: uncertainty_signals varied (3 unique across 6 snapshots)
  [OK] Compression readiness: compress READY: novelty=0.301, gap=114min, readiness=1.00
/home/nate-agx/.local/lib/python3.10/site-packages/requests/__init__.py:113: RequestsDependencyWarning: urllib3 (2.6.3) or chardet (7.4.0.post2)/charset_normalizer (3.4.4) doesn't match a supported version!
  warnings.warn(
Cognitive health grade: A
  [OK] CCS freshness: CCS age 10m
  [OK] Nav score: nav score 0.662
  [OK] Capture processing: 5 captures in last 2h
  [OK] Thread activity: last advance 1.1h ago
  [OK] Entity diversity: entity entropy 1.379, evenness 0.870 (3 types)
  [OK] Uncertainty freshness: uncertainty_signals varied (3 unique across 6 snapshots)
  [OK] Compression readiness: compress READY: novelty=0.230, gap=174min, readiness=1.00
/home/nate-agx/.local/lib/python3.10/site-packages/requests/__init__.py:113: RequestsDependencyWarning: urllib3 (2.6.3) or chardet (7.4.0.post2)/charset_normalizer (3.4.4) doesn't match a supported version!
  warnings.warn(
Cognitive health grade: A
  [OK] CCS freshness: CCS age 10m
  [OK] Nav score: nav score 0.669
  [OK] Capture processing: 7 captures in last 2h
  [OK] Thread activity: last advance 0.5h ago
  [OK] Entity diversity: entity entropy 1.379, evenness 0.870 (3 types)
  [OK] Uncertainty freshness: uncertainty_signals varied (3 unique across 6 snapshots)
  [OK] Compression readiness: compress READY: novelty=0.157, gap=234min, readiness=0.87
/home/nate-agx/.local/lib/python3.10/site-packages/requests/__init__.py:113: RequestsDependencyWarning: urllib3 (2.6.3) or chardet (7.4.0.post2)/charset_normalizer (3.4.4) doesn't match a supported version!
  warnings.warn(
Cognitive health grade: A
  [OK] CCS freshness: CCS age 10m
  [OK] Nav score: nav score 0.652
  [OK] Capture processing: 8 captures in last 2h
  [OK] Thread activity: last advance 0.4h ago
  [OK] Entity diversity: entity entropy 1.379, evenness 0.870 (3 types)
  [OK] Uncertainty freshness: uncertainty_signals varied (3 unique across 6 snapshots)
  [OK] Compression readiness: compress READY: novelty=0.296, gap=294min, readiness=1.00
/home/nate-agx/.local/lib/python3.10/site-packages/requests/__init__.py:113: RequestsDependencyWarning: urllib3 (2.6.3) or chardet (7.4.0.post2)/charset_normalizer (3.4.4) doesn't match a supported version!
  warnings.warn(
Cognitive health grade: A
  [OK] CCS freshness: CCS age 10m
  [OK] Nav score: nav score 0.634
  [OK] Capture processing: 4 captures in last 2h
  [OK] Thread activity: last advance 0.0h ago
  [OK] Entity diversity: entity entropy 1.379, evenness 0.870 (3 types)
  [OK] Uncertainty freshness: uncertainty_signals varied (3 unique across 6 snapshots)
  [OK] Compression readiness: compress READY: novelty=0.286, gap=354min, readiness=1.00
/home/nate-agx/.local/lib/python3.10/site-packages/requests/__init__.py:113: RequestsDependencyWarning: urllib3 (2.6.3) or chardet (7.4.0.post2)/charset_normalizer (3.4.4) doesn't match a supported version!
  warnings.warn(
Cognitive health grade: A
  [OK] CCS freshness: CCS age 10m
  [OK] Nav score: nav score 0.624
  [OK] Capture processing: 5 captures in last 2h
  [OK] Thread activity: last advance 1.0h ago
  [OK] Entity diversity: entity entropy 1.379, evenness 0.870 (3 types)
  [OK] Uncertainty freshness: uncertainty_signals varied (3 unique across 6 snapshots)
  [OK] Compression readiness: compress READY: novelty=0.274, gap=414min, readiness=1.00
/home/nate-agx/.local/lib/python3.10/site-packages/requests/__init__.py:113: RequestsDependencyWarning: urllib3 (2.6.3) or chardet (7.4.0.post2)/charset_normalizer (3.4.4) doesn't match a supported version!
  warnings.warn(
Cognitive health grade: A
  [OK] CCS freshness: CCS age 10m
  [OK] Nav score: nav score 0.617
  [OK] Capture processing: 5 captures in last 2h
  [OK] Thread activity: last advance 2.0h ago
  [OK] Entity diversity: entity entropy 1.379, evenness 0.870 (3 types)
  [OK] Uncertainty freshness: uncertainty_signals varied (3 unique across 6 snapshots)
  [OK] Compression readiness: compress READY: novelty=0.213, gap=474min, readiness=1.00
/home/nate-agx/.local/lib/python3.10/site-packages/requests/__init__.py:113: RequestsDependencyWarning: urllib3 (2.6.3) or chardet (7.4.0.post2)/charset_normalizer (3.4.4) doesn't match a supported version!
  warnings.warn(
Cognitive health grade: A
  [OK] CCS freshness: CCS age 10m
  [OK] Nav score: nav score 0.622
  [OK] Capture processing: 2 captures in last 2h
  [OK] Thread activity: last advance 3.0h ago
  [OK] Entity diversity: entity entropy 1.379, evenness 0.870 (3 types)
  [OK] Uncertainty freshness: uncertainty_signals varied (3 unique across 6 snapshots)
  [OK] Compression readiness: compress READY: novelty=0.275, gap=534min, readiness=1.00
/home/nate-agx/.local/lib/python3.10/site-packages/requests/__init__.py:113: RequestsDependencyWarning: urllib3 (2.6.3) or chardet (7.4.0.post2)/charset_normalizer (3.4.4) doesn't match a supported version!
  warnings.warn(
Cognitive health grade: A
  [OK] CCS freshness: CCS age 10m
  [OK] Nav score: nav score 0.622
  [OK] Capture processing: no recent captures (quiet period)
  [OK] Thread activity: last advance 4.0h ago
  [OK] Entity diversity: entity entropy 1.379, evenness 0.870 (3 types)
  [OK] Uncertainty freshness: uncertainty_signals varied (3 unique across 6 snapshots)
  [OK] Compression readiness: compress READY: novelty=0.275, gap=594min, readiness=1.00
/home/nate-agx/.local/lib/python3.10/site-packages/requests/__init__.py:113: RequestsDependencyWarning: urllib3 (2.6.3) or chardet (7.4.0.post2)/charset_normalizer (3.4.4) doesn't match a supported version!
  warnings.warn(
Cognitive health grade: A
  [OK] CCS freshness: CCS age 7m
  [OK] Nav score: nav score 0.624
  [OK] Capture processing: 1 captures in last 2h
  [OK] Thread activity: last advance 5.0h ago
  [OK] Entity diversity: entity entropy 1.379, evenness 0.870 (3 types)
  [OK] Uncertainty freshness: uncertainty_signals varied (3 unique across 6 snapshots)
  [OK] Compression readiness: compress WAIT: novelty=0.107, gap=7min, readiness=0.41
/home/nate-agx/.local/lib/python3.10/site-packages/requests/__init__.py:113: RequestsDependencyWarning: urllib3 (2.6.3) or chardet (7.4.0.post2)/charset_normalizer (3.4.4) doesn't match a supported version!
  warnings.warn(
Cognitive health grade: A
  [OK] CCS freshness: CCS age 10m
  [OK] Nav score: nav score 0.643
  [OK] Capture processing: 1 captures in last 2h
  [OK] Thread activity: last advance 6.0h ago
  [OK] Entity diversity: entity entropy 1.379, evenness 0.870 (3 types)
  [OK] Uncertainty freshness: uncertainty_signals varied (3 unique across 6 snapshots)
  [OK] Compression readiness: compress READY: novelty=0.022, gap=67min, readiness=0.47
/home/nate-agx/.local/lib/python3.10/site-packages/requests/__init__.py:113: RequestsDependencyWarning: urllib3 (2.6.3) or chardet (7.4.0.post2)/charset_normalizer (3.4.4) doesn't match a supported version!
  warnings.warn(
Cognitive health grade: A
  [OK] CCS freshness: CCS age 10m
  [OK] Nav score: nav score 0.621
  [OK] Capture processing: no recent captures (quiet period)
  [OK] Thread activity: last advance 7.0h ago
  [OK] Entity diversity: entity entropy 1.379, evenness 0.870 (3 types)
  [OK] Uncertainty freshness: uncertainty_signals varied (3 unique across 6 snapshots)
  [OK] Compression readiness: compress READY: novelty=0.024, gap=127min, readiness=0.47
/home/nate-agx/.local/lib/python3.10/site-packages/requests/__init__.py:113: RequestsDependencyWarning: urllib3 (2.6.3) or chardet (7.4.0.post2)/charset_normalizer (3.4.4) doesn't match a supported version!
  warnings.warn(
Cognitive health grade: B
  [!!] CCS freshness: CCS is 60m old (limit 30m)
  [OK] Nav score: nav score 0.629
  [OK] Capture processing: no recent captures (quiet period)
  [OK] Thread activity: last advance 8.0h ago
  [OK] Entity diversity: entity entropy 1.379, evenness 0.870 (3 types)
  [OK] Uncertainty freshness: uncertainty_signals varied (3 unique across 6 snapshots)
  [OK] Compression readiness: compress READY: novelty=0.024, gap=187min, readiness=0.47
Remediation:
  -> CCS freshness: ccs_autotouch exit=0: No new activity in last 3600s. Skipping touch.
/home/nate-agx/.local/lib/python3.10/site-packages/requests/__init__.py:113: RequestsDependencyWarning: urllib3 (2.6.3) or chardet (7.4.0.post2)/charset_normalizer (3.4.4) doesn't match a supported version!
  warnings.warn(
Cognitive health grade: A
  [OK] CCS freshness: CCS age 10m
  [OK] Nav score: nav score 0.669
  [OK] Capture processing: no recent captures (quiet period)
  [OK] Thread activity: last advance 0.4h ago
  [OK] Entity diversity: entity entropy 1.379, evenness 0.870 (3 types)
  [OK] Uncertainty freshness: uncertainty_signals varied (3 unique across 6 snapshots)
  [OK] Compression readiness: compress READY: novelty=0.282, gap=247min, readiness=1.00
/home/nate-agx/.local/lib/python3.10/site-packages/requests/__init__.py:113: RequestsDependencyWarning: urllib3 (2.6.3) or chardet (7.4.0.post2)/charset_normalizer (3.4.4) doesn't match a supported version!
  warnings.warn(
Cognitive health grade: A
  [OK] CCS freshness: CCS age 10m
  [OK] Nav score: nav score 0.603
  [OK] Capture processing: no recent captures (quiet period)
  [OK] Thread activity: last advance 0.9h ago
  [OK] Entity diversity: entity entropy 1.379, evenness 0.870 (3 types)
  [OK] Uncertainty freshness: uncertainty_signals varied (3 unique across 6 snapshots)
  [OK] Compression readiness: compress READY: novelty=0.319, gap=307min, readiness=1.00
/home/nate-agx/.local/lib/python3.10/site-packages/requests/__init__.py:113: RequestsDependencyWarning: urllib3 (2.6.3) or chardet (7.4.0.post2)/charset_normalizer (3.4.4) doesn't match a supported version!
  warnings.warn(
Cognitive health grade: A
  [OK] CCS freshness: CCS age 10m
  [OK] Nav score: nav score 0.599
  [OK] Capture processing: 8 captures in last 2h
  [OK] Thread activity: last advance 0.1h ago
  [OK] Entity diversity: entity entropy 1.379, evenness 0.870 (3 types)
  [OK] Uncertainty freshness: uncertainty_signals varied (3 unique across 6 snapshots)
  [OK] Compression readiness: compress READY: novelty=0.180, gap=367min, readiness=0.94
/home/nate-agx/.local/lib/python3.10/site-packages/requests/__init__.py:113: RequestsDependencyWarning: urllib3 (2.6.3) or chardet (7.4.0.post2)/charset_normalizer (3.4.4) doesn't match a supported version!
  warnings.warn(
Cognitive health grade: A
  [OK] CCS freshness: CCS age 10m
  [OK] Nav score: nav score 0.648
  [OK] Capture processing: 19 captures in last 2h
  [OK] Thread activity: last advance 0.1h ago
  [OK] Entity diversity: entity entropy 1.379, evenness 0.870 (3 types)
  [OK] Uncertainty freshness: uncertainty_signals varied (3 unique across 6 snapshots)
  [OK] Compression readiness: compress READY: novelty=0.237, gap=427min, readiness=1.00
/home/nate-agx/.local/lib/python3.10/site-packages/requests/__init__.py:113: RequestsDependencyWarning: urllib3 (2.6.3) or chardet (7.4.0.post2)/charset_normalizer (3.4.4) doesn't match a supported version!
  warnings.warn(
Cognitive health grade: A
  [OK] CCS freshness: CCS age 10m
  [OK] Nav score: nav score 0.644
  [OK] Capture processing: 16 captures in last 2h
  [OK] Thread activity: last advance 0.5h ago
  [OK] Entity diversity: entity entropy 1.379, evenness 0.870 (3 types)
  [OK] Uncertainty freshness: uncertainty_signals varied (3 unique across 6 snapshots)
  [OK] Compression readiness: compress READY: novelty=0.221, gap=487min, readiness=1.00
/home/nate-agx/.local/lib/python3.10/site-packages/requests/__init__.py:113: RequestsDependencyWarning: urllib3 (2.6.3) or chardet (7.4.0.post2)/charset_normalizer (3.4.4) doesn't match a supported version!
  warnings.warn(
Cognitive health grade: A
  [OK] CCS freshness: CCS age 10m
  [OK] Nav score: nav score 0.630
  [OK] Capture processing: 7 captures in last 2h
  [OK] Thread activity: last advance 1.5h ago
  [OK] Entity diversity: entity entropy 1.379, evenness 0.870 (3 types)
  [OK] Uncertainty freshness: uncertainty_signals varied (3 unique across 6 snapshots)
  [OK] Compression readiness: compress READY: novelty=0.257, gap=547min, readiness=1.00
/home/nate-agx/.local/lib/python3.10/site-packages/requests/__init__.py:113: RequestsDependencyWarning: urllib3 (2.6.3) or chardet (7.4.0.post2)/charset_normalizer (3.4.4) doesn't match a supported version!
  warnings.warn(
Cognitive health grade: B
  [OK] CCS freshness: CCS age 10m
  [!!] Nav score: nav score dropping: 0.644 -> 0.543
  [OK] Capture processing: 7 captures in last 2h
  [OK] Thread activity: last advance 2.5h ago
  [OK] Entity diversity: entity entropy 1.379, evenness 0.870 (3 types)
  [OK] Uncertainty freshness: uncertainty_signals varied (3 unique across 6 snapshots)
  [OK] Compression readiness: compress READY: novelty=0.221, gap=607min, readiness=1.00
Remediation:
  -> Nav score: calibration_nav_score exit=0:   [0.6203] What is the standing directive on Discord presence?
/home/nate-agx/.local/lib/python3.10/site-packages/requests/__init__.py:113: RequestsDependencyWarning: urllib3 (2.6.3) or chardet (7.4.0.post2)/charset_normalizer (3.4.4) doesn't match a supported version!
  warnings.warn(
Cognitive health grade: A
  [OK] CCS freshness: CCS age 10m
  [OK] Nav score: nav score 0.654
  [OK] Capture processing: 5 captures in last 2h
  [OK] Thread activity: last advance 3.5h ago
  [OK] Entity diversity: entity entropy 1.379, evenness 0.870 (3 types)
  [OK] Uncertainty freshness: uncertainty_signals varied (3 unique across 6 snapshots)
  [OK] Compression readiness: compress READY: novelty=0.306, gap=49min, readiness=1.00
/home/nate-agx/.local/lib/python3.10/site-packages/requests/__init__.py:113: RequestsDependencyWarning: urllib3 (2.6.3) or chardet (7.4.0.post2)/charset_normalizer (3.4.4) doesn't match a supported version!
  warnings.warn(
Cognitive health grade: A
  [OK] CCS freshness: CCS age 10m
  [OK] Nav score: nav score 0.615
  [OK] Capture processing: no recent captures (quiet period)
  [OK] Thread activity: last advance 0.4h ago
  [OK] Entity diversity: entity entropy 1.149, evenness 0.725 (3 types)
  [OK] Uncertainty freshness: uncertainty_signals varied (2 unique across 6 snapshots)
  [OK] Compression readiness: compress READY: novelty=0.425, gap=43min, readiness=1.00
/home/nate-agx/.local/lib/python3.10/site-packages/requests/__init__.py:113: RequestsDependencyWarning: urllib3 (2.6.3) or chardet (7.4.0.post2)/charset_normalizer (3.4.4) doesn't match a supported version!
  warnings.warn(
Cognitive health grade: A
  [OK] CCS freshness: CCS age 10m
  [OK] Nav score: nav score 0.627
  [OK] Capture processing: 1 captures in last 2h
  [OK] Thread activity: last advance 1.4h ago
  [OK] Entity diversity: entity entropy 1.149, evenness 0.725 (3 types)
  [OK] Uncertainty freshness: uncertainty_signals varied (2 unique across 6 snapshots)
  [OK] Compression readiness: compress READY: novelty=0.580, gap=103min, readiness=1.00
/home/nate-agx/.local/lib/python3.10/site-packages/requests/__init__.py:113: RequestsDependencyWarning: urllib3 (2.6.3) or chardet (7.4.0.post2)/charset_normalizer (3.4.4) doesn't match a supported version!
  warnings.warn(
Cognitive health grade: A
  [OK] CCS freshness: CCS age 10m
  [OK] Nav score: nav score 0.594
  [OK] Capture processing: 11 captures in last 2h
  [OK] Thread activity: last advance 0.0h ago
  [OK] Entity diversity: entity entropy 1.149, evenness 0.725 (3 types)
  [OK] Uncertainty freshness: uncertainty_signals varied (2 unique across 6 snapshots)
  [OK] Compression readiness: compress READY: novelty=0.436, gap=163min, readiness=1.00
/home/nate-agx/.local/lib/python3.10/site-packages/requests/__init__.py:113: RequestsDependencyWarning: urllib3 (2.6.3) or chardet (7.4.0.post2)/charset_normalizer (3.4.4) doesn't match a supported version!
  warnings.warn(
Cognitive health grade: A
  [OK] CCS freshness: CCS age 10m
  [OK] Nav score: nav score 0.683
  [OK] Capture processing: 11 captures in last 2h
  [OK] Thread activity: last advance 1.0h ago
  [OK] Entity diversity: entity entropy 1.149, evenness 0.725 (3 types)
  [OK] Uncertainty freshness: uncertainty_signals varied (2 unique across 6 snapshots)
  [OK] Compression readiness: compress READY: novelty=0.411, gap=223min, readiness=1.00
/home/nate-agx/.local/lib/python3.10/site-packages/requests/__init__.py:113: RequestsDependencyWarning: urllib3 (2.6.3) or chardet (7.4.0.post2)/charset_normalizer (3.4.4) doesn't match a supported version!
  warnings.warn(
Cognitive health grade: A
  [OK] CCS freshness: CCS age 6m
  [OK] Nav score: nav score 0.608
  [OK] Capture processing: 3 captures in last 2h
  [OK] Thread activity: last advance 2.0h ago
  [OK] Entity diversity: entity entropy 1.149, evenness 0.725 (3 types)
  [OK] Uncertainty freshness: uncertainty_signals varied (2 unique across 6 snapshots)
  [OK] Compression readiness: compress READY: novelty=0.202, gap=6min, readiness=0.68
/home/nate-agx/.local/lib/python3.10/site-packages/requests/__init__.py:113: RequestsDependencyWarning: urllib3 (2.6.3) or chardet (7.4.0.post2)/charset_normalizer (3.4.4) doesn't match a supported version!
  warnings.warn(
Cognitive health grade: A
  [OK] CCS freshness: CCS age 10m
  [OK] Nav score: nav score 0.629
  [OK] Capture processing: 6 captures in last 2h
  [OK] Thread activity: last advance 3.0h ago
  [OK] Entity diversity: entity entropy 1.149, evenness 0.725 (3 types)
  [OK] Uncertainty freshness: uncertainty_signals varied (3 unique across 6 snapshots)
  [OK] Compression readiness: compress READY: novelty=0.470, gap=40min, readiness=1.00
/home/nate-agx/.local/lib/python3.10/site-packages/requests/__init__.py:113: RequestsDependencyWarning: urllib3 (2.6.3) or chardet (7.4.0.post2)/charset_normalizer (3.4.4) doesn't match a supported version!
  warnings.warn(
Cognitive health grade: A
  [OK] CCS freshness: CCS age 10m
  [OK] Nav score: nav score 0.630
  [OK] Capture processing: 4 captures in last 2h
  [OK] Thread activity: last advance 0.0h ago
  [OK] Entity diversity: entity entropy 1.149, evenness 0.725 (3 types)
  [OK] Uncertainty freshness: uncertainty_signals varied (3 unique across 6 snapshots)
  [OK] Compression readiness: compress READY: novelty=0.432, gap=100min, readiness=1.00
/home/nate-agx/.local/lib/python3.10/site-packages/requests/__init__.py:113: RequestsDependencyWarning: urllib3 (2.6.3) or chardet (7.4.0.post2)/charset_normalizer (3.4.4) doesn't match a supported version!
  warnings.warn(
Cognitive health grade: A
  [OK] CCS freshness: CCS age 10m
  [OK] Nav score: nav score 0.599
  [OK] Capture processing: 2 captures in last 2h
  [OK] Thread activity: last advance 0.0h ago
  [OK] Entity diversity: entity entropy 1.149, evenness 0.725 (3 types)
  [OK] Uncertainty freshness: uncertainty_signals varied (3 unique across 6 snapshots)
  [OK] Compression readiness: compress READY: novelty=0.398, gap=160min, readiness=1.00
/home/nate-agx/.local/lib/python3.10/site-packages/requests/__init__.py:113: RequestsDependencyWarning: urllib3 (2.6.3) or chardet (7.4.0.post2)/charset_normalizer (3.4.4) doesn't match a supported version!
  warnings.warn(
Cognitive health grade: A
  [OK] CCS freshness: CCS age 10m
  [OK] Nav score: nav score 0.677
  [OK] Capture processing: 6 captures in last 2h
  [OK] Thread activity: last advance 1.0h ago
  [OK] Entity diversity: entity entropy 1.149, evenness 0.725 (3 types)
  [OK] Uncertainty freshness: uncertainty_signals varied (3 unique across 6 snapshots)
  [OK] Compression readiness: compress READY: novelty=0.399, gap=220min, readiness=1.00
/home/nate-agx/.local/lib/python3.10/site-packages/requests/__init__.py:113: RequestsDependencyWarning: urllib3 (2.6.3) or chardet (7.4.0.post2)/charset_normalizer (3.4.4) doesn't match a supported version!
  warnings.warn(
Cognitive health grade: A
  [OK] CCS freshness: CCS age 10m
  [OK] Nav score: nav score 0.615
  [OK] Capture processing: 9 captures in last 2h
  [OK] Thread activity: last advance 2.0h ago
  [OK] Entity diversity: entity entropy 1.149, evenness 0.725 (3 types)
  [OK] Uncertainty freshness: uncertainty_signals varied (3 unique across 6 snapshots)
  [OK] Compression readiness: compress READY: novelty=0.426, gap=280min, readiness=1.00
/home/nate-agx/.local/lib/python3.10/site-packages/requests/__init__.py:113: RequestsDependencyWarning: urllib3 (2.6.3) or chardet (7.4.0.post2)/charset_normalizer (3.4.4) doesn't match a supported version!
  warnings.warn(
Cognitive health grade: A
  [OK] CCS freshness: CCS age 10m
  [OK] Nav score: nav score 0.606
  [OK] Capture processing: 5 captures in last 2h
  [OK] Thread activity: last advance 3.0h ago
  [OK] Entity diversity: entity entropy 1.149, evenness 0.725 (3 types)
  [OK] Uncertainty freshness: uncertainty_signals varied (3 unique across 6 snapshots)
  [OK] Compression readiness: compress READY: novelty=0.452, gap=340min, readiness=1.00
/home/nate-agx/.local/lib/python3.10/site-packages/requests/__init__.py:113: RequestsDependencyWarning: urllib3 (2.6.3) or chardet (7.4.0.post2)/charset_normalizer (3.4.4) doesn't match a supported version!
  warnings.warn(
Cognitive health grade: A
  [OK] CCS freshness: CCS age 10m
  [OK] Nav score: nav score 0.600
  [OK] Capture processing: no recent captures (quiet period)
  [OK] Thread activity: last advance 4.0h ago
  [OK] Entity diversity: entity entropy 1.149, evenness 0.725 (3 types)
  [OK] Uncertainty freshness: uncertainty_signals varied (3 unique across 6 snapshots)
  [OK] Compression readiness: compress READY: novelty=0.452, gap=400min, readiness=1.00
/home/nate-agx/.local/lib/python3.10/site-packages/requests/__init__.py:113: RequestsDependencyWarning: urllib3 (2.6.3) or chardet (7.4.0.post2)/charset_normalizer (3.4.4) doesn't match a supported version!
  warnings.warn(
Cognitive health grade: A
  [OK] CCS freshness: CCS age 10m
  [OK] Nav score: nav score 0.591
  [OK] Capture processing: no recent captures (quiet period)
  [OK] Thread activity: last advance 5.0h ago
  [OK] Entity diversity: entity entropy 1.149, evenness 0.725 (3 types)
  [OK] Uncertainty freshness: uncertainty_signals varied (2 unique across 6 snapshots)
  [OK] Compression readiness: compress READY: novelty=0.000, gap=43min, readiness=0.40
/home/nate-agx/.local/lib/python3.10/site-packages/requests/__init__.py:113: RequestsDependencyWarning: urllib3 (2.6.3) or chardet (7.4.0.post2)/charset_normalizer (3.4.4) doesn't match a supported version!
  warnings.warn(
Cognitive health grade: A
  [OK] CCS freshness: CCS age 10m
  [OK] Nav score: nav score 0.578
  [OK] Capture processing: no recent captures (quiet period)
  [OK] Thread activity: last advance 6.0h ago
  [OK] Entity diversity: entity entropy 1.149, evenness 0.725 (3 types)
  [OK] Uncertainty freshness: uncertainty_signals varied (2 unique across 6 snapshots)
  [OK] Compression readiness: compress READY: novelty=0.000, gap=103min, readiness=0.40
/home/nate-agx/.local/lib/python3.10/site-packages/requests/__init__.py:113: RequestsDependencyWarning: urllib3 (2.6.3) or chardet (7.4.0.post2)/charset_normalizer (3.4.4) doesn't match a supported version!
  warnings.warn(
Cognitive health grade: A
  [OK] CCS freshness: CCS age 10m
  [OK] Nav score: nav score 0.578
  [OK] Capture processing: no recent captures (quiet period)
  [OK] Thread activity: last advance 7.0h ago
  [OK] Entity diversity: entity entropy 1.149, evenness 0.725 (3 types)
  [OK] Uncertainty freshness: uncertainty_signals varied (2 unique across 6 snapshots)
  [OK] Compression readiness: compress READY: novelty=0.000, gap=163min, readiness=0.40
/home/nate-agx/.local/lib/python3.10/site-packages/requests/__init__.py:113: RequestsDependencyWarning: urllib3 (2.6.3) or chardet (7.4.0.post2)/charset_normalizer (3.4.4) doesn't match a supported version!
  warnings.warn(
Cognitive health grade: B
  [!!] CCS freshness: CCS is 70m old (limit 30m)
  [OK] Nav score: nav score 0.585
  [OK] Capture processing: no recent captures (quiet period)
  [OK] Thread activity: last advance 8.0h ago
  [OK] Entity diversity: entity entropy 1.149, evenness 0.725 (3 types)
  [OK] Uncertainty freshness: uncertainty_signals varied (2 unique across 6 snapshots)
  [OK] Compression readiness: compress READY: novelty=0.000, gap=223min, readiness=0.40
Remediation:
  -> CCS freshness: ccs_autotouch exit=0: No new activity in last 3600s. Skipping touch.
/home/nate-agx/.local/lib/python3.10/site-packages/requests/__init__.py:113: RequestsDependencyWarning: urllib3 (2.6.3) or chardet (7.4.0.post2)/charset_normalizer (3.4.4) doesn't match a supported version!
  warnings.warn(
Cognitive health grade: A
  [OK] CCS freshness: CCS age 5m
  [OK] Nav score: nav score 0.619
  [OK] Capture processing: 1 captures in last 2h
  [OK] Thread activity: last advance 0.1h ago
  [OK] Entity diversity: entity entropy 1.252, evenness 0.790 (3 types)
  [OK] Uncertainty freshness: uncertainty_signals varied (4 unique across 6 snapshots)
  [OK] Compression readiness: compress WAIT: novelty=0.130, gap=5min, readiness=0.45
/home/nate-agx/.local/lib/python3.10/site-packages/requests/__init__.py:113: RequestsDependencyWarning: urllib3 (2.6.3) or chardet (7.4.0.post2)/charset_normalizer (3.4.4) doesn't match a supported version!
  warnings.warn(
Cognitive health grade: A
  [OK] CCS freshness: CCS age 10m
  [OK] Nav score: nav score 0.675
  [OK] Capture processing: 1 captures in last 2h
  [OK] Thread activity: last advance 0.9h ago
  [OK] Entity diversity: entity entropy 1.252, evenness 0.790 (3 types)
  [OK] Uncertainty freshness: uncertainty_signals varied (4 unique across 6 snapshots)
  [OK] Compression readiness: compress READY: novelty=0.316, gap=65min, readiness=1.00
/home/nate-agx/.local/lib/python3.10/site-packages/requests/__init__.py:113: RequestsDependencyWarning: urllib3 (2.6.3) or chardet (7.4.0.post2)/charset_normalizer (3.4.4) doesn't match a supported version!
  warnings.warn(
Cognitive health grade: A
  [OK] CCS freshness: CCS age 10m
  [OK] Nav score: nav score 0.685
  [OK] Capture processing: 10 captures in last 2h
  [OK] Thread activity: last advance 0.8h ago
  [OK] Entity diversity: entity entropy 1.252, evenness 0.790 (3 types)
  [OK] Uncertainty freshness: uncertainty_signals varied (5 unique across 6 snapshots)
  [OK] Compression readiness: compress READY: novelty=0.342, gap=41min, readiness=1.00
/home/nate-agx/.local/lib/python3.10/site-packages/requests/__init__.py:113: RequestsDependencyWarning: urllib3 (2.6.3) or chardet (7.4.0.post2)/charset_normalizer (3.4.4) doesn't match a supported version!
  warnings.warn(
Cognitive health grade: A
  [OK] CCS freshness: CCS age 10m
  [OK] Nav score: nav score 0.674
  [OK] Capture processing: 13 captures in last 2h
  [OK] Thread activity: last advance 0.4h ago
  [OK] Entity diversity: entity entropy 1.252, evenness 0.790 (3 types)
  [OK] Uncertainty freshness: uncertainty_signals varied (5 unique across 6 snapshots)
  [OK] Compression readiness: compress READY: novelty=0.225, gap=101min, readiness=1.00
/home/nate-agx/.local/lib/python3.10/site-packages/requests/__init__.py:113: RequestsDependencyWarning: urllib3 (2.6.3) or chardet (7.4.0.post2)/charset_normalizer (3.4.4) doesn't match a supported version!
  warnings.warn(
Cognitive health grade: A
  [OK] CCS freshness: CCS age 10m
  [OK] Nav score: nav score 0.668
  [OK] Capture processing: 3 captures in last 2h
  [OK] Thread activity: last advance 1.4h ago
  [OK] Entity diversity: entity entropy 1.252, evenness 0.790 (3 types)
  [OK] Uncertainty freshness: uncertainty_signals varied (5 unique across 6 snapshots)
  [OK] Compression readiness: compress READY: novelty=0.317, gap=161min, readiness=1.00
/home/nate-agx/.local/lib/python3.10/site-packages/requests/__init__.py:113: RequestsDependencyWarning: urllib3 (2.6.3) or chardet (7.4.0.post2)/charset_normalizer (3.4.4) doesn't match a supported version!
  warnings.warn(
Cognitive health grade: A
  [OK] CCS freshness: CCS age 10m
  [OK] Nav score: nav score 0.582
  [OK] Capture processing: no recent captures (quiet period)
  [OK] Thread activity: last advance 2.4h ago
  [OK] Entity diversity: entity entropy 1.252, evenness 0.790 (3 types)
  [OK] Uncertainty freshness: uncertainty_signals varied (5 unique across 6 snapshots)
  [OK] Compression readiness: compress READY: novelty=0.307, gap=221min, readiness=1.00
/home/nate-agx/.local/lib/python3.10/site-packages/requests/__init__.py:113: RequestsDependencyWarning: urllib3 (2.6.3) or chardet (7.4.0.post2)/charset_normalizer (3.4.4) doesn't match a supported version!
  warnings.warn(
Cognitive health grade: A
  [OK] CCS freshness: CCS age 10m
  [OK] Nav score: nav score 0.650
  [OK] Capture processing: 6 captures in last 2h
  [OK] Thread activity: last advance 3.4h ago
  [OK] Entity diversity: entity entropy 1.252, evenness 0.790 (3 types)
  [OK] Uncertainty freshness: uncertainty_signals varied (5 unique across 6 snapshots)
  [OK] Compression readiness: compress READY: novelty=0.291, gap=281min, readiness=1.00
/home/nate-agx/.local/lib/python3.10/site-packages/requests/__init__.py:113: RequestsDependencyWarning: urllib3 (2.6.3) or chardet (7.4.0.post2)/charset_normalizer (3.4.4) doesn't match a supported version!
  warnings.warn(
Cognitive health grade: A
  [OK] CCS freshness: CCS age 10m
  [OK] Nav score: nav score 0.631
  [OK] Capture processing: 8 captures in last 2h
  [OK] Thread activity: last advance 4.4h ago
  [OK] Entity diversity: entity entropy 1.252, evenness 0.790 (3 types)
  [OK] Uncertainty freshness: uncertainty_signals varied (5 unique across 6 snapshots)
  [OK] Compression readiness: compress READY: novelty=0.280, gap=341min, readiness=1.00
/home/nate-agx/.local/lib/python3.10/site-packages/requests/__init__.py:113: RequestsDependencyWarning: urllib3 (2.6.3) or chardet (7.4.0.post2)/charset_normalizer (3.4.4) doesn't match a supported version!
  warnings.warn(
Cognitive health grade: A
  [OK] CCS freshness: CCS age 10m
  [OK] Nav score: nav score 0.620
  [OK] Capture processing: 2 captures in last 2h
  [OK] Thread activity: last advance 5.4h ago
  [OK] Entity diversity: entity entropy 1.252, evenness 0.790 (3 types)
  [OK] Uncertainty freshness: uncertainty_signals varied (5 unique across 6 snapshots)
  [OK] Compression readiness: compress READY: novelty=0.318, gap=401min, readiness=1.00
/home/nate-agx/.local/lib/python3.10/site-packages/requests/__init__.py:113: RequestsDependencyWarning: urllib3 (2.6.3) or chardet (7.4.0.post2)/charset_normalizer (3.4.4) doesn't match a supported version!
  warnings.warn(
Cognitive health grade: A
  [OK] CCS freshness: CCS age 10m
  [OK] Nav score: nav score 0.608
  [OK] Capture processing: 2 captures in last 2h
  [OK] Thread activity: last advance 6.4h ago
  [OK] Entity diversity: entity entropy 1.252, evenness 0.790 (3 types)
  [OK] Uncertainty freshness: uncertainty_signals varied (5 unique across 6 snapshots)
  [OK] Compression readiness: compress READY: novelty=0.407, gap=461min, readiness=1.00
/home/nate-agx/.local/lib/python3.10/site-packages/requests/__init__.py:113: RequestsDependencyWarning: urllib3 (2.6.3) or chardet (7.4.0.post2)/charset_normalizer (3.4.4) doesn't match a supported version!
  warnings.warn(
Cognitive health grade: A
  [OK] CCS freshness: CCS age 10m
  [OK] Nav score: nav score 0.610
  [OK] Capture processing: 9 captures in last 2h
  [OK] Thread activity: last advance 0.6h ago
  [OK] Entity diversity: entity entropy 1.252, evenness 0.790 (3 types)
  [OK] Uncertainty freshness: uncertainty_signals varied (5 unique across 6 snapshots)
  [OK] Compression readiness: compress READY: novelty=0.279, gap=521min, readiness=1.00
/home/nate-agx/.local/lib/python3.10/site-packages/requests/__init__.py:113: RequestsDependencyWarning: urllib3 (2.6.3) or chardet (7.4.0.post2)/charset_normalizer (3.4.4) doesn't match a supported version!
  warnings.warn(
Cognitive health grade: A
  [OK] CCS freshness: CCS age 10m
  [OK] Nav score: nav score 0.666
  [OK] Capture processing: 9 captures in last 2h
  [OK] Thread activity: last advance 0.2h ago
  [OK] Entity diversity: entity entropy 1.379, evenness 0.870 (3 types)
  [OK] Uncertainty freshness: uncertainty_signals varied (4 unique across 6 snapshots)
  [OK] Compression readiness: compress READY: novelty=0.253, gap=24min, readiness=0.91
/home/nate-agx/.local/lib/python3.10/site-packages/requests/__init__.py:113: RequestsDependencyWarning: urllib3 (2.6.3) or chardet (7.4.0.post2)/charset_normalizer (3.4.4) doesn't match a supported version!
  warnings.warn(
Cognitive health grade: A
  [OK] CCS freshness: CCS age 10m
  [OK] Nav score: nav score 0.635
  [OK] Capture processing: 5 captures in last 2h
  [OK] Thread activity: last advance 0.2h ago
  [OK] Entity diversity: entity entropy 1.379, evenness 0.870 (3 types)
  [OK] Uncertainty freshness: uncertainty_signals varied (3 unique across 6 snapshots)
  [OK] Compression readiness: compress READY: novelty=0.304, gap=40min, readiness=1.00
/home/nate-agx/.local/lib/python3.10/site-packages/requests/__init__.py:113: RequestsDependencyWarning: urllib3 (2.6.3) or chardet (7.4.0.post2)/charset_normalizer (3.4.4) doesn't match a supported version!
  warnings.warn(
Cognitive health grade: A
  [OK] CCS freshness: CCS age 10m
  [OK] Nav score: nav score 0.669
  [OK] Capture processing: 3 captures in last 2h
  [OK] Thread activity: last advance 0.0h ago
  [OK] Entity diversity: entity entropy 1.379, evenness 0.870 (3 types)
  [OK] Uncertainty freshness: uncertainty_signals varied (2 unique across 6 snapshots)
  [OK] Compression readiness: compress READY: novelty=0.336, gap=43min, readiness=1.00
/home/nate-agx/.local/lib/python3.10/site-packages/requests/__init__.py:113: RequestsDependencyWarning: urllib3 (2.6.3) or chardet (7.4.0.post2)/charset_normalizer (3.4.4) doesn't match a supported version!
  warnings.warn(
Cognitive health grade: A
  [OK] CCS freshness: CCS age 10m
  [OK] Nav score: nav score 0.595
  [OK] Capture processing: no recent captures (quiet period)
  [OK] Thread activity: last advance 1.0h ago
  [OK] Entity diversity: entity entropy 1.379, evenness 0.870 (3 types)
  [OK] Uncertainty freshness: uncertainty_signals varied (2 unique across 6 snapshots)
  [OK] Compression readiness: compress READY: novelty=0.365, gap=103min, readiness=1.00
/home/nate-agx/.local/lib/python3.10/site-packages/requests/__init__.py:113: RequestsDependencyWarning: urllib3 (2.6.3) or chardet (7.4.0.post2)/charset_normalizer (3.4.4) doesn't match a supported version!
  warnings.warn(
Cognitive health grade: A
  [OK] CCS freshness: CCS age 10m
  [OK] Nav score: nav score 0.683
  [OK] Capture processing: 3 captures in last 2h
  [OK] Thread activity: last advance 2.0h ago
  [OK] Entity diversity: entity entropy 1.379, evenness 0.870 (3 types)
  [OK] Uncertainty freshness: uncertainty_signals varied (2 unique across 6 snapshots)
  [OK] Compression readiness: compress READY: novelty=0.178, gap=163min, readiness=0.93
/home/nate-agx/.local/lib/python3.10/site-packages/requests/__init__.py:113: RequestsDependencyWarning: urllib3 (2.6.3) or chardet (7.4.0.post2)/charset_normalizer (3.4.4) doesn't match a supported version!
  warnings.warn(
Cognitive health grade: A
  [OK] CCS freshness: CCS age 10m
  [OK] Nav score: nav score 0.714
  [OK] Capture processing: 6 captures in last 2h
  [OK] Thread activity: last advance 3.0h ago
  [OK] Entity diversity: entity entropy 1.149, evenness 0.725 (3 types)
  [OK] Uncertainty freshness: uncertainty_signals varied (2 unique across 6 snapshots)
  [OK] Compression readiness: compress WAIT: novelty=0.070, gap=30min, readiness=0.60
/home/nate-agx/.local/lib/python3.10/site-packages/requests/__init__.py:113: RequestsDependencyWarning: urllib3 (2.6.3) or chardet (7.4.0.post2)/charset_normalizer (3.4.4) doesn't match a supported version!
  warnings.warn(
Cognitive health grade: A
  [OK] CCS freshness: CCS age 10m
  [OK] Nav score: nav score 0.652
  [OK] Capture processing: 4 captures in last 2h
  [OK] Thread activity: last advance 4.0h ago
  [OK] Entity diversity: entity entropy 1.149, evenness 0.725 (3 types)
  [OK] Uncertainty freshness: uncertainty_signals varied (2 unique across 6 snapshots)
  [OK] Compression readiness: compress READY: novelty=0.178, gap=90min, readiness=0.93
/home/nate-agx/.local/lib/python3.10/site-packages/requests/__init__.py:113: RequestsDependencyWarning: urllib3 (2.6.3) or chardet (7.4.0.post2)/charset_normalizer (3.4.4) doesn't match a supported version!
  warnings.warn(
Cognitive health grade: A
  [OK] CCS freshness: CCS age 10m
  [OK] Nav score: nav score 0.652
  [OK] Capture processing: 4 captures in last 2h
  [OK] Thread activity: last advance 5.0h ago
  [OK] Entity diversity: entity entropy 1.149, evenness 0.725 (3 types)
  [OK] Uncertainty freshness: uncertainty_signals varied (2 unique across 6 snapshots)
  [OK] Compression readiness: compress READY: novelty=0.204, gap=150min, readiness=1.00
/home/nate-agx/.local/lib/python3.10/site-packages/requests/__init__.py:113: RequestsDependencyWarning: urllib3 (2.6.3) or chardet (7.4.0.post2)/charset_normalizer (3.4.4) doesn't match a supported version!
  warnings.warn(
Cognitive health grade: A
  [OK] CCS freshness: CCS age 10m
  [OK] Nav score: nav score 0.612
  [OK] Capture processing: 3 captures in last 2h
  [OK] Thread activity: last advance 6.0h ago
  [OK] Entity diversity: entity entropy 1.149, evenness 0.725 (3 types)
  [OK] Uncertainty freshness: uncertainty_signals varied (2 unique across 6 snapshots)
  [OK] Compression readiness: compress READY: novelty=0.258, gap=210min, readiness=1.00
/home/nate-agx/.local/lib/python3.10/site-packages/requests/__init__.py:113: RequestsDependencyWarning: urllib3 (2.6.3) or chardet (7.4.0.post2)/charset_normalizer (3.4.4) doesn't match a supported version!
  warnings.warn(
Cognitive health grade: A
  [OK] CCS freshness: CCS age 10m
  [OK] Nav score: nav score 0.612
  [OK] Capture processing: no recent captures (quiet period)
  [OK] Thread activity: last advance 7.0h ago
  [OK] Entity diversity: entity entropy 1.149, evenness 0.725 (3 types)
  [OK] Uncertainty freshness: uncertainty_signals varied (2 unique across 6 snapshots)
  [OK] Compression readiness: compress READY: novelty=0.258, gap=270min, readiness=1.00
/home/nate-agx/.local/lib/python3.10/site-packages/requests/__init__.py:113: RequestsDependencyWarning: urllib3 (2.6.3) or chardet (7.4.0.post2)/charset_normalizer (3.4.4) doesn't match a supported version!
  warnings.warn(
Cognitive health grade: A
  [OK] CCS freshness: CCS age 10m
  [OK] Nav score: nav score 0.706
  [OK] Capture processing: no recent captures (quiet period)
  [OK] Thread activity: last advance 8.0h ago
  [OK] Entity diversity: entity entropy 1.149, evenness 0.725 (3 types)
  [OK] Uncertainty freshness: uncertainty_signals varied (2 unique across 6 snapshots)
  [OK] Compression readiness: compress READY: novelty=0.197, gap=330min, readiness=0.99
/home/nate-agx/.local/lib/python3.10/site-packages/requests/__init__.py:113: RequestsDependencyWarning: urllib3 (2.6.3) or chardet (7.4.0.post2)/charset_normalizer (3.4.4) doesn't match a supported version!
  warnings.warn(
Cognitive health grade: A
  [OK] CCS freshness: CCS age 10m
  [OK] Nav score: nav score 0.663
  [OK] Capture processing: no recent captures (quiet period)
  [OK] Thread activity: last advance 9.0h ago
  [OK] Entity diversity: entity entropy 1.149, evenness 0.725 (3 types)
  [OK] Uncertainty freshness: uncertainty_signals varied (2 unique across 6 snapshots)
  [OK] Compression readiness: compress READY: novelty=0.265, gap=390min, readiness=1.00
/home/nate-agx/.local/lib/python3.10/site-packages/requests/__init__.py:113: RequestsDependencyWarning: urllib3 (2.6.3) or chardet (7.4.0.post2)/charset_normalizer (3.4.4) doesn't match a supported version!
  warnings.warn(
Cognitive health grade: A
  [OK] CCS freshness: CCS age 10m
  [OK] Nav score: nav score 0.663
  [OK] Capture processing: no recent captures (quiet period)
  [OK] Thread activity: last advance 10.0h ago
  [OK] Entity diversity: entity entropy 1.149, evenness 0.725 (3 types)
  [OK] Uncertainty freshness: uncertainty_signals varied (2 unique across 6 snapshots)
  [OK] Compression readiness: compress READY: novelty=0.265, gap=450min, readiness=1.00
/home/nate-agx/.local/lib/python3.10/site-packages/requests/__init__.py:113: RequestsDependencyWarning: urllib3 (2.6.3) or chardet (7.4.0.post2)/charset_normalizer (3.4.4) doesn't match a supported version!
  warnings.warn(
Cognitive health grade: A
  [OK] CCS freshness: CCS age 10m
  [OK] Nav score: nav score 0.663
  [OK] Capture processing: no recent captures (quiet period)
  [OK] Thread activity: last advance 11.0h ago
  [OK] Entity diversity: entity entropy 1.149, evenness 0.725 (3 types)
  [OK] Uncertainty freshness: uncertainty_signals varied (2 unique across 6 snapshots)
  [OK] Compression readiness: compress READY: novelty=0.265, gap=510min, readiness=1.00
/home/nate-agx/.local/lib/python3.10/site-packages/requests/__init__.py:113: RequestsDependencyWarning: urllib3 (2.6.3) or chardet (7.4.0.post2)/charset_normalizer (3.4.4) doesn't match a supported version!
  warnings.warn(
Cognitive health grade: A
  [OK] CCS freshness: CCS age 10m
  [OK] Nav score: nav score 0.652
  [OK] Capture processing: no recent captures (quiet period)
  [OK] Thread activity: last advance 12.0h ago
  [OK] Entity diversity: entity entropy 1.149, evenness 0.725 (3 types)
  [OK] Uncertainty freshness: uncertainty_signals varied (2 unique across 6 snapshots)
  [OK] Compression readiness: compress READY: novelty=0.341, gap=570min, readiness=1.00
/home/nate-agx/.local/lib/python3.10/site-packages/requests/__init__.py:113: RequestsDependencyWarning: urllib3 (2.6.3) or chardet (7.4.0.post2)/charset_normalizer (3.4.4) doesn't match a supported version!
  warnings.warn(
Cognitive health grade: A
  [OK] CCS freshness: CCS age 10m
  [OK] Nav score: nav score 0.686
  [OK] Capture processing: 11 captures in last 2h
  [OK] Thread activity: last advance 0.7h ago
  [OK] Entity diversity: entity entropy 1.149, evenness 0.725 (3 types)
  [OK] Uncertainty freshness: uncertainty_signals varied (2 unique across 6 snapshots)
  [OK] Compression readiness: compress READY: novelty=0.186, gap=630min, readiness=0.96
/home/nate-agx/.local/lib/python3.10/site-packages/requests/__init__.py:113: RequestsDependencyWarning: urllib3 (2.6.3) or chardet (7.4.0.post2)/charset_normalizer (3.4.4) doesn't match a supported version!
  warnings.warn(
Cognitive health grade: A
  [OK] CCS freshness: CCS age 10m
  [OK] Nav score: nav score 0.624
  [OK] Capture processing: 14 captures in last 2h
  [OK] Thread activity: last advance 1.7h ago
  [OK] Entity diversity: entity entropy 1.149, evenness 0.725 (3 types)
  [OK] Uncertainty freshness: uncertainty_signals varied (2 unique across 6 snapshots)
  [OK] Compression readiness: compress READY: novelty=0.197, gap=690min, readiness=0.99
/home/nate-agx/.local/lib/python3.10/site-packages/requests/__init__.py:113: RequestsDependencyWarning: urllib3 (2.6.3) or chardet (7.4.0.post2)/charset_normalizer (3.4.4) doesn't match a supported version!
  warnings.warn(
Cognitive health grade: A
  [OK] CCS freshness: CCS age 10m
  [OK] Nav score: nav score 0.594
  [OK] Capture processing: 3 captures in last 2h
  [OK] Thread activity: last advance 2.7h ago
  [OK] Entity diversity: entity entropy 1.149, evenness 0.725 (3 types)
  [OK] Uncertainty freshness: uncertainty_signals varied (2 unique across 6 snapshots)
  [OK] Compression readiness: compress READY: novelty=0.207, gap=750min, readiness=1.00
/home/nate-agx/.local/lib/python3.10/site-packages/requests/__init__.py:113: RequestsDependencyWarning: urllib3 (2.6.3) or chardet (7.4.0.post2)/charset_normalizer (3.4.4) doesn't match a supported version!
  warnings.warn(
Cognitive health grade: A
  [OK] CCS freshness: CCS age 10m
  [OK] Nav score: nav score 0.623
  [OK] Capture processing: no recent captures (quiet period)
  [OK] Thread activity: last advance 3.7h ago
  [OK] Entity diversity: entity entropy 1.149, evenness 0.725 (3 types)
  [OK] Uncertainty freshness: uncertainty_signals varied (2 unique across 6 snapshots)
  [OK] Compression readiness: compress READY: novelty=0.253, gap=810min, readiness=1.00
/home/nate-agx/.local/lib/python3.10/site-packages/requests/__init__.py:113: RequestsDependencyWarning: urllib3 (2.6.3) or chardet (7.4.0.post2)/charset_normalizer (3.4.4) doesn't match a supported version!
  warnings.warn(
Cognitive health grade: A
  [OK] CCS freshness: CCS age 10m
  [OK] Nav score: nav score 0.613
  [OK] Capture processing: no recent captures (quiet period)
  [OK] Thread activity: last advance 4.7h ago
  [OK] Entity diversity: entity entropy 1.149, evenness 0.725 (3 types)
  [OK] Uncertainty freshness: uncertainty_signals varied (2 unique across 6 snapshots)
  [OK] Compression readiness: compress READY: novelty=0.270, gap=870min, readiness=1.00
