solid 
facet normal 0.0 0.0 -1.0
outer loop
vertex 0.0 0.0 0.0
vertex 24.984411239624023 3.289260149002075 0.0
vertex 25.200000762939453 0.0 0.0
endloop
endfacet
facet normal 0.0 0.0 -1.0
outer loop
vertex 0.0 0.0 0.0
vertex 24.341331481933594 6.522240161895752 0.0
vertex 24.984411239624023 3.289260149002075 0.0
endloop
endfacet
facet normal 0.0 0.0 -1.0
outer loop
vertex 0.0 0.0 0.0
vertex 23.28176498413086 9.643622398376465 0.0
vertex 24.341331481933594 6.522240161895752 0.0
endloop
endfacet
facet normal 0.0 0.0 -1.0
outer loop
vertex 0.0 0.0 0.0
vertex 21.823841094970703 12.600000381469727 0.0
vertex 23.28176498413086 9.643622398376465 0.0
endloop
endfacet
facet normal 0.0 0.0 -1.0
outer loop
vertex 0.0 0.0 0.0
vertex 19.992504119873047 15.340787887573242 0.0
vertex 21.823841094970703 12.600000381469727 0.0
endloop
endfacet
facet normal 0.0 0.0 -1.0
outer loop
vertex 0.0 0.0 0.0
vertex 17.819091796875 17.819091796875 0.0
vertex 19.992504119873047 15.340787887573242 0.0
endloop
endfacet
facet normal 0.0 0.0 -1.0
outer loop
vertex 0.0 0.0 0.0
vertex 15.340787887573242 19.992504119873047 0.0
vertex 17.819091796875 17.819091796875 0.0
endloop
endfacet
facet normal 0.0 0.0 -1.0
outer loop
vertex 0.0 0.0 0.0
vertex 12.600000381469727 21.823841094970703 0.0
vertex 15.340787887573242 19.992504119873047 0.0
endloop
endfacet
facet normal 0.0 0.0 -1.0
outer loop
vertex 0.0 0.0 0.0
vertex 9.643622398376465 23.28176498413086 0.0
vertex 12.600000381469727 21.823841094970703 0.0
endloop
endfacet
facet normal 0.0 0.0 -1.0
outer loop
vertex 0.0 0.0 0.0
vertex 6.522240161895752 24.341331481933594 0.0
vertex 9.643622398376465 23.28176498413086 0.0
endloop
endfacet
facet normal 0.0 0.0 -1.0
outer loop
vertex 0.0 0.0 0.0
vertex 3.289260149002075 24.984411239624023 0.0
vertex 6.522240161895752 24.341331481933594 0.0
endloop
endfacet
facet normal 0.0 0.0 -1.0
outer loop
vertex 0.0 0.0 0.0
vertex 1.5430549548479727e-15 25.200000762939453 0.0
vertex 3.289260149002075 24.984411239624023 0.0
endloop
endfacet
facet normal 0.0 0.0 -1.0
outer loop
vertex 0.0 0.0 0.0
vertex -3.289260149002075 24.984411239624023 0.0
vertex 1.5430549548479727e-15 25.200000762939453 0.0
endloop
endfacet
facet normal 0.0 0.0 -1.0
outer loop
vertex 0.0 0.0 0.0
vertex -6.522240161895752 24.341331481933594 0.0
vertex -3.289260149002075 24.984411239624023 0.0
endloop
endfacet
facet normal 0.0 0.0 -1.0
outer loop
vertex 0.0 0.0 0.0
vertex -9.643622398376465 23.28176498413086 0.0
vertex -6.522240161895752 24.341331481933594 0.0
endloop
endfacet
facet normal 0.0 0.0 -1.0
outer loop
vertex 0.0 0.0 0.0
vertex -12.600000381469727 21.823841094970703 0.0
vertex -9.643622398376465 23.28176498413086 0.0
endloop
endfacet
facet normal 0.0 0.0 -1.0
outer loop
vertex 0.0 0.0 0.0
vertex -15.340787887573242 19.992504119873047 0.0
vertex -12.600000381469727 21.823841094970703 0.0
endloop
endfacet
facet normal 0.0 0.0 -1.0
outer loop
vertex 0.0 0.0 0.0
vertex -17.819091796875 17.819091796875 0.0
vertex -15.340787887573242 19.992504119873047 0.0
endloop
endfacet
facet normal 0.0 0.0 -1.0
outer loop
vertex 0.0 0.0 0.0
vertex -19.992504119873047 15.340787887573242 0.0
vertex -17.819091796875 17.819091796875 0.0
endloop
endfacet
facet normal 0.0 0.0 -1.0
outer loop
vertex 0.0 0.0 0.0
vertex -21.823841094970703 12.600000381469727 0.0
vertex -19.992504119873047 15.340787887573242 0.0
endloop
endfacet
facet normal 0.0 0.0 -1.0
outer loop
vertex 0.0 0.0 0.0
vertex -23.28176498413086 9.643622398376465 0.0
vertex -21.823841094970703 12.600000381469727 0.0
endloop
endfacet
facet normal 0.0 0.0 -1.0
outer loop
vertex 0.0 0.0 0.0
vertex -24.341331481933594 6.522240161895752 0.0
vertex -23.28176498413086 9.643622398376465 0.0
endloop
endfacet
facet normal 0.0 0.0 -1.0
outer loop
vertex 0.0 0.0 0.0
vertex -24.984411239624023 3.289260149002075 0.0
vertex -24.341331481933594 6.522240161895752 0.0
endloop
endfacet
facet normal 0.0 0.0 -1.0
outer loop
vertex 0.0 0.0 0.0
vertex -25.200000762939453 3.0861099096959454e-15 0.0
vertex -24.984411239624023 3.289260149002075 0.0
endloop
endfacet
facet normal -0.0 0.0 -1.0
outer loop
vertex 0.0 0.0 0.0
vertex -24.984411239624023 -3.289260149002075 0.0
vertex -25.200000762939453 3.0861099096959454e-15 0.0
endloop
endfacet
facet normal -0.0 0.0 -1.0
outer loop
vertex 0.0 0.0 0.0
vertex -24.341331481933594 -6.522240161895752 0.0
vertex -24.984411239624023 -3.289260149002075 0.0
endloop
endfacet
facet normal -0.0 0.0 -1.0
outer loop
vertex 0.0 0.0 0.0
vertex -23.28176498413086 -9.643622398376465 0.0
vertex -24.341331481933594 -6.522240161895752 0.0
endloop
endfacet
facet normal -0.0 0.0 -1.0
outer loop
vertex 0.0 0.0 0.0
vertex -21.823841094970703 -12.600000381469727 0.0
vertex -23.28176498413086 -9.643622398376465 0.0
endloop
endfacet
facet normal -0.0 0.0 -1.0
outer loop
vertex 0.0 0.0 0.0
vertex -19.992504119873047 -15.340787887573242 0.0
vertex -21.823841094970703 -12.600000381469727 0.0
endloop
endfacet
facet normal -0.0 0.0 -1.0
outer loop
vertex 0.0 0.0 0.0
vertex -17.819091796875 -17.819091796875 0.0
vertex -19.992504119873047 -15.340787887573242 0.0
endloop
endfacet
facet normal -0.0 0.0 -1.0
outer loop
vertex 0.0 0.0 0.0
vertex -15.340787887573242 -19.992504119873047 0.0
vertex -17.819091796875 -17.819091796875 0.0
endloop
endfacet
facet normal -0.0 0.0 -1.0
outer loop
vertex 0.0 0.0 0.0
vertex -12.600000381469727 -21.823841094970703 0.0
vertex -15.340787887573242 -19.992504119873047 0.0
endloop
endfacet
facet normal -0.0 0.0 -1.0
outer loop
vertex 0.0 0.0 0.0
vertex -9.643622398376465 -23.28176498413086 0.0
vertex -12.600000381469727 -21.823841094970703 0.0
endloop
endfacet
facet normal -0.0 0.0 -1.0
outer loop
vertex 0.0 0.0 0.0
vertex -6.522240161895752 -24.341331481933594 0.0
vertex -9.643622398376465 -23.28176498413086 0.0
endloop
endfacet
facet normal -0.0 0.0 -1.0
outer loop
vertex 0.0 0.0 0.0
vertex -3.289260149002075 -24.984411239624023 0.0
vertex -6.522240161895752 -24.341331481933594 0.0
endloop
endfacet
facet normal -0.0 0.0 -1.0
outer loop
vertex 0.0 0.0 0.0
vertex -4.629165076302155e-15 -25.200000762939453 0.0
vertex -3.289260149002075 -24.984411239624023 0.0
endloop
endfacet
facet normal 0.0 -0.0 -1.0
outer loop
vertex 0.0 0.0 0.0
vertex 3.289260149002075 -24.984411239624023 0.0
vertex -4.629165076302155e-15 -25.200000762939453 0.0
endloop
endfacet
facet normal 0.0 -0.0 -1.0
outer loop
vertex 0.0 0.0 0.0
vertex 6.522240161895752 -24.341331481933594 0.0
vertex 3.289260149002075 -24.984411239624023 0.0
endloop
endfacet
facet normal 0.0 -0.0 -1.0
outer loop
vertex 0.0 0.0 0.0
vertex 9.643622398376465 -23.28176498413086 0.0
vertex 6.522240161895752 -24.341331481933594 0.0
endloop
endfacet
facet normal 0.0 -0.0 -1.0
outer loop
vertex 0.0 0.0 0.0
vertex 12.600000381469727 -21.823841094970703 0.0
vertex 9.643622398376465 -23.28176498413086 0.0
endloop
endfacet
facet normal 0.0 -0.0 -1.0
outer loop
vertex 0.0 0.0 0.0
vertex 15.340787887573242 -19.992504119873047 0.0
vertex 12.600000381469727 -21.823841094970703 0.0
endloop
endfacet
facet normal 0.0 -0.0 -1.0
outer loop
vertex 0.0 0.0 0.0
vertex 17.819091796875 -17.819091796875 0.0
vertex 15.340787887573242 -19.992504119873047 0.0
endloop
endfacet
facet normal 0.0 -0.0 -1.0
outer loop
vertex 0.0 0.0 0.0
vertex 19.992504119873047 -15.340787887573242 0.0
vertex 17.819091796875 -17.819091796875 0.0
endloop
endfacet
facet normal 0.0 -0.0 -1.0
outer loop
vertex 0.0 0.0 0.0
vertex 21.823841094970703 -12.600000381469727 0.0
vertex 19.992504119873047 -15.340787887573242 0.0
endloop
endfacet
facet normal 0.0 -0.0 -1.0
outer loop
vertex 0.0 0.0 0.0
vertex 23.28176498413086 -9.643622398376465 0.0
vertex 21.823841094970703 -12.600000381469727 0.0
endloop
endfacet
facet normal 0.0 -0.0 -1.0
outer loop
vertex 0.0 0.0 0.0
vertex 24.341331481933594 -6.522240161895752 0.0
vertex 23.28176498413086 -9.643622398376465 0.0
endloop
endfacet
facet normal 0.0 -0.0 -1.0
outer loop
vertex 0.0 0.0 0.0
vertex 24.984411239624023 -3.289260149002075 0.0
vertex 24.341331481933594 -6.522240161895752 0.0
endloop
endfacet
facet normal 0.0 -0.0 -1.0
outer loop
vertex 0.0 0.0 0.0
vertex 25.200000762939453 0.0 0.0
vertex 24.984411239624023 -3.289260149002075 0.0
endloop
endfacet
facet normal 0.9978589415550232 0.06540312618017197 0.0
outer loop
vertex 25.200000762939453 0.0 0.0
vertex 24.984411239624023 3.289260149002075 0.0
vertex 25.200000762939453 0.0 4.0
endloop
endfacet
facet normal 0.9978589415550232 0.06540312618017197 -0.0
outer loop
vertex 24.984411239624023 3.289260149002075 0.0
vertex 24.984411239624023 3.289260149002075 4.0
vertex 25.200000762939453 0.0 4.0
endloop
endfacet
facet normal 0.9807852506637573 0.19509032368659973 0.0
outer loop
vertex 24.984411239624023 3.289260149002075 0.0
vertex 24.341331481933594 6.522240161895752 0.0
vertex 24.984411239624023 3.289260149002075 4.0
endloop
endfacet
facet normal 0.9807852506637573 0.19509032368659973 -0.0
outer loop
vertex 24.341331481933594 6.522240161895752 0.0
vertex 24.341331481933594 6.522240161895752 4.0
vertex 24.984411239624023 3.289260149002075 4.0
endloop
endfacet
facet normal 0.9469301104545593 0.3214394748210907 0.0
outer loop
vertex 24.341331481933594 6.522240161895752 0.0
vertex 23.28176498413086 9.643622398376465 0.0
vertex 24.341331481933594 6.522240161895752 4.0
endloop
endfacet
facet normal 0.9469301104545593 0.3214394748210907 -0.0
outer loop
vertex 23.28176498413086 9.643622398376465 0.0
vertex 23.28176498413086 9.643622398376465 4.0
vertex 24.341331481933594 6.522240161895752 4.0
endloop
endfacet
facet normal 0.8968727588653564 0.44228869676589966 0.0
outer loop
vertex 23.28176498413086 9.643622398376465 0.0
vertex 21.823841094970703 12.600000381469727 0.0
vertex 23.28176498413086 9.643622398376465 4.0
endloop
endfacet
facet normal 0.8968727588653564 0.44228869676589966 -0.0
outer loop
vertex 21.823841094970703 12.600000381469727 0.0
vertex 21.823841094970703 12.600000381469727 4.0
vertex 23.28176498413086 9.643622398376465 4.0
endloop
endfacet
facet normal 0.8314695954322815 0.5555702447891235 0.0
outer loop
vertex 21.823841094970703 12.600000381469727 0.0
vertex 19.992504119873047 15.340787887573242 0.0
vertex 21.823841094970703 12.600000381469727 4.0
endloop
endfacet
facet normal 0.8314695954322815 0.5555702447891235 -0.0
outer loop
vertex 19.992504119873047 15.340787887573242 0.0
vertex 19.992504119873047 15.340787887573242 4.0
vertex 21.823841094970703 12.600000381469727 4.0
endloop
endfacet
facet normal 0.751839816570282 0.659345805644989 0.0
outer loop
vertex 19.992504119873047 15.340787887573242 0.0
vertex 17.819091796875 17.819091796875 0.0
vertex 19.992504119873047 15.340787887573242 4.0
endloop
endfacet
facet normal 0.751839816570282 0.659345805644989 -0.0
outer loop
vertex 17.819091796875 17.819091796875 0.0
vertex 17.819091796875 17.819091796875 4.0
vertex 19.992504119873047 15.340787887573242 4.0
endloop
endfacet
facet normal 0.659345805644989 0.751839816570282 0.0
outer loop
vertex 17.819091796875 17.819091796875 0.0
vertex 15.340787887573242 19.992504119873047 0.0
vertex 17.819091796875 17.819091796875 4.0
endloop
endfacet
facet normal 0.659345805644989 0.751839816570282 -0.0
outer loop
vertex 15.340787887573242 19.992504119873047 0.0
vertex 15.340787887573242 19.992504119873047 4.0
vertex 17.819091796875 17.819091796875 4.0
endloop
endfacet
facet normal 0.5555702447891235 0.8314695954322815 0.0
outer loop
vertex 15.340787887573242 19.992504119873047 0.0
vertex 12.600000381469727 21.823841094970703 0.0
vertex 15.340787887573242 19.992504119873047 4.0
endloop
endfacet
facet normal 0.5555702447891235 0.8314695954322815 -0.0
outer loop
vertex 12.600000381469727 21.823841094970703 0.0
vertex 12.600000381469727 21.823841094970703 4.0
vertex 15.340787887573242 19.992504119873047 4.0
endloop
endfacet
facet normal 0.44228869676589966 0.8968727588653564 0.0
outer loop
vertex 12.600000381469727 21.823841094970703 0.0
vertex 9.643622398376465 23.28176498413086 0.0
vertex 12.600000381469727 21.823841094970703 4.0
endloop
endfacet
facet normal 0.44228869676589966 0.8968727588653564 -0.0
outer loop
vertex 9.643622398376465 23.28176498413086 0.0
vertex 9.643622398376465 23.28176498413086 4.0
vertex 12.600000381469727 21.823841094970703 4.0
endloop
endfacet
facet normal 0.3214394748210907 0.9469301104545593 0.0
outer loop
vertex 9.643622398376465 23.28176498413086 0.0
vertex 6.522240161895752 24.341331481933594 0.0
vertex 9.643622398376465 23.28176498413086 4.0
endloop
endfacet
facet normal 0.3214394748210907 0.9469301104545593 -0.0
outer loop
vertex 6.522240161895752 24.341331481933594 0.0
vertex 6.522240161895752 24.341331481933594 4.0
vertex 9.643622398376465 23.28176498413086 4.0
endloop
endfacet
facet normal 0.19509032368659973 0.9807852506637573 0.0
outer loop
vertex 6.522240161895752 24.341331481933594 0.0
vertex 3.289260149002075 24.984411239624023 0.0
vertex 6.522240161895752 24.341331481933594 4.0
endloop
endfacet
facet normal 0.19509032368659973 0.9807852506637573 -0.0
outer loop
vertex 3.289260149002075 24.984411239624023 0.0
vertex 3.289260149002075 24.984411239624023 4.0
vertex 6.522240161895752 24.341331481933594 4.0
endloop
endfacet
facet normal 0.06540312618017197 0.9978589415550232 0.0
outer loop
vertex 3.289260149002075 24.984411239624023 0.0
vertex 1.5430549548479727e-15 25.200000762939453 0.0
vertex 3.289260149002075 24.984411239624023 4.0
endloop
endfacet
facet normal 0.06540312618017197 0.9978589415550232 -0.0
outer loop
vertex 1.5430549548479727e-15 25.200000762939453 0.0
vertex 1.5430549548479727e-15 25.200000762939453 4.0
vertex 3.289260149002075 24.984411239624023 4.0
endloop
endfacet
facet normal -0.06540312618017197 0.9978589415550232 0.0
outer loop
vertex 1.5430549548479727e-15 25.200000762939453 0.0
vertex -3.289260149002075 24.984411239624023 0.0
vertex 1.5430549548479727e-15 25.200000762939453 4.0
endloop
endfacet
facet normal -0.06540312618017197 0.9978589415550232 0.0
outer loop
vertex -3.289260149002075 24.984411239624023 0.0
vertex -3.289260149002075 24.984411239624023 4.0
vertex 1.5430549548479727e-15 25.200000762939453 4.0
endloop
endfacet
facet normal -0.19509032368659973 0.9807852506637573 0.0
outer loop
vertex -3.289260149002075 24.984411239624023 0.0
vertex -6.522240161895752 24.341331481933594 0.0
vertex -3.289260149002075 24.984411239624023 4.0
endloop
endfacet
facet normal -0.19509032368659973 0.9807852506637573 0.0
outer loop
vertex -6.522240161895752 24.341331481933594 0.0
vertex -6.522240161895752 24.341331481933594 4.0
vertex -3.289260149002075 24.984411239624023 4.0
endloop
endfacet
facet normal -0.3214394748210907 0.9469301104545593 0.0
outer loop
vertex -6.522240161895752 24.341331481933594 0.0
vertex -9.643622398376465 23.28176498413086 0.0
vertex -6.522240161895752 24.341331481933594 4.0
endloop
endfacet
facet normal -0.3214394748210907 0.9469301104545593 0.0
outer loop
vertex -9.643622398376465 23.28176498413086 0.0
vertex -9.643622398376465 23.28176498413086 4.0
vertex -6.522240161895752 24.341331481933594 4.0
endloop
endfacet
facet normal -0.44228869676589966 0.8968727588653564 0.0
outer loop
vertex -9.643622398376465 23.28176498413086 0.0
vertex -12.600000381469727 21.823841094970703 0.0
vertex -9.643622398376465 23.28176498413086 4.0
endloop
endfacet
facet normal -0.44228869676589966 0.8968727588653564 0.0
outer loop
vertex -12.600000381469727 21.823841094970703 0.0
vertex -12.600000381469727 21.823841094970703 4.0
vertex -9.643622398376465 23.28176498413086 4.0
endloop
endfacet
facet normal -0.5555702447891235 0.8314695954322815 0.0
outer loop
vertex -12.600000381469727 21.823841094970703 0.0
vertex -15.340787887573242 19.992504119873047 0.0
vertex -12.600000381469727 21.823841094970703 4.0
endloop
endfacet
facet normal -0.5555702447891235 0.8314695954322815 0.0
outer loop
vertex -15.340787887573242 19.992504119873047 0.0
vertex -15.340787887573242 19.992504119873047 4.0
vertex -12.600000381469727 21.823841094970703 4.0
endloop
endfacet
facet normal -0.659345805644989 0.751839816570282 0.0
outer loop
vertex -15.340787887573242 19.992504119873047 0.0
vertex -17.819091796875 17.819091796875 0.0
vertex -15.340787887573242 19.992504119873047 4.0
endloop
endfacet
facet normal -0.659345805644989 0.751839816570282 0.0
outer loop
vertex -17.819091796875 17.819091796875 0.0
vertex -17.819091796875 17.819091796875 4.0
vertex -15.340787887573242 19.992504119873047 4.0
endloop
endfacet
facet normal -0.751839816570282 0.659345805644989 0.0
outer loop
vertex -17.819091796875 17.819091796875 0.0
vertex -19.992504119873047 15.340787887573242 0.0
vertex -17.819091796875 17.819091796875 4.0
endloop
endfacet
facet normal -0.751839816570282 0.659345805644989 0.0
outer loop
vertex -19.992504119873047 15.340787887573242 0.0
vertex -19.992504119873047 15.340787887573242 4.0
vertex -17.819091796875 17.819091796875 4.0
endloop
endfacet
facet normal -0.8314695954322815 0.5555702447891235 0.0
outer loop
vertex -19.992504119873047 15.340787887573242 0.0
vertex -21.823841094970703 12.600000381469727 0.0
vertex -19.992504119873047 15.340787887573242 4.0
endloop
endfacet
facet normal -0.8314695954322815 0.5555702447891235 0.0
outer loop
vertex -21.823841094970703 12.600000381469727 0.0
vertex -21.823841094970703 12.600000381469727 4.0
vertex -19.992504119873047 15.340787887573242 4.0
endloop
endfacet
facet normal -0.8968727588653564 0.44228869676589966 0.0
outer loop
vertex -21.823841094970703 12.600000381469727 0.0
vertex -23.28176498413086 9.643622398376465 0.0
vertex -21.823841094970703 12.600000381469727 4.0
endloop
endfacet
facet normal -0.8968727588653564 0.44228869676589966 0.0
outer loop
vertex -23.28176498413086 9.643622398376465 0.0
vertex -23.28176498413086 9.643622398376465 4.0
vertex -21.823841094970703 12.600000381469727 4.0
endloop
endfacet
facet normal -0.9469301104545593 0.3214394748210907 0.0
outer loop
vertex -23.28176498413086 9.643622398376465 0.0
vertex -24.341331481933594 6.522240161895752 0.0
vertex -23.28176498413086 9.643622398376465 4.0
endloop
endfacet
facet normal -0.9469301104545593 0.3214394748210907 0.0
outer loop
vertex -24.341331481933594 6.522240161895752 0.0
vertex -24.341331481933594 6.522240161895752 4.0
vertex -23.28176498413086 9.643622398376465 4.0
endloop
endfacet
facet normal -0.9807852506637573 0.19509032368659973 0.0
outer loop
vertex -24.341331481933594 6.522240161895752 0.0
vertex -24.984411239624023 3.289260149002075 0.0
vertex -24.341331481933594 6.522240161895752 4.0
endloop
endfacet
facet normal -0.9807852506637573 0.19509032368659973 0.0
outer loop
vertex -24.984411239624023 3.289260149002075 0.0
vertex -24.984411239624023 3.289260149002075 4.0
vertex -24.341331481933594 6.522240161895752 4.0
endloop
endfacet
facet normal -0.9978589415550232 0.06540312618017197 0.0
outer loop
vertex -24.984411239624023 3.289260149002075 0.0
vertex -25.200000762939453 3.0861099096959454e-15 0.0
vertex -24.984411239624023 3.289260149002075 4.0
endloop
endfacet
facet normal -0.9978589415550232 0.06540312618017197 0.0
outer loop
vertex -25.200000762939453 3.0861099096959454e-15 0.0
vertex -25.200000762939453 3.0861099096959454e-15 4.0
vertex -24.984411239624023 3.289260149002075 4.0
endloop
endfacet
facet normal -0.9978589415550232 -0.06540312618017197 0.0
outer loop
vertex -25.200000762939453 3.0861099096959454e-15 0.0
vertex -24.984411239624023 -3.289260149002075 0.0
vertex -25.200000762939453 3.0861099096959454e-15 4.0
endloop
endfacet
facet normal -0.9978589415550232 -0.06540312618017197 0.0
outer loop
vertex -24.984411239624023 -3.289260149002075 0.0
vertex -24.984411239624023 -3.289260149002075 4.0
vertex -25.200000762939453 3.0861099096959454e-15 4.0
endloop
endfacet
facet normal -0.9807852506637573 -0.19509032368659973 0.0
outer loop
vertex -24.984411239624023 -3.289260149002075 0.0
vertex -24.341331481933594 -6.522240161895752 0.0
vertex -24.984411239624023 -3.289260149002075 4.0
endloop
endfacet
facet normal -0.9807852506637573 -0.19509032368659973 0.0
outer loop
vertex -24.341331481933594 -6.522240161895752 0.0
vertex -24.341331481933594 -6.522240161895752 4.0
vertex -24.984411239624023 -3.289260149002075 4.0
endloop
endfacet
facet normal -0.9469301104545593 -0.3214394748210907 0.0
outer loop
vertex -24.341331481933594 -6.522240161895752 0.0
vertex -23.28176498413086 -9.643622398376465 0.0
vertex -24.341331481933594 -6.522240161895752 4.0
endloop
endfacet
facet normal -0.9469301104545593 -0.3214394748210907 0.0
outer loop
vertex -23.28176498413086 -9.643622398376465 0.0
vertex -23.28176498413086 -9.643622398376465 4.0
vertex -24.341331481933594 -6.522240161895752 4.0
endloop
endfacet
facet normal -0.8968727588653564 -0.44228869676589966 0.0
outer loop
vertex -23.28176498413086 -9.643622398376465 0.0
vertex -21.823841094970703 -12.600000381469727 0.0
vertex -23.28176498413086 -9.643622398376465 4.0
endloop
endfacet
facet normal -0.8968727588653564 -0.44228869676589966 0.0
outer loop
vertex -21.823841094970703 -12.600000381469727 0.0
vertex -21.823841094970703 -12.600000381469727 4.0
vertex -23.28176498413086 -9.643622398376465 4.0
endloop
endfacet
facet normal -0.8314695954322815 -0.5555702447891235 0.0
outer loop
vertex -21.823841094970703 -12.600000381469727 0.0
vertex -19.992504119873047 -15.340787887573242 0.0
vertex -21.823841094970703 -12.600000381469727 4.0
endloop
endfacet
facet normal -0.8314695954322815 -0.5555702447891235 0.0
outer loop
vertex -19.992504119873047 -15.340787887573242 0.0
vertex -19.992504119873047 -15.340787887573242 4.0
vertex -21.823841094970703 -12.600000381469727 4.0
endloop
endfacet
facet normal -0.751839816570282 -0.659345805644989 0.0
outer loop
vertex -19.992504119873047 -15.340787887573242 0.0
vertex -17.819091796875 -17.819091796875 0.0
vertex -19.992504119873047 -15.340787887573242 4.0
endloop
endfacet
facet normal -0.751839816570282 -0.659345805644989 0.0
outer loop
vertex -17.819091796875 -17.819091796875 0.0
vertex -17.819091796875 -17.819091796875 4.0
vertex -19.992504119873047 -15.340787887573242 4.0
endloop
endfacet
facet normal -0.659345805644989 -0.751839816570282 0.0
outer loop
vertex -17.819091796875 -17.819091796875 0.0
vertex -15.340787887573242 -19.992504119873047 0.0
vertex -17.819091796875 -17.819091796875 4.0
endloop
endfacet
facet normal -0.659345805644989 -0.751839816570282 0.0
outer loop
vertex -15.340787887573242 -19.992504119873047 0.0
vertex -15.340787887573242 -19.992504119873047 4.0
vertex -17.819091796875 -17.819091796875 4.0
endloop
endfacet
facet normal -0.5555702447891235 -0.8314695954322815 0.0
outer loop
vertex -15.340787887573242 -19.992504119873047 0.0
vertex -12.600000381469727 -21.823841094970703 0.0
vertex -15.340787887573242 -19.992504119873047 4.0
endloop
endfacet
facet normal -0.5555702447891235 -0.8314695954322815 0.0
outer loop
vertex -12.600000381469727 -21.823841094970703 0.0
vertex -12.600000381469727 -21.823841094970703 4.0
vertex -15.340787887573242 -19.992504119873047 4.0
endloop
endfacet
facet normal -0.44228869676589966 -0.8968727588653564 0.0
outer loop
vertex -12.600000381469727 -21.823841094970703 0.0
vertex -9.643622398376465 -23.28176498413086 0.0
vertex -12.600000381469727 -21.823841094970703 4.0
endloop
endfacet
facet normal -0.44228869676589966 -0.8968727588653564 0.0
outer loop
vertex -9.643622398376465 -23.28176498413086 0.0
vertex -9.643622398376465 -23.28176498413086 4.0
vertex -12.600000381469727 -21.823841094970703 4.0
endloop
endfacet
facet normal -0.3214394748210907 -0.9469301104545593 0.0
outer loop
vertex -9.643622398376465 -23.28176498413086 0.0
vertex -6.522240161895752 -24.341331481933594 0.0
vertex -9.643622398376465 -23.28176498413086 4.0
endloop
endfacet
facet normal -0.3214394748210907 -0.9469301104545593 0.0
outer loop
vertex -6.522240161895752 -24.341331481933594 0.0
vertex -6.522240161895752 -24.341331481933594 4.0
vertex -9.643622398376465 -23.28176498413086 4.0
endloop
endfacet
facet normal -0.19509032368659973 -0.9807852506637573 0.0
outer loop
vertex -6.522240161895752 -24.341331481933594 0.0
vertex -3.289260149002075 -24.984411239624023 0.0
vertex -6.522240161895752 -24.341331481933594 4.0
endloop
endfacet
facet normal -0.19509032368659973 -0.9807852506637573 0.0
outer loop
vertex -3.289260149002075 -24.984411239624023 0.0
vertex -3.289260149002075 -24.984411239624023 4.0
vertex -6.522240161895752 -24.341331481933594 4.0
endloop
endfacet
facet normal -0.06540312618017197 -0.9978589415550232 0.0
outer loop
vertex -3.289260149002075 -24.984411239624023 0.0
vertex -4.629165076302155e-15 -25.200000762939453 0.0
vertex -3.289260149002075 -24.984411239624023 4.0
endloop
endfacet
facet normal -0.06540312618017197 -0.9978589415550232 0.0
outer loop
vertex -4.629165076302155e-15 -25.200000762939453 0.0
vertex -4.629165076302155e-15 -25.200000762939453 4.0
vertex -3.289260149002075 -24.984411239624023 4.0
endloop
endfacet
facet normal 0.06540312618017197 -0.9978589415550232 0.0
outer loop
vertex -4.629165076302155e-15 -25.200000762939453 0.0
vertex 3.289260149002075 -24.984411239624023 0.0
vertex -4.629165076302155e-15 -25.200000762939453 4.0
endloop
endfacet
facet normal 0.06540312618017197 -0.9978589415550232 0.0
outer loop
vertex 3.289260149002075 -24.984411239624023 0.0
vertex 3.289260149002075 -24.984411239624023 4.0
vertex -4.629165076302155e-15 -25.200000762939453 4.0
endloop
endfacet
facet normal 0.19509032368659973 -0.9807852506637573 0.0
outer loop
vertex 3.289260149002075 -24.984411239624023 0.0
vertex 6.522240161895752 -24.341331481933594 0.0
vertex 3.289260149002075 -24.984411239624023 4.0
endloop
endfacet
facet normal 0.19509032368659973 -0.9807852506637573 0.0
outer loop
vertex 6.522240161895752 -24.341331481933594 0.0
vertex 6.522240161895752 -24.341331481933594 4.0
vertex 3.289260149002075 -24.984411239624023 4.0
endloop
endfacet
facet normal 0.3214394748210907 -0.9469301104545593 0.0
outer loop
vertex 6.522240161895752 -24.341331481933594 0.0
vertex 9.643622398376465 -23.28176498413086 0.0
vertex 6.522240161895752 -24.341331481933594 4.0
endloop
endfacet
facet normal 0.3214394748210907 -0.9469301104545593 0.0
outer loop
vertex 9.643622398376465 -23.28176498413086 0.0
vertex 9.643622398376465 -23.28176498413086 4.0
vertex 6.522240161895752 -24.341331481933594 4.0
endloop
endfacet
facet normal 0.44228869676589966 -0.8968727588653564 0.0
outer loop
vertex 9.643622398376465 -23.28176498413086 0.0
vertex 12.600000381469727 -21.823841094970703 0.0
vertex 9.643622398376465 -23.28176498413086 4.0
endloop
endfacet
facet normal 0.44228869676589966 -0.8968727588653564 0.0
outer loop
vertex 12.600000381469727 -21.823841094970703 0.0
vertex 12.600000381469727 -21.823841094970703 4.0
vertex 9.643622398376465 -23.28176498413086 4.0
endloop
endfacet
facet normal 0.5555702447891235 -0.8314695954322815 0.0
outer loop
vertex 12.600000381469727 -21.823841094970703 0.0
vertex 15.340787887573242 -19.992504119873047 0.0
vertex 12.600000381469727 -21.823841094970703 4.0
endloop
endfacet
facet normal 0.5555702447891235 -0.8314695954322815 0.0
outer loop
vertex 15.340787887573242 -19.992504119873047 0.0
vertex 15.340787887573242 -19.992504119873047 4.0
vertex 12.600000381469727 -21.823841094970703 4.0
endloop
endfacet
facet normal 0.659345805644989 -0.751839816570282 0.0
outer loop
vertex 15.340787887573242 -19.992504119873047 0.0
vertex 17.819091796875 -17.819091796875 0.0
vertex 15.340787887573242 -19.992504119873047 4.0
endloop
endfacet
facet normal 0.659345805644989 -0.751839816570282 0.0
outer loop
vertex 17.819091796875 -17.819091796875 0.0
vertex 17.819091796875 -17.819091796875 4.0
vertex 15.340787887573242 -19.992504119873047 4.0
endloop
endfacet
facet normal 0.751839816570282 -0.659345805644989 0.0
outer loop
vertex 17.819091796875 -17.819091796875 0.0
vertex 19.992504119873047 -15.340787887573242 0.0
vertex 17.819091796875 -17.819091796875 4.0
endloop
endfacet
facet normal 0.751839816570282 -0.659345805644989 0.0
outer loop
vertex 19.992504119873047 -15.340787887573242 0.0
vertex 19.992504119873047 -15.340787887573242 4.0
vertex 17.819091796875 -17.819091796875 4.0
endloop
endfacet
facet normal 0.8314695954322815 -0.5555702447891235 0.0
outer loop
vertex 19.992504119873047 -15.340787887573242 0.0
vertex 21.823841094970703 -12.600000381469727 0.0
vertex 19.992504119873047 -15.340787887573242 4.0
endloop
endfacet
facet normal 0.8314695954322815 -0.5555702447891235 0.0
outer loop
vertex 21.823841094970703 -12.600000381469727 0.0
vertex 21.823841094970703 -12.600000381469727 4.0
vertex 19.992504119873047 -15.340787887573242 4.0
endloop
endfacet
facet normal 0.8968727588653564 -0.44228869676589966 0.0
outer loop
vertex 21.823841094970703 -12.600000381469727 0.0
vertex 23.28176498413086 -9.643622398376465 0.0
vertex 21.823841094970703 -12.600000381469727 4.0
endloop
endfacet
facet normal 0.8968727588653564 -0.44228869676589966 0.0
outer loop
vertex 23.28176498413086 -9.643622398376465 0.0
vertex 23.28176498413086 -9.643622398376465 4.0
vertex 21.823841094970703 -12.600000381469727 4.0
endloop
endfacet
facet normal 0.9469301104545593 -0.3214394748210907 0.0
outer loop
vertex 23.28176498413086 -9.643622398376465 0.0
vertex 24.341331481933594 -6.522240161895752 0.0
vertex 23.28176498413086 -9.643622398376465 4.0
endloop
endfacet
facet normal 0.9469301104545593 -0.3214394748210907 0.0
outer loop
vertex 24.341331481933594 -6.522240161895752 0.0
vertex 24.341331481933594 -6.522240161895752 4.0
vertex 23.28176498413086 -9.643622398376465 4.0
endloop
endfacet
facet normal 0.9807852506637573 -0.19509032368659973 0.0
outer loop
vertex 24.341331481933594 -6.522240161895752 0.0
vertex 24.984411239624023 -3.289260149002075 0.0
vertex 24.341331481933594 -6.522240161895752 4.0
endloop
endfacet
facet normal 0.9807852506637573 -0.19509032368659973 0.0
outer loop
vertex 24.984411239624023 -3.289260149002075 0.0
vertex 24.984411239624023 -3.289260149002075 4.0
vertex 24.341331481933594 -6.522240161895752 4.0
endloop
endfacet
facet normal 0.9978589415550232 -0.06540312618017197 0.0
outer loop
vertex 24.984411239624023 -3.289260149002075 0.0
vertex 25.200000762939453 0.0 0.0
vertex 24.984411239624023 -3.289260149002075 4.0
endloop
endfacet
facet normal 0.9978589415550232 -0.06540312618017197 0.0
outer loop
vertex 25.200000762939453 0.0 0.0
vertex 25.200000762939453 0.0 4.0
vertex 24.984411239624023 -3.289260149002075 4.0
endloop
endfacet
facet normal 0.2854216992855072 0.018707526847720146 0.9582194089889526
outer loop
vertex 25.200000762939453 0.0 4.0
vertex 24.984411239624023 3.289260149002075 4.0
vertex 17.1427059173584 0.0 6.400000095367432
endloop
endfacet
facet normal 0.2854216992855072 0.018707526847720146 0.9582194089889526
outer loop
vertex 24.984411239624023 3.289260149002075 4.0
vertex 16.996047973632812 2.237571954727173 6.400000095367432
vertex 17.1427059173584 0.0 6.400000095367432
endloop
endfacet
facet normal 0.28053805232048035 0.05580248683691025 0.9582194089889526
outer loop
vertex 24.984411239624023 3.289260149002075 4.0
vertex 24.341331481933594 6.522240161895752 4.0
vertex 16.996047973632812 2.237571954727173 6.400000095367432
endloop
endfacet
facet normal 0.28053805232048035 0.05580248683691025 0.9582194089889526
outer loop
vertex 24.341331481933594 6.522240161895752 4.0
vertex 16.558582305908203 4.436858654022217 6.400000095367432
vertex 16.996047973632812 2.237571954727173 6.400000095367432
endloop
endfacet
facet normal 0.27085432410240173 0.09194265305995941 0.9582194089889526
outer loop
vertex 24.341331481933594 6.522240161895752 4.0
vertex 23.28176498413086 9.643622398376465 4.0
vertex 16.558582305908203 4.436858654022217 6.400000095367432
endloop
endfacet
facet normal 0.27085432410240173 0.09194265305995941 0.9582194089889526
outer loop
vertex 23.28176498413086 9.643622398376465 4.0
vertex 15.837794303894043 6.560229301452637 6.400000095367432
vertex 16.558582305908203 4.436858654022217 6.400000095367432
endloop
endfacet
facet normal 0.25653618574142456 0.1265096515417099 0.9582194089889526
outer loop
vertex 23.28176498413086 9.643622398376465 4.0
vertex 21.823841094970703 12.600000381469727 4.0
vertex 15.837794303894043 6.560229301452637 6.400000095367432
endloop
endfacet
facet normal 0.25653618574142456 0.1265096515417099 0.9582194089889526
outer loop
vertex 21.823841094970703 12.600000381469727 4.0
vertex 14.84601879119873 8.5713529586792 6.400000095367432
vertex 15.837794303894043 6.560229301452637 6.400000095367432
endloop
endfacet
facet normal 0.23782867193222046 0.1589120328426361 0.9582194089889526
outer loop
vertex 21.823841094970703 12.600000381469727 4.0
vertex 19.992504119873047 15.340787887573242 4.0
vertex 14.84601879119873 8.5713529586792 6.400000095367432
endloop
endfacet
facet normal 0.23782867193222046 0.1589120328426361 0.9582194089889526
outer loop
vertex 19.992504119873047 15.340787887573242 4.0
vertex 13.60022258758545 10.43581771850586 6.400000095367432
vertex 14.84601879119873 8.5713529586792 6.400000095367432
endloop
endfacet
facet normal 0.2150518298149109 0.18859539926052094 0.9582194089889526
outer loop
vertex 19.992504119873047 15.340787887573242 4.0
vertex 17.819091796875 17.819091796875 4.0
vertex 13.60022258758545 10.43581771850586 6.400000095367432
endloop
endfacet
facet normal 0.2150518298149109 0.18859539926052094 0.9582194089889526
outer loop
vertex 17.819091796875 17.819091796875 4.0
vertex 12.121723175048828 12.121723175048828 6.400000095367432
vertex 13.60022258758545 10.43581771850586 6.400000095367432
endloop
endfacet
facet normal 0.18859539926052094 0.2150518298149109 0.9582194089889526
outer loop
vertex 17.819091796875 17.819091796875 4.0
vertex 15.340787887573242 19.992504119873047 4.0
vertex 12.121723175048828 12.121723175048828 6.400000095367432
endloop
endfacet
facet normal 0.18859539926052094 0.2150518298149109 0.9582194089889526
outer loop
vertex 15.340787887573242 19.992504119873047 4.0
vertex 10.43581771850586 13.60022258758545 6.400000095367432
vertex 12.121723175048828 12.121723175048828 6.400000095367432
endloop
endfacet
facet normal 0.1589120328426361 0.23782867193222046 0.9582194089889526
outer loop
vertex 15.340787887573242 19.992504119873047 4.0
vertex 12.600000381469727 21.823841094970703 4.0
vertex 10.43581771850586 13.60022258758545 6.400000095367432
endloop
endfacet
facet normal 0.1589120328426361 0.23782867193222046 0.9582194089889526
outer loop
vertex 12.600000381469727 21.823841094970703 4.0
vertex 8.5713529586792 14.84601879119873 6.400000095367432
vertex 10.43581771850586 13.60022258758545 6.400000095367432
endloop
endfacet
facet normal 0.1265096515417099 0.25653618574142456 0.9582194089889526
outer loop
vertex 12.600000381469727 21.823841094970703 4.0
vertex 9.643622398376465 23.28176498413086 4.0
vertex 8.5713529586792 14.84601879119873 6.400000095367432
endloop
endfacet
facet normal 0.1265096515417099 0.25653618574142456 0.9582194089889526
outer loop
vertex 9.643622398376465 23.28176498413086 4.0
vertex 6.560229301452637 15.837794303894043 6.400000095367432
vertex 8.5713529586792 14.84601879119873 6.400000095367432
endloop
endfacet
facet normal 0.09194265305995941 0.27085432410240173 0.9582194089889526
outer loop
vertex 9.643622398376465 23.28176498413086 4.0
vertex 6.522240161895752 24.341331481933594 4.0
vertex 6.560229301452637 15.837794303894043 6.400000095367432
endloop
endfacet
facet normal 0.09194265305995941 0.27085432410240173 0.9582194089889526
outer loop
vertex 6.522240161895752 24.341331481933594 4.0
vertex 4.436858654022217 16.558582305908203 6.400000095367432
vertex 6.560229301452637 15.837794303894043 6.400000095367432
endloop
endfacet
facet normal 0.05580248683691025 0.28053805232048035 0.9582194089889526
outer loop
vertex 6.522240161895752 24.341331481933594 4.0
vertex 3.289260149002075 24.984411239624023 4.0
vertex 4.436858654022217 16.558582305908203 6.400000095367432
endloop
endfacet
facet normal 0.05580248683691025 0.28053805232048035 0.9582194089889526
outer loop
vertex 3.289260149002075 24.984411239624023 4.0
vertex 2.237571954727173 16.996047973632812 6.400000095367432
vertex 4.436858654022217 16.558582305908203 6.400000095367432
endloop
endfacet
facet normal 0.018707526847720146 0.2854216992855072 0.9582194089889526
outer loop
vertex 3.289260149002075 24.984411239624023 4.0
vertex 1.5430549548479727e-15 25.200000762939453 4.0
vertex 2.237571954727173 16.996047973632812 6.400000095367432
endloop
endfacet
facet normal 0.018707526847720146 0.2854216992855072 0.9582194089889526
outer loop
vertex 1.5430549548479727e-15 25.200000762939453 4.0
vertex 1.049688015104615e-15 17.1427059173584 6.400000095367432
vertex 2.237571954727173 16.996047973632812 6.400000095367432
endloop
endfacet
facet normal -0.018707526847720146 0.2854216992855072 0.9582194089889526
outer loop
vertex 1.5430549548479727e-15 25.200000762939453 4.0
vertex -3.289260149002075 24.984411239624023 4.0
vertex 1.049688015104615e-15 17.1427059173584 6.400000095367432
endloop
endfacet
facet normal -0.018707526847720146 0.2854216992855072 0.9582194089889526
outer loop
vertex -3.289260149002075 24.984411239624023 4.0
vertex -2.237571954727173 16.996047973632812 6.400000095367432
vertex 1.049688015104615e-15 17.1427059173584 6.400000095367432
endloop
endfacet
facet normal -0.05580248683691025 0.28053805232048035 0.9582194089889526
outer loop
vertex -3.289260149002075 24.984411239624023 4.0
vertex -6.522240161895752 24.341331481933594 4.0
vertex -2.237571954727173 16.996047973632812 6.400000095367432
endloop
endfacet
facet normal -0.05580248683691025 0.28053805232048035 0.9582194089889526
outer loop
vertex -6.522240161895752 24.341331481933594 4.0
vertex -4.436858654022217 16.558582305908203 6.400000095367432
vertex -2.237571954727173 16.996047973632812 6.400000095367432
endloop
endfacet
facet normal -0.09194265305995941 0.27085432410240173 0.9582194089889526
outer loop
vertex -6.522240161895752 24.341331481933594 4.0
vertex -9.643622398376465 23.28176498413086 4.0
vertex -4.436858654022217 16.558582305908203 6.400000095367432
endloop
endfacet
facet normal -0.09194265305995941 0.27085432410240173 0.9582194089889526
outer loop
vertex -9.643622398376465 23.28176498413086 4.0
vertex -6.560229301452637 15.837794303894043 6.400000095367432
vertex -4.436858654022217 16.558582305908203 6.400000095367432
endloop
endfacet
facet normal -0.1265096515417099 0.25653618574142456 0.9582194089889526
outer loop
vertex -9.643622398376465 23.28176498413086 4.0
vertex -12.600000381469727 21.823841094970703 4.0
vertex -6.560229301452637 15.837794303894043 6.400000095367432
endloop
endfacet
facet normal -0.1265096515417099 0.25653618574142456 0.9582194089889526
outer loop
vertex -12.600000381469727 21.823841094970703 4.0
vertex -8.5713529586792 14.84601879119873 6.400000095367432
vertex -6.560229301452637 15.837794303894043 6.400000095367432
endloop
endfacet
facet normal -0.1589120328426361 0.23782867193222046 0.9582194089889526
outer loop
vertex -12.600000381469727 21.823841094970703 4.0
vertex -15.340787887573242 19.992504119873047 4.0
vertex -8.5713529586792 14.84601879119873 6.400000095367432
endloop
endfacet
facet normal -0.1589120328426361 0.23782867193222046 0.9582194089889526
outer loop
vertex -15.340787887573242 19.992504119873047 4.0
vertex -10.43581771850586 13.60022258758545 6.400000095367432
vertex -8.5713529586792 14.84601879119873 6.400000095367432
endloop
endfacet
facet normal -0.18859539926052094 0.2150518298149109 0.9582194089889526
outer loop
vertex -15.340787887573242 19.992504119873047 4.0
vertex -17.819091796875 17.819091796875 4.0
vertex -10.43581771850586 13.60022258758545 6.400000095367432
endloop
endfacet
facet normal -0.18859539926052094 0.2150518298149109 0.9582194089889526
outer loop
vertex -17.819091796875 17.819091796875 4.0
vertex -12.121723175048828 12.121723175048828 6.400000095367432
vertex -10.43581771850586 13.60022258758545 6.400000095367432
endloop
endfacet
facet normal -0.2150518298149109 0.18859539926052094 0.9582194089889526
outer loop
vertex -17.819091796875 17.819091796875 4.0
vertex -19.992504119873047 15.340787887573242 4.0
vertex -12.121723175048828 12.121723175048828 6.400000095367432
endloop
endfacet
facet normal -0.2150518298149109 0.18859539926052094 0.9582194089889526
outer loop
vertex -19.992504119873047 15.340787887573242 4.0
vertex -13.60022258758545 10.43581771850586 6.400000095367432
vertex -12.121723175048828 12.121723175048828 6.400000095367432
endloop
endfacet
facet normal -0.23782867193222046 0.1589120328426361 0.9582194089889526
outer loop
vertex -19.992504119873047 15.340787887573242 4.0
vertex -21.823841094970703 12.600000381469727 4.0
vertex -13.60022258758545 10.43581771850586 6.400000095367432
endloop
endfacet
facet normal -0.23782867193222046 0.1589120328426361 0.9582194089889526
outer loop
vertex -21.823841094970703 12.600000381469727 4.0
vertex -14.84601879119873 8.5713529586792 6.400000095367432
vertex -13.60022258758545 10.43581771850586 6.400000095367432
endloop
endfacet
facet normal -0.25653618574142456 0.1265096515417099 0.9582194089889526
outer loop
vertex -21.823841094970703 12.600000381469727 4.0
vertex -23.28176498413086 9.643622398376465 4.0
vertex -14.84601879119873 8.5713529586792 6.400000095367432
endloop
endfacet
facet normal -0.25653618574142456 0.1265096515417099 0.9582194089889526
outer loop
vertex -23.28176498413086 9.643622398376465 4.0
vertex -15.837794303894043 6.560229301452637 6.400000095367432
vertex -14.84601879119873 8.5713529586792 6.400000095367432
endloop
endfacet
facet normal -0.27085432410240173 0.09194265305995941 0.9582194089889526
outer loop
vertex -23.28176498413086 9.643622398376465 4.0
vertex -24.341331481933594 6.522240161895752 4.0
vertex -15.837794303894043 6.560229301452637 6.400000095367432
endloop
endfacet
facet normal -0.27085432410240173 0.09194265305995941 0.9582194089889526
outer loop
vertex -24.341331481933594 6.522240161895752 4.0
vertex -16.558582305908203 4.436858654022217 6.400000095367432
vertex -15.837794303894043 6.560229301452637 6.400000095367432
endloop
endfacet
facet normal -0.28053805232048035 0.05580248683691025 0.9582194089889526
outer loop
vertex -24.341331481933594 6.522240161895752 4.0
vertex -24.984411239624023 3.289260149002075 4.0
vertex -16.558582305908203 4.436858654022217 6.400000095367432
endloop
endfacet
facet normal -0.28053805232048035 0.05580248683691025 0.9582194089889526
outer loop
vertex -24.984411239624023 3.289260149002075 4.0
vertex -16.996047973632812 2.237571954727173 6.400000095367432
vertex -16.558582305908203 4.436858654022217 6.400000095367432
endloop
endfacet
facet normal -0.2854216992855072 0.018707526847720146 0.9582194089889526
outer loop
vertex -24.984411239624023 3.289260149002075 4.0
vertex -25.200000762939453 3.0861099096959454e-15 4.0
vertex -16.996047973632812 2.237571954727173 6.400000095367432
endloop
endfacet
facet normal -0.2854216992855072 0.018707526847720146 0.9582194089889526
outer loop
vertex -25.200000762939453 3.0861099096959454e-15 4.0
vertex -17.1427059173584 2.09937603020923e-15 6.400000095367432
vertex -16.996047973632812 2.237571954727173 6.400000095367432
endloop
endfacet
facet normal -0.2854216992855072 -0.018707526847720146 0.9582194089889526
outer loop
vertex -25.200000762939453 3.0861099096959454e-15 4.0
vertex -24.984411239624023 -3.289260149002075 4.0
vertex -17.1427059173584 2.09937603020923e-15 6.400000095367432
endloop
endfacet
facet normal -0.2854216992855072 -0.018707526847720146 0.9582194089889526
outer loop
vertex -24.984411239624023 -3.289260149002075 4.0
vertex -16.996047973632812 -2.237571954727173 6.400000095367432
vertex -17.1427059173584 2.09937603020923e-15 6.400000095367432
endloop
endfacet
facet normal -0.28053805232048035 -0.05580248683691025 0.9582194089889526
outer loop
vertex -24.984411239624023 -3.289260149002075 4.0
vertex -24.341331481933594 -6.522240161895752 4.0
vertex -16.996047973632812 -2.237571954727173 6.400000095367432
endloop
endfacet
facet normal -0.28053805232048035 -0.05580248683691025 0.9582194089889526
outer loop
vertex -24.341331481933594 -6.522240161895752 4.0
vertex -16.558582305908203 -4.436858654022217 6.400000095367432
vertex -16.996047973632812 -2.237571954727173 6.400000095367432
endloop
endfacet
facet normal -0.27085432410240173 -0.09194265305995941 0.9582194089889526
outer loop
vertex -24.341331481933594 -6.522240161895752 4.0
vertex -23.28176498413086 -9.643622398376465 4.0
vertex -16.558582305908203 -4.436858654022217 6.400000095367432
endloop
endfacet
facet normal -0.27085432410240173 -0.09194265305995941 0.9582194089889526
outer loop
vertex -23.28176498413086 -9.643622398376465 4.0
vertex -15.837794303894043 -6.560229301452637 6.400000095367432
vertex -16.558582305908203 -4.436858654022217 6.400000095367432
endloop
endfacet
facet normal -0.25653618574142456 -0.1265096515417099 0.9582194089889526
outer loop
vertex -23.28176498413086 -9.643622398376465 4.0
vertex -21.823841094970703 -12.600000381469727 4.0
vertex -15.837794303894043 -6.560229301452637 6.400000095367432
endloop
endfacet
facet normal -0.25653618574142456 -0.1265096515417099 0.9582194089889526
outer loop
vertex -21.823841094970703 -12.600000381469727 4.0
vertex -14.84601879119873 -8.5713529586792 6.400000095367432
vertex -15.837794303894043 -6.560229301452637 6.400000095367432
endloop
endfacet
facet normal -0.23782867193222046 -0.1589120328426361 0.9582194089889526
outer loop
vertex -21.823841094970703 -12.600000381469727 4.0
vertex -19.992504119873047 -15.340787887573242 4.0
vertex -14.84601879119873 -8.5713529586792 6.400000095367432
endloop
endfacet
facet normal -0.23782867193222046 -0.1589120328426361 0.9582194089889526
outer loop
vertex -19.992504119873047 -15.340787887573242 4.0
vertex -13.60022258758545 -10.43581771850586 6.400000095367432
vertex -14.84601879119873 -8.5713529586792 6.400000095367432
endloop
endfacet
facet normal -0.2150518298149109 -0.18859539926052094 0.9582194089889526
outer loop
vertex -19.992504119873047 -15.340787887573242 4.0
vertex -17.819091796875 -17.819091796875 4.0
vertex -13.60022258758545 -10.43581771850586 6.400000095367432
endloop
endfacet
facet normal -0.2150518298149109 -0.18859539926052094 0.9582194089889526
outer loop
vertex -17.819091796875 -17.819091796875 4.0
vertex -12.121723175048828 -12.121723175048828 6.400000095367432
vertex -13.60022258758545 -10.43581771850586 6.400000095367432
endloop
endfacet
facet normal -0.18859539926052094 -0.2150518298149109 0.9582194089889526
outer loop
vertex -17.819091796875 -17.819091796875 4.0
vertex -15.340787887573242 -19.992504119873047 4.0
vertex -12.121723175048828 -12.121723175048828 6.400000095367432
endloop
endfacet
facet normal -0.18859539926052094 -0.2150518298149109 0.9582194089889526
outer loop
vertex -15.340787887573242 -19.992504119873047 4.0
vertex -10.43581771850586 -13.60022258758545 6.400000095367432
vertex -12.121723175048828 -12.121723175048828 6.400000095367432
endloop
endfacet
facet normal -0.1589120328426361 -0.23782867193222046 0.9582194089889526
outer loop
vertex -15.340787887573242 -19.992504119873047 4.0
vertex -12.600000381469727 -21.823841094970703 4.0
vertex -10.43581771850586 -13.60022258758545 6.400000095367432
endloop
endfacet
facet normal -0.1589120328426361 -0.23782867193222046 0.9582194089889526
outer loop
vertex -12.600000381469727 -21.823841094970703 4.0
vertex -8.5713529586792 -14.84601879119873 6.400000095367432
vertex -10.43581771850586 -13.60022258758545 6.400000095367432
endloop
endfacet
facet normal -0.1265096515417099 -0.25653618574142456 0.9582194089889526
outer loop
vertex -12.600000381469727 -21.823841094970703 4.0
vertex -9.643622398376465 -23.28176498413086 4.0
vertex -8.5713529586792 -14.84601879119873 6.400000095367432
endloop
endfacet
facet normal -0.1265096515417099 -0.25653618574142456 0.9582194089889526
outer loop
vertex -9.643622398376465 -23.28176498413086 4.0
vertex -6.560229301452637 -15.837794303894043 6.400000095367432
vertex -8.5713529586792 -14.84601879119873 6.400000095367432
endloop
endfacet
facet normal -0.09194265305995941 -0.27085432410240173 0.9582194089889526
outer loop
vertex -9.643622398376465 -23.28176498413086 4.0
vertex -6.522240161895752 -24.341331481933594 4.0
vertex -6.560229301452637 -15.837794303894043 6.400000095367432
endloop
endfacet
facet normal -0.09194265305995941 -0.27085432410240173 0.9582194089889526
outer loop
vertex -6.522240161895752 -24.341331481933594 4.0
vertex -4.436858654022217 -16.558582305908203 6.400000095367432
vertex -6.560229301452637 -15.837794303894043 6.400000095367432
endloop
endfacet
facet normal -0.05580248683691025 -0.28053805232048035 0.9582194089889526
outer loop
vertex -6.522240161895752 -24.341331481933594 4.0
vertex -3.289260149002075 -24.984411239624023 4.0
vertex -4.436858654022217 -16.558582305908203 6.400000095367432
endloop
endfacet
facet normal -0.05580248683691025 -0.28053805232048035 0.9582194089889526
outer loop
vertex -3.289260149002075 -24.984411239624023 4.0
vertex -2.237571954727173 -16.996047973632812 6.400000095367432
vertex -4.436858654022217 -16.558582305908203 6.400000095367432
endloop
endfacet
facet normal -0.018707526847720146 -0.2854216992855072 0.9582194089889526
outer loop
vertex -3.289260149002075 -24.984411239624023 4.0
vertex -4.629165076302155e-15 -25.200000762939453 4.0
vertex -2.237571954727173 -16.996047973632812 6.400000095367432
endloop
endfacet
facet normal -0.018707526847720146 -0.2854216992855072 0.9582194089889526
outer loop
vertex -4.629165076302155e-15 -25.200000762939453 4.0
vertex -3.1490639394347267e-15 -17.1427059173584 6.400000095367432
vertex -2.237571954727173 -16.996047973632812 6.400000095367432
endloop
endfacet
facet normal 0.018707526847720146 -0.2854216992855072 0.9582194089889526
outer loop
vertex -4.629165076302155e-15 -25.200000762939453 4.0
vertex 3.289260149002075 -24.984411239624023 4.0
vertex -3.1490639394347267e-15 -17.1427059173584 6.400000095367432
endloop
endfacet
facet normal 0.018707526847720146 -0.2854216992855072 0.9582194089889526
outer loop
vertex 3.289260149002075 -24.984411239624023 4.0
vertex 2.237571954727173 -16.996047973632812 6.400000095367432
vertex -3.1490639394347267e-15 -17.1427059173584 6.400000095367432
endloop
endfacet
facet normal 0.05580248683691025 -0.28053805232048035 0.9582194089889526
outer loop
vertex 3.289260149002075 -24.984411239624023 4.0
vertex 6.522240161895752 -24.341331481933594 4.0
vertex 2.237571954727173 -16.996047973632812 6.400000095367432
endloop
endfacet
facet normal 0.05580248683691025 -0.28053805232048035 0.9582194089889526
outer loop
vertex 6.522240161895752 -24.341331481933594 4.0
vertex 4.436858654022217 -16.558582305908203 6.400000095367432
vertex 2.237571954727173 -16.996047973632812 6.400000095367432
endloop
endfacet
facet normal 0.09194265305995941 -0.27085432410240173 0.9582194089889526
outer loop
vertex 6.522240161895752 -24.341331481933594 4.0
vertex 9.643622398376465 -23.28176498413086 4.0
vertex 4.436858654022217 -16.558582305908203 6.400000095367432
endloop
endfacet
facet normal 0.09194265305995941 -0.27085432410240173 0.9582194089889526
outer loop
vertex 9.643622398376465 -23.28176498413086 4.0
vertex 6.560229301452637 -15.837794303894043 6.400000095367432
vertex 4.436858654022217 -16.558582305908203 6.400000095367432
endloop
endfacet
facet normal 0.1265096515417099 -0.25653618574142456 0.9582194089889526
outer loop
vertex 9.643622398376465 -23.28176498413086 4.0
vertex 12.600000381469727 -21.823841094970703 4.0
vertex 6.560229301452637 -15.837794303894043 6.400000095367432
endloop
endfacet
facet normal 0.1265096515417099 -0.25653618574142456 0.9582194089889526
outer loop
vertex 12.600000381469727 -21.823841094970703 4.0
vertex 8.5713529586792 -14.84601879119873 6.400000095367432
vertex 6.560229301452637 -15.837794303894043 6.400000095367432
endloop
endfacet
facet normal 0.1589120328426361 -0.23782867193222046 0.9582194089889526
outer loop
vertex 12.600000381469727 -21.823841094970703 4.0
vertex 15.340787887573242 -19.992504119873047 4.0
vertex 8.5713529586792 -14.84601879119873 6.400000095367432
endloop
endfacet
facet normal 0.1589120328426361 -0.23782867193222046 0.9582194089889526
outer loop
vertex 15.340787887573242 -19.992504119873047 4.0
vertex 10.43581771850586 -13.60022258758545 6.400000095367432
vertex 8.5713529586792 -14.84601879119873 6.400000095367432
endloop
endfacet
facet normal 0.18859539926052094 -0.2150518298149109 0.9582194089889526
outer loop
vertex 15.340787887573242 -19.992504119873047 4.0
vertex 17.819091796875 -17.819091796875 4.0
vertex 10.43581771850586 -13.60022258758545 6.400000095367432
endloop
endfacet
facet normal 0.18859539926052094 -0.2150518298149109 0.9582194089889526
outer loop
vertex 17.819091796875 -17.819091796875 4.0
vertex 12.121723175048828 -12.121723175048828 6.400000095367432
vertex 10.43581771850586 -13.60022258758545 6.400000095367432
endloop
endfacet
facet normal 0.2150518298149109 -0.18859539926052094 0.9582194089889526
outer loop
vertex 17.819091796875 -17.819091796875 4.0
vertex 19.992504119873047 -15.340787887573242 4.0
vertex 12.121723175048828 -12.121723175048828 6.400000095367432
endloop
endfacet
facet normal 0.2150518298149109 -0.18859539926052094 0.9582194089889526
outer loop
vertex 19.992504119873047 -15.340787887573242 4.0
vertex 13.60022258758545 -10.43581771850586 6.400000095367432
vertex 12.121723175048828 -12.121723175048828 6.400000095367432
endloop
endfacet
facet normal 0.23782867193222046 -0.1589120328426361 0.9582194089889526
outer loop
vertex 19.992504119873047 -15.340787887573242 4.0
vertex 21.823841094970703 -12.600000381469727 4.0
vertex 13.60022258758545 -10.43581771850586 6.400000095367432
endloop
endfacet
facet normal 0.23782867193222046 -0.1589120328426361 0.9582194089889526
outer loop
vertex 21.823841094970703 -12.600000381469727 4.0
vertex 14.84601879119873 -8.5713529586792 6.400000095367432
vertex 13.60022258758545 -10.43581771850586 6.400000095367432
endloop
endfacet
facet normal 0.25653618574142456 -0.1265096515417099 0.9582194089889526
outer loop
vertex 21.823841094970703 -12.600000381469727 4.0
vertex 23.28176498413086 -9.643622398376465 4.0
vertex 14.84601879119873 -8.5713529586792 6.400000095367432
endloop
endfacet
facet normal 0.25653618574142456 -0.1265096515417099 0.9582194089889526
outer loop
vertex 23.28176498413086 -9.643622398376465 4.0
vertex 15.837794303894043 -6.560229301452637 6.400000095367432
vertex 14.84601879119873 -8.5713529586792 6.400000095367432
endloop
endfacet
facet normal 0.27085432410240173 -0.09194265305995941 0.9582194089889526
outer loop
vertex 23.28176498413086 -9.643622398376465 4.0
vertex 24.341331481933594 -6.522240161895752 4.0
vertex 15.837794303894043 -6.560229301452637 6.400000095367432
endloop
endfacet
facet normal 0.27085432410240173 -0.09194265305995941 0.9582194089889526
outer loop
vertex 24.341331481933594 -6.522240161895752 4.0
vertex 16.558582305908203 -4.436858654022217 6.400000095367432
vertex 15.837794303894043 -6.560229301452637 6.400000095367432
endloop
endfacet
facet normal 0.28053805232048035 -0.05580248683691025 0.9582194089889526
outer loop
vertex 24.341331481933594 -6.522240161895752 4.0
vertex 24.984411239624023 -3.289260149002075 4.0
vertex 16.558582305908203 -4.436858654022217 6.400000095367432
endloop
endfacet
facet normal 0.28053805232048035 -0.05580248683691025 0.9582194089889526
outer loop
vertex 24.984411239624023 -3.289260149002075 4.0
vertex 16.996047973632812 -2.237571954727173 6.400000095367432
vertex 16.558582305908203 -4.436858654022217 6.400000095367432
endloop
endfacet
facet normal 0.2854216992855072 -0.018707526847720146 0.9582194089889526
outer loop
vertex 24.984411239624023 -3.289260149002075 4.0
vertex 25.200000762939453 0.0 4.0
vertex 16.996047973632812 -2.237571954727173 6.400000095367432
endloop
endfacet
facet normal 0.2854216992855072 -0.018707526847720146 0.9582194089889526
outer loop
vertex 25.200000762939453 0.0 4.0
vertex 17.1427059173584 0.0 6.400000095367432
vertex 16.996047973632812 -2.237571954727173 6.400000095367432
endloop
endfacet
facet normal -0.2854216992855072 -0.018707526847720146 0.9582194089889526
outer loop
vertex 17.1427059173584 0.0 6.400000095367432
vertex 16.996047973632812 2.237571954727173 6.400000095367432
vertex 9.085411071777344 0.0 4.0
endloop
endfacet
facet normal -0.2854216992855072 -0.018707526847720146 0.9582194089889526
outer loop
vertex 16.996047973632812 2.237571954727173 6.400000095367432
vertex 9.007683753967285 1.1858841180801392 4.0
vertex 9.085411071777344 0.0 4.0
endloop
endfacet
facet normal -0.28053805232048035 -0.05580248683691025 0.9582194089889526
outer loop
vertex 16.996047973632812 2.237571954727173 6.400000095367432
vertex 16.558582305908203 4.436858654022217 6.400000095367432
vertex 9.007683753967285 1.1858841180801392 4.0
endloop
endfacet
facet normal -0.28053805232048035 -0.05580248683691025 0.9582194089889526
outer loop
vertex 16.558582305908203 4.436858654022217 6.400000095367432
vertex 8.775833129882812 2.3514773845672607 4.0
vertex 9.007683753967285 1.1858841180801392 4.0
endloop
endfacet
facet normal -0.27085432410240173 -0.09194265305995941 0.9582194089889526
outer loop
vertex 16.558582305908203 4.436858654022217 6.400000095367432
vertex 15.837794303894043 6.560229301452637 6.400000095367432
vertex 8.775833129882812 2.3514773845672607 4.0
endloop
endfacet
facet normal -0.27085432410240173 -0.09194265305995941 0.9582194089889526
outer loop
vertex 15.837794303894043 6.560229301452637 6.400000095367432
vertex 8.39382553100586 3.4768362045288086 4.0
vertex 8.775833129882812 2.3514773845672607 4.0
endloop
endfacet
facet normal -0.25653618574142456 -0.1265096515417099 0.9582194089889526
outer loop
vertex 15.837794303894043 6.560229301452637 6.400000095367432
vertex 14.84601879119873 8.5713529586792 6.400000095367432
vertex 8.39382553100586 3.4768362045288086 4.0
endloop
endfacet
facet normal -0.25653618574142456 -0.1265096515417099 0.9582194089889526
outer loop
vertex 14.84601879119873 8.5713529586792 6.400000095367432
vertex 7.868196487426758 4.542705535888672 4.0
vertex 8.39382553100586 3.4768362045288086 4.0
endloop
endfacet
facet normal -0.23782867193222046 -0.1589120328426361 0.9582194089889526
outer loop
vertex 14.84601879119873 8.5713529586792 6.400000095367432
vertex 13.60022258758545 10.43581771850586 6.400000095367432
vertex 7.868196487426758 4.542705535888672 4.0
endloop
endfacet
facet normal -0.23782867193222046 -0.1589120328426361 0.9582194089889526
outer loop
vertex 13.60022258758545 10.43581771850586 6.400000095367432
vertex 7.207941055297852 5.530847549438477 4.0
vertex 7.868196487426758 4.542705535888672 4.0
endloop
endfacet
facet normal -0.2150518298149109 -0.18859539926052094 0.9582194089889526
outer loop
vertex 13.60022258758545 10.43581771850586 6.400000095367432
vertex 12.121723175048828 12.121723175048828 6.400000095367432
vertex 7.207941055297852 5.530847549438477 4.0
endloop
endfacet
facet normal -0.2150518298149109 -0.18859539926052094 0.9582194089889526
outer loop
vertex 12.121723175048828 12.121723175048828 6.400000095367432
vertex 6.424355506896973 6.424355506896973 4.0
vertex 7.207941055297852 5.530847549438477 4.0
endloop
endfacet
facet normal -0.18859539926052094 -0.2150518298149109 0.9582194089889526
outer loop
vertex 12.121723175048828 12.121723175048828 6.400000095367432
vertex 10.43581771850586 13.60022258758545 6.400000095367432
vertex 6.424355506896973 6.424355506896973 4.0
endloop
endfacet
facet normal -0.18859539926052094 -0.2150518298149109 0.9582194089889526
outer loop
vertex 10.43581771850586 13.60022258758545 6.400000095367432
vertex 5.530847549438477 7.207941055297852 4.0
vertex 6.424355506896973 6.424355506896973 4.0
endloop
endfacet
facet normal -0.1589120328426361 -0.23782867193222046 0.9582194089889526
outer loop
vertex 10.43581771850586 13.60022258758545 6.400000095367432
vertex 8.5713529586792 14.84601879119873 6.400000095367432
vertex 5.530847549438477 7.207941055297852 4.0
endloop
endfacet
facet normal -0.1589120328426361 -0.23782867193222046 0.9582194089889526
outer loop
vertex 8.5713529586792 14.84601879119873 6.400000095367432
vertex 4.542705535888672 7.868196487426758 4.0
vertex 5.530847549438477 7.207941055297852 4.0
endloop
endfacet
facet normal -0.1265096515417099 -0.25653618574142456 0.9582194089889526
outer loop
vertex 8.5713529586792 14.84601879119873 6.400000095367432
vertex 6.560229301452637 15.837794303894043 6.400000095367432
vertex 4.542705535888672 7.868196487426758 4.0
endloop
endfacet
facet normal -0.1265096515417099 -0.25653618574142456 0.9582194089889526
outer loop
vertex 6.560229301452637 15.837794303894043 6.400000095367432
vertex 3.4768362045288086 8.39382553100586 4.0
vertex 4.542705535888672 7.868196487426758 4.0
endloop
endfacet
facet normal -0.09194265305995941 -0.27085432410240173 0.9582194089889526
outer loop
vertex 6.560229301452637 15.837794303894043 6.400000095367432
vertex 4.436858654022217 16.558582305908203 6.400000095367432
vertex 3.4768362045288086 8.39382553100586 4.0
endloop
endfacet
facet normal -0.09194265305995941 -0.27085432410240173 0.9582194089889526
outer loop
vertex 4.436858654022217 16.558582305908203 6.400000095367432
vertex 2.3514773845672607 8.775833129882812 4.0
vertex 3.4768362045288086 8.39382553100586 4.0
endloop
endfacet
facet normal -0.05580248683691025 -0.28053805232048035 0.9582194089889526
outer loop
vertex 4.436858654022217 16.558582305908203 6.400000095367432
vertex 2.237571954727173 16.996047973632812 6.400000095367432
vertex 2.3514773845672607 8.775833129882812 4.0
endloop
endfacet
facet normal -0.05580248683691025 -0.28053805232048035 0.9582194089889526
outer loop
vertex 2.237571954727173 16.996047973632812 6.400000095367432
vertex 1.1858841180801392 9.007683753967285 4.0
vertex 2.3514773845672607 8.775833129882812 4.0
endloop
endfacet
facet normal -0.018707526847720146 -0.2854216992855072 0.9582194089889526
outer loop
vertex 2.237571954727173 16.996047973632812 6.400000095367432
vertex 1.049688015104615e-15 17.1427059173584 6.400000095367432
vertex 1.1858841180801392 9.007683753967285 4.0
endloop
endfacet
facet normal -0.018707526847720146 -0.2854216992855072 0.9582194089889526
outer loop
vertex 1.049688015104615e-15 17.1427059173584 6.400000095367432
vertex 5.56320969482139e-16 9.085411071777344 4.0
vertex 1.1858841180801392 9.007683753967285 4.0
endloop
endfacet
facet normal 0.018707526847720146 -0.2854216992855072 0.9582194089889526
outer loop
vertex 1.049688015104615e-15 17.1427059173584 6.400000095367432
vertex -2.237571954727173 16.996047973632812 6.400000095367432
vertex 5.56320969482139e-16 9.085411071777344 4.0
endloop
endfacet
facet normal 0.018707526847720146 -0.2854216992855072 0.9582194089889526
outer loop
vertex -2.237571954727173 16.996047973632812 6.400000095367432
vertex -1.1858841180801392 9.007683753967285 4.0
vertex 5.56320969482139e-16 9.085411071777344 4.0
endloop
endfacet
facet normal 0.05580248683691025 -0.28053805232048035 0.9582194089889526
outer loop
vertex -2.237571954727173 16.996047973632812 6.400000095367432
vertex -4.436858654022217 16.558582305908203 6.400000095367432
vertex -1.1858841180801392 9.007683753967285 4.0
endloop
endfacet
facet normal 0.05580248683691025 -0.28053805232048035 0.9582194089889526
outer loop
vertex -4.436858654022217 16.558582305908203 6.400000095367432
vertex -2.3514773845672607 8.775833129882812 4.0
vertex -1.1858841180801392 9.007683753967285 4.0
endloop
endfacet
facet normal 0.09194265305995941 -0.27085432410240173 0.9582194089889526
outer loop
vertex -4.436858654022217 16.558582305908203 6.400000095367432
vertex -6.560229301452637 15.837794303894043 6.400000095367432
vertex -2.3514773845672607 8.775833129882812 4.0
endloop
endfacet
facet normal 0.09194265305995941 -0.27085432410240173 0.9582194089889526
outer loop
vertex -6.560229301452637 15.837794303894043 6.400000095367432
vertex -3.4768362045288086 8.39382553100586 4.0
vertex -2.3514773845672607 8.775833129882812 4.0
endloop
endfacet
facet normal 0.1265096515417099 -0.25653618574142456 0.9582194089889526
outer loop
vertex -6.560229301452637 15.837794303894043 6.400000095367432
vertex -8.5713529586792 14.84601879119873 6.400000095367432
vertex -3.4768362045288086 8.39382553100586 4.0
endloop
endfacet
facet normal 0.1265096515417099 -0.25653618574142456 0.9582194089889526
outer loop
vertex -8.5713529586792 14.84601879119873 6.400000095367432
vertex -4.542705535888672 7.868196487426758 4.0
vertex -3.4768362045288086 8.39382553100586 4.0
endloop
endfacet
facet normal 0.1589120328426361 -0.23782867193222046 0.9582194089889526
outer loop
vertex -8.5713529586792 14.84601879119873 6.400000095367432
vertex -10.43581771850586 13.60022258758545 6.400000095367432
vertex -4.542705535888672 7.868196487426758 4.0
endloop
endfacet
facet normal 0.1589120328426361 -0.23782867193222046 0.9582194089889526
outer loop
vertex -10.43581771850586 13.60022258758545 6.400000095367432
vertex -5.530847549438477 7.207941055297852 4.0
vertex -4.542705535888672 7.868196487426758 4.0
endloop
endfacet
facet normal 0.18859539926052094 -0.2150518298149109 0.9582194089889526
outer loop
vertex -10.43581771850586 13.60022258758545 6.400000095367432
vertex -12.121723175048828 12.121723175048828 6.400000095367432
vertex -5.530847549438477 7.207941055297852 4.0
endloop
endfacet
facet normal 0.18859539926052094 -0.2150518298149109 0.9582194089889526
outer loop
vertex -12.121723175048828 12.121723175048828 6.400000095367432
vertex -6.424355506896973 6.424355506896973 4.0
vertex -5.530847549438477 7.207941055297852 4.0
endloop
endfacet
facet normal 0.2150518298149109 -0.18859539926052094 0.9582194089889526
outer loop
vertex -12.121723175048828 12.121723175048828 6.400000095367432
vertex -13.60022258758545 10.43581771850586 6.400000095367432
vertex -6.424355506896973 6.424355506896973 4.0
endloop
endfacet
facet normal 0.2150518298149109 -0.18859539926052094 0.9582194089889526
outer loop
vertex -13.60022258758545 10.43581771850586 6.400000095367432
vertex -7.207941055297852 5.530847549438477 4.0
vertex -6.424355506896973 6.424355506896973 4.0
endloop
endfacet
facet normal 0.23782867193222046 -0.1589120328426361 0.9582194089889526
outer loop
vertex -13.60022258758545 10.43581771850586 6.400000095367432
vertex -14.84601879119873 8.5713529586792 6.400000095367432
vertex -7.207941055297852 5.530847549438477 4.0
endloop
endfacet
facet normal 0.23782867193222046 -0.1589120328426361 0.9582194089889526
outer loop
vertex -14.84601879119873 8.5713529586792 6.400000095367432
vertex -7.868196487426758 4.542705535888672 4.0
vertex -7.207941055297852 5.530847549438477 4.0
endloop
endfacet
facet normal 0.25653618574142456 -0.1265096515417099 0.9582194089889526
outer loop
vertex -14.84601879119873 8.5713529586792 6.400000095367432
vertex -15.837794303894043 6.560229301452637 6.400000095367432
vertex -7.868196487426758 4.542705535888672 4.0
endloop
endfacet
facet normal 0.25653618574142456 -0.1265096515417099 0.9582194089889526
outer loop
vertex -15.837794303894043 6.560229301452637 6.400000095367432
vertex -8.39382553100586 3.4768362045288086 4.0
vertex -7.868196487426758 4.542705535888672 4.0
endloop
endfacet
facet normal 0.27085432410240173 -0.09194265305995941 0.9582194089889526
outer loop
vertex -15.837794303894043 6.560229301452637 6.400000095367432
vertex -16.558582305908203 4.436858654022217 6.400000095367432
vertex -8.39382553100586 3.4768362045288086 4.0
endloop
endfacet
facet normal 0.27085432410240173 -0.09194265305995941 0.9582194089889526
outer loop
vertex -16.558582305908203 4.436858654022217 6.400000095367432
vertex -8.775833129882812 2.3514773845672607 4.0
vertex -8.39382553100586 3.4768362045288086 4.0
endloop
endfacet
facet normal 0.28053805232048035 -0.05580248683691025 0.9582194089889526
outer loop
vertex -16.558582305908203 4.436858654022217 6.400000095367432
vertex -16.996047973632812 2.237571954727173 6.400000095367432
vertex -8.775833129882812 2.3514773845672607 4.0
endloop
endfacet
facet normal 0.28053805232048035 -0.05580248683691025 0.9582194089889526
outer loop
vertex -16.996047973632812 2.237571954727173 6.400000095367432
vertex -9.007683753967285 1.1858841180801392 4.0
vertex -8.775833129882812 2.3514773845672607 4.0
endloop
endfacet
facet normal 0.2854216992855072 -0.018707526847720146 0.9582194089889526
outer loop
vertex -16.996047973632812 2.237571954727173 6.400000095367432
vertex -17.1427059173584 2.09937603020923e-15 6.400000095367432
vertex -9.007683753967285 1.1858841180801392 4.0
endloop
endfacet
facet normal 0.2854216992855072 -0.018707526847720146 0.9582194089889526
outer loop
vertex -17.1427059173584 2.09937603020923e-15 6.400000095367432
vertex -9.085411071777344 1.112641938964278e-15 4.0
vertex -9.007683753967285 1.1858841180801392 4.0
endloop
endfacet
facet normal 0.2854216992855072 0.018707526847720146 0.9582194089889526
outer loop
vertex -17.1427059173584 2.09937603020923e-15 6.400000095367432
vertex -16.996047973632812 -2.237571954727173 6.400000095367432
vertex -9.085411071777344 1.112641938964278e-15 4.0
endloop
endfacet
facet normal 0.2854216992855072 0.018707526847720146 0.9582194089889526
outer loop
vertex -16.996047973632812 -2.237571954727173 6.400000095367432
vertex -9.007683753967285 -1.1858841180801392 4.0
vertex -9.085411071777344 1.112641938964278e-15 4.0
endloop
endfacet
facet normal 0.28053805232048035 0.05580248683691025 0.9582194089889526
outer loop
vertex -16.996047973632812 -2.237571954727173 6.400000095367432
vertex -16.558582305908203 -4.436858654022217 6.400000095367432
vertex -9.007683753967285 -1.1858841180801392 4.0
endloop
endfacet
facet normal 0.28053805232048035 0.05580248683691025 0.9582194089889526
outer loop
vertex -16.558582305908203 -4.436858654022217 6.400000095367432
vertex -8.775833129882812 -2.3514773845672607 4.0
vertex -9.007683753967285 -1.1858841180801392 4.0
endloop
endfacet
facet normal 0.27085432410240173 0.09194265305995941 0.9582194089889526
outer loop
vertex -16.558582305908203 -4.436858654022217 6.400000095367432
vertex -15.837794303894043 -6.560229301452637 6.400000095367432
vertex -8.775833129882812 -2.3514773845672607 4.0
endloop
endfacet
facet normal 0.27085432410240173 0.09194265305995941 0.9582194089889526
outer loop
vertex -15.837794303894043 -6.560229301452637 6.400000095367432
vertex -8.39382553100586 -3.4768362045288086 4.0
vertex -8.775833129882812 -2.3514773845672607 4.0
endloop
endfacet
facet normal 0.25653618574142456 0.1265096515417099 0.9582194089889526
outer loop
vertex -15.837794303894043 -6.560229301452637 6.400000095367432
vertex -14.84601879119873 -8.5713529586792 6.400000095367432
vertex -8.39382553100586 -3.4768362045288086 4.0
endloop
endfacet
facet normal 0.25653618574142456 0.1265096515417099 0.9582194089889526
outer loop
vertex -14.84601879119873 -8.5713529586792 6.400000095367432
vertex -7.868196487426758 -4.542705535888672 4.0
vertex -8.39382553100586 -3.4768362045288086 4.0
endloop
endfacet
facet normal 0.23782867193222046 0.1589120328426361 0.9582194089889526
outer loop
vertex -14.84601879119873 -8.5713529586792 6.400000095367432
vertex -13.60022258758545 -10.43581771850586 6.400000095367432
vertex -7.868196487426758 -4.542705535888672 4.0
endloop
endfacet
facet normal 0.23782867193222046 0.1589120328426361 0.9582194089889526
outer loop
vertex -13.60022258758545 -10.43581771850586 6.400000095367432
vertex -7.207941055297852 -5.530847549438477 4.0
vertex -7.868196487426758 -4.542705535888672 4.0
endloop
endfacet
facet normal 0.2150518298149109 0.18859539926052094 0.9582194089889526
outer loop
vertex -13.60022258758545 -10.43581771850586 6.400000095367432
vertex -12.121723175048828 -12.121723175048828 6.400000095367432
vertex -7.207941055297852 -5.530847549438477 4.0
endloop
endfacet
facet normal 0.2150518298149109 0.18859539926052094 0.9582194089889526
outer loop
vertex -12.121723175048828 -12.121723175048828 6.400000095367432
vertex -6.424355506896973 -6.424355506896973 4.0
vertex -7.207941055297852 -5.530847549438477 4.0
endloop
endfacet
facet normal 0.18859539926052094 0.2150518298149109 0.9582194089889526
outer loop
vertex -12.121723175048828 -12.121723175048828 6.400000095367432
vertex -10.43581771850586 -13.60022258758545 6.400000095367432
vertex -6.424355506896973 -6.424355506896973 4.0
endloop
endfacet
facet normal 0.18859539926052094 0.2150518298149109 0.9582194089889526
outer loop
vertex -10.43581771850586 -13.60022258758545 6.400000095367432
vertex -5.530847549438477 -7.207941055297852 4.0
vertex -6.424355506896973 -6.424355506896973 4.0
endloop
endfacet
facet normal 0.1589120328426361 0.23782867193222046 0.9582194089889526
outer loop
vertex -10.43581771850586 -13.60022258758545 6.400000095367432
vertex -8.5713529586792 -14.84601879119873 6.400000095367432
vertex -5.530847549438477 -7.207941055297852 4.0
endloop
endfacet
facet normal 0.1589120328426361 0.23782867193222046 0.9582194089889526
outer loop
vertex -8.5713529586792 -14.84601879119873 6.400000095367432
vertex -4.542705535888672 -7.868196487426758 4.0
vertex -5.530847549438477 -7.207941055297852 4.0
endloop
endfacet
facet normal 0.1265096515417099 0.25653618574142456 0.9582194089889526
outer loop
vertex -8.5713529586792 -14.84601879119873 6.400000095367432
vertex -6.560229301452637 -15.837794303894043 6.400000095367432
vertex -4.542705535888672 -7.868196487426758 4.0
endloop
endfacet
facet normal 0.1265096515417099 0.25653618574142456 0.9582194089889526
outer loop
vertex -6.560229301452637 -15.837794303894043 6.400000095367432
vertex -3.4768362045288086 -8.39382553100586 4.0
vertex -4.542705535888672 -7.868196487426758 4.0
endloop
endfacet
facet normal 0.09194265305995941 0.27085432410240173 0.9582194089889526
outer loop
vertex -6.560229301452637 -15.837794303894043 6.400000095367432
vertex -4.436858654022217 -16.558582305908203 6.400000095367432
vertex -3.4768362045288086 -8.39382553100586 4.0
endloop
endfacet
facet normal 0.09194265305995941 0.27085432410240173 0.9582194089889526
outer loop
vertex -4.436858654022217 -16.558582305908203 6.400000095367432
vertex -2.3514773845672607 -8.775833129882812 4.0
vertex -3.4768362045288086 -8.39382553100586 4.0
endloop
endfacet
facet normal 0.05580248683691025 0.28053805232048035 0.9582194089889526
outer loop
vertex -4.436858654022217 -16.558582305908203 6.400000095367432
vertex -2.237571954727173 -16.996047973632812 6.400000095367432
vertex -2.3514773845672607 -8.775833129882812 4.0
endloop
endfacet
facet normal 0.05580248683691025 0.28053805232048035 0.9582194089889526
outer loop
vertex -2.237571954727173 -16.996047973632812 6.400000095367432
vertex -1.1858841180801392 -9.007683753967285 4.0
vertex -2.3514773845672607 -8.775833129882812 4.0
endloop
endfacet
facet normal 0.018707526847720146 0.2854216992855072 0.9582194089889526
outer loop
vertex -2.237571954727173 -16.996047973632812 6.400000095367432
vertex -3.1490639394347267e-15 -17.1427059173584 6.400000095367432
vertex -1.1858841180801392 -9.007683753967285 4.0
endloop
endfacet
facet normal 0.018707526847720146 0.2854216992855072 0.9582194089889526
outer loop
vertex -3.1490639394347267e-15 -17.1427059173584 6.400000095367432
vertex -1.668962908446417e-15 -9.085411071777344 4.0
vertex -1.1858841180801392 -9.007683753967285 4.0
endloop
endfacet
facet normal -0.018707526847720146 0.2854216992855072 0.9582194089889526
outer loop
vertex -3.1490639394347267e-15 -17.1427059173584 6.400000095367432
vertex 2.237571954727173 -16.996047973632812 6.400000095367432
vertex -1.668962908446417e-15 -9.085411071777344 4.0
endloop
endfacet
facet normal -0.018707526847720146 0.2854216992855072 0.9582194089889526
outer loop
vertex 2.237571954727173 -16.996047973632812 6.400000095367432
vertex 1.1858841180801392 -9.007683753967285 4.0
vertex -1.668962908446417e-15 -9.085411071777344 4.0
endloop
endfacet
facet normal -0.05580248683691025 0.28053805232048035 0.9582194089889526
outer loop
vertex 2.237571954727173 -16.996047973632812 6.400000095367432
vertex 4.436858654022217 -16.558582305908203 6.400000095367432
vertex 1.1858841180801392 -9.007683753967285 4.0
endloop
endfacet
facet normal -0.05580248683691025 0.28053805232048035 0.9582194089889526
outer loop
vertex 4.436858654022217 -16.558582305908203 6.400000095367432
vertex 2.3514773845672607 -8.775833129882812 4.0
vertex 1.1858841180801392 -9.007683753967285 4.0
endloop
endfacet
facet normal -0.09194265305995941 0.27085432410240173 0.9582194089889526
outer loop
vertex 4.436858654022217 -16.558582305908203 6.400000095367432
vertex 6.560229301452637 -15.837794303894043 6.400000095367432
vertex 2.3514773845672607 -8.775833129882812 4.0
endloop
endfacet
facet normal -0.09194265305995941 0.27085432410240173 0.9582194089889526
outer loop
vertex 6.560229301452637 -15.837794303894043 6.400000095367432
vertex 3.4768362045288086 -8.39382553100586 4.0
vertex 2.3514773845672607 -8.775833129882812 4.0
endloop
endfacet
facet normal -0.1265096515417099 0.25653618574142456 0.9582194089889526
outer loop
vertex 6.560229301452637 -15.837794303894043 6.400000095367432
vertex 8.5713529586792 -14.84601879119873 6.400000095367432
vertex 3.4768362045288086 -8.39382553100586 4.0
endloop
endfacet
facet normal -0.1265096515417099 0.25653618574142456 0.9582194089889526
outer loop
vertex 8.5713529586792 -14.84601879119873 6.400000095367432
vertex 4.542705535888672 -7.868196487426758 4.0
vertex 3.4768362045288086 -8.39382553100586 4.0
endloop
endfacet
facet normal -0.1589120328426361 0.23782867193222046 0.9582194089889526
outer loop
vertex 8.5713529586792 -14.84601879119873 6.400000095367432
vertex 10.43581771850586 -13.60022258758545 6.400000095367432
vertex 4.542705535888672 -7.868196487426758 4.0
endloop
endfacet
facet normal -0.1589120328426361 0.23782867193222046 0.9582194089889526
outer loop
vertex 10.43581771850586 -13.60022258758545 6.400000095367432
vertex 5.530847549438477 -7.207941055297852 4.0
vertex 4.542705535888672 -7.868196487426758 4.0
endloop
endfacet
facet normal -0.18859539926052094 0.2150518298149109 0.9582194089889526
outer loop
vertex 10.43581771850586 -13.60022258758545 6.400000095367432
vertex 12.121723175048828 -12.121723175048828 6.400000095367432
vertex 5.530847549438477 -7.207941055297852 4.0
endloop
endfacet
facet normal -0.18859539926052094 0.2150518298149109 0.9582194089889526
outer loop
vertex 12.121723175048828 -12.121723175048828 6.400000095367432
vertex 6.424355506896973 -6.424355506896973 4.0
vertex 5.530847549438477 -7.207941055297852 4.0
endloop
endfacet
facet normal -0.2150518298149109 0.18859539926052094 0.9582194089889526
outer loop
vertex 12.121723175048828 -12.121723175048828 6.400000095367432
vertex 13.60022258758545 -10.43581771850586 6.400000095367432
vertex 6.424355506896973 -6.424355506896973 4.0
endloop
endfacet
facet normal -0.2150518298149109 0.18859539926052094 0.9582194089889526
outer loop
vertex 13.60022258758545 -10.43581771850586 6.400000095367432
vertex 7.207941055297852 -5.530847549438477 4.0
vertex 6.424355506896973 -6.424355506896973 4.0
endloop
endfacet
facet normal -0.23782867193222046 0.1589120328426361 0.9582194089889526
outer loop
vertex 13.60022258758545 -10.43581771850586 6.400000095367432
vertex 14.84601879119873 -8.5713529586792 6.400000095367432
vertex 7.207941055297852 -5.530847549438477 4.0
endloop
endfacet
facet normal -0.23782867193222046 0.1589120328426361 0.9582194089889526
outer loop
vertex 14.84601879119873 -8.5713529586792 6.400000095367432
vertex 7.868196487426758 -4.542705535888672 4.0
vertex 7.207941055297852 -5.530847549438477 4.0
endloop
endfacet
facet normal -0.25653618574142456 0.1265096515417099 0.9582194089889526
outer loop
vertex 14.84601879119873 -8.5713529586792 6.400000095367432
vertex 15.837794303894043 -6.560229301452637 6.400000095367432
vertex 7.868196487426758 -4.542705535888672 4.0
endloop
endfacet
facet normal -0.25653618574142456 0.1265096515417099 0.9582194089889526
outer loop
vertex 15.837794303894043 -6.560229301452637 6.400000095367432
vertex 8.39382553100586 -3.4768362045288086 4.0
vertex 7.868196487426758 -4.542705535888672 4.0
endloop
endfacet
facet normal -0.27085432410240173 0.09194265305995941 0.9582194089889526
outer loop
vertex 15.837794303894043 -6.560229301452637 6.400000095367432
vertex 16.558582305908203 -4.436858654022217 6.400000095367432
vertex 8.39382553100586 -3.4768362045288086 4.0
endloop
endfacet
facet normal -0.27085432410240173 0.09194265305995941 0.9582194089889526
outer loop
vertex 16.558582305908203 -4.436858654022217 6.400000095367432
vertex 8.775833129882812 -2.3514773845672607 4.0
vertex 8.39382553100586 -3.4768362045288086 4.0
endloop
endfacet
facet normal -0.28053805232048035 0.05580248683691025 0.9582194089889526
outer loop
vertex 16.558582305908203 -4.436858654022217 6.400000095367432
vertex 16.996047973632812 -2.237571954727173 6.400000095367432
vertex 8.775833129882812 -2.3514773845672607 4.0
endloop
endfacet
facet normal -0.28053805232048035 0.05580248683691025 0.9582194089889526
outer loop
vertex 16.996047973632812 -2.237571954727173 6.400000095367432
vertex 9.007683753967285 -1.1858841180801392 4.0
vertex 8.775833129882812 -2.3514773845672607 4.0
endloop
endfacet
facet normal -0.2854216992855072 0.018707526847720146 0.9582194089889526
outer loop
vertex 16.996047973632812 -2.237571954727173 6.400000095367432
vertex 17.1427059173584 0.0 6.400000095367432
vertex 9.007683753967285 -1.1858841180801392 4.0
endloop
endfacet
facet normal -0.2854216992855072 0.018707526847720146 0.9582194089889526
outer loop
vertex 17.1427059173584 0.0 6.400000095367432
vertex 9.085411071777344 0.0 4.0
vertex 9.007683753967285 -1.1858841180801392 4.0
endloop
endfacet
facet normal 0.9960135221481323 0.0652821734547615 0.0607890784740448
outer loop
vertex 9.085411071777344 0.0 4.0
vertex 9.007683753967285 1.1858841180801392 4.0
vertex 8.780791282653809 0.9228983521461487 8.0
endloop
endfacet
facet normal 0.9833489060401917 0.1689702421426773 0.06688782572746277
outer loop
vertex 9.007683753967285 1.1858841180801392 4.0
vertex 8.58520793914795 2.061126232147217 8.0
vertex 8.780791282653809 0.9228983521461487 8.0
endloop
endfacet
facet normal 0.9789714217185974 0.1947295218706131 0.0607890784740448
outer loop
vertex 9.007683753967285 1.1858841180801392 4.0
vertex 8.775833129882812 2.3514773845672607 4.0
vertex 8.58520793914795 2.061126232147217 8.0
endloop
endfacet
facet normal 0.9528811573982239 0.29587745666503906 0.06688782572746277
outer loop
vertex 8.775833129882812 2.3514773845672607 4.0
vertex 8.242729187011719 3.1640875339508057 8.0
vertex 8.58520793914795 2.061126232147217 8.0
endloop
endfacet
facet normal 0.9451789259910583 0.32084500789642334 0.0607890784740448
outer loop
vertex 8.775833129882812 2.3514773845672607 4.0
vertex 8.39382553100586 3.4768362045288086 4.0
vertex 8.242729187011719 3.1640875339508057 8.0
endloop
endfacet
facet normal 0.9061093926429749 0.4177221357822418 0.06688782572746277
outer loop
vertex 8.39382553100586 3.4768362045288086 4.0
vertex 7.759215831756592 4.212910175323486 8.0
vertex 8.242729187011719 3.1640875339508057 8.0
endloop
endfacet
facet normal 0.8952140808105469 0.441470742225647 0.0607890784740448
outer loop
vertex 8.39382553100586 3.4768362045288086 4.0
vertex 7.868196487426758 4.542705535888672 4.0
vertex 7.759215831756592 4.212910175323486 8.0
endloop
endfacet
facet normal 0.8438338041305542 0.5324195027351379 0.06688782572746277
outer loop
vertex 7.868196487426758 4.542705535888672 4.0
vertex 7.14293909072876 5.1896491050720215 8.0
vertex 7.759215831756592 4.212910175323486 8.0
endloop
endfacet
facet normal 0.829931914806366 0.5545427799224854 0.0607890784740448
outer loop
vertex 7.868196487426758 4.542705535888672 4.0
vertex 7.207941055297852 5.530847549438477 4.0
vertex 7.14293909072876 5.1896491050720215 8.0
endloop
endfacet
facet normal 0.7671200037002563 0.6380069851875305 0.06688782572746277
outer loop
vertex 7.207941055297852 5.530847549438477 4.0
vertex 6.404445171356201 6.077591896057129 8.0
vertex 7.14293909072876 5.1896491050720215 8.0
endloop
endfacet
facet normal 0.7504493594169617 0.6581264138221741 0.0607890784740448
outer loop
vertex 7.207941055297852 5.530847549438477 4.0
vertex 6.424355506896973 6.424355506896973 4.0
vertex 6.404445171356201 6.077591896057129 8.0
endloop
endfacet
facet normal 0.6772805452346802 0.7326779961585999 0.06688782572746277
outer loop
vertex 6.424355506896973 6.424355506896973 4.0
vertex 5.556369304656982 6.861545085906982 8.0
vertex 6.404445171356201 6.077591896057129 8.0
endloop
endfacet
facet normal 0.6581264138221741 0.7504493594169617 0.0607890784740448
outer loop
vertex 6.424355506896973 6.424355506896973 4.0
vertex 5.530847549438477 7.207941055297852 4.0
vertex 5.556369304656982 6.861545085906982 8.0
endloop
endfacet
facet normal 0.5758526921272278 0.8148126602172852 0.06688782572746277
outer loop
vertex 5.530847549438477 7.207941055297852 4.0
vertex 4.613222599029541 7.528095245361328 8.0
vertex 5.556369304656982 6.861545085906982 8.0
endloop
endfacet
facet normal 0.5545427799224854 0.829931914806366 0.0607890784740448
outer loop
vertex 5.530847549438477 7.207941055297852 4.0
vertex 4.542705535888672 7.868196487426758 4.0
vertex 4.613222599029541 7.528095245361328 8.0
endloop
endfacet
facet normal 0.4645717740058899 0.8830057382583618 0.06688782572746277
outer loop
vertex 4.542705535888672 7.868196487426758 4.0
vertex 3.591142416000366 8.065837860107422 8.0
vertex 4.613222599029541 7.528095245361328 8.0
endloop
endfacet
facet normal 0.441470742225647 0.8952140808105469 0.0607890784740448
outer loop
vertex 4.542705535888672 7.868196487426758 4.0
vertex 3.4768362045288086 8.39382553100586 4.0
vertex 3.591142416000366 8.065837860107422 8.0
endloop
endfacet
facet normal 0.34534192085266113 0.9360902309417725 0.06688782572746277
outer loop
vertex 3.4768362045288086 8.39382553100586 4.0
vertex 2.5076165199279785 8.465571403503418 8.0
vertex 3.591142416000366 8.065837860107422 8.0
endloop
endfacet
facet normal 0.32084500789642334 0.9451789259910583 0.0607890784740448
outer loop
vertex 3.4768362045288086 8.39382553100586 4.0
vertex 2.3514773845672607 8.775833129882812 4.0
vertex 2.5076165199279785 8.465571403503418 8.0
endloop
endfacet
facet normal 0.22020317614078522 0.973158061504364 0.06688782572746277
outer loop
vertex 2.3514773845672607 8.775833129882812 4.0
vertex 1.381184697151184 8.720457077026367 8.0
vertex 2.5076165199279785 8.465571403503418 8.0
endloop
endfacet
facet normal 0.1947295218706131 0.9789714217185974 0.0607890784740448
outer loop
vertex 2.3514773845672607 8.775833129882812 4.0
vertex 1.1858841180801392 9.007683753967285 4.0
vertex 1.381184697151184 8.720457077026367 8.0
endloop
endfacet
facet normal 0.09129670262336731 0.9935747981071472 0.06688782572746277
outer loop
vertex 1.1858841180801392 9.007683753967285 4.0
vertex 0.23112042248249054 8.826132774353027 8.0
vertex 1.381184697151184 8.720457077026367 8.0
endloop
endfacet
facet normal 0.0652821734547615 0.9960135221481323 0.0607890784740448
outer loop
vertex 1.1858841180801392 9.007683753967285 4.0
vertex 5.56320969482139e-16 9.085411071777344 4.0
vertex 0.23112042248249054 8.826132774353027 8.0
endloop
endfacet
facet normal -0.039171893149614334 0.9969912767410278 0.06688782572746277
outer loop
vertex 5.56320969482139e-16 9.085411071777344 4.0
vertex -0.9228983521461487 8.780791282653809 8.0
vertex 0.23112042248249054 8.826132774353027 8.0
endloop
endfacet
facet normal -0.0652821734547615 0.9960135221481323 0.0607890784740448
outer loop
vertex 5.56320969482139e-16 9.085411071777344 4.0
vertex -1.1858841180801392 9.007683753967285 4.0
vertex -0.9228983521461487 8.780791282653809 8.0
endloop
endfacet
facet normal -0.1689702421426773 0.9833489060401917 0.06688782572746277
outer loop
vertex -1.1858841180801392 9.007683753967285 4.0
vertex -2.061126232147217 8.58520793914795 8.0
vertex -0.9228983521461487 8.780791282653809 8.0
endloop
endfacet
facet normal -0.1947295218706131 0.9789714217185974 0.0607890784740448
outer loop
vertex -1.1858841180801392 9.007683753967285 4.0
vertex -2.3514773845672607 8.775833129882812 4.0
vertex -2.061126232147217 8.58520793914795 8.0
endloop
endfacet
facet normal -0.29587745666503906 0.9528811573982239 0.06688782572746277
outer loop
vertex -2.3514773845672607 8.775833129882812 4.0
vertex -3.1640875339508057 8.242729187011719 8.0
vertex -2.061126232147217 8.58520793914795 8.0
endloop
endfacet
facet normal -0.32084500789642334 0.9451789259910583 0.0607890784740448
outer loop
vertex -2.3514773845672607 8.775833129882812 4.0
vertex -3.4768362045288086 8.39382553100586 4.0
vertex -3.1640875339508057 8.242729187011719 8.0
endloop
endfacet
facet normal -0.4177221357822418 0.9061093926429749 0.06688782572746277
outer loop
vertex -3.4768362045288086 8.39382553100586 4.0
vertex -4.212910175323486 7.759215831756592 8.0
vertex -3.1640875339508057 8.242729187011719 8.0
endloop
endfacet
facet normal -0.441470742225647 0.8952140808105469 0.0607890784740448
outer loop
vertex -3.4768362045288086 8.39382553100586 4.0
vertex -4.542705535888672 7.868196487426758 4.0
vertex -4.212910175323486 7.759215831756592 8.0
endloop
endfacet
facet normal -0.5324195027351379 0.8438338041305542 0.06688782572746277
outer loop
vertex -4.542705535888672 7.868196487426758 4.0
vertex -5.1896491050720215 7.14293909072876 8.0
vertex -4.212910175323486 7.759215831756592 8.0
endloop
endfacet
facet normal -0.5545427799224854 0.829931914806366 0.0607890784740448
outer loop
vertex -4.542705535888672 7.868196487426758 4.0
vertex -5.530847549438477 7.207941055297852 4.0
vertex -5.1896491050720215 7.14293909072876 8.0
endloop
endfacet
facet normal -0.6380069851875305 0.7671200037002563 0.06688782572746277
outer loop
vertex -5.530847549438477 7.207941055297852 4.0
vertex -6.077591896057129 6.404445171356201 8.0
vertex -5.1896491050720215 7.14293909072876 8.0
endloop
endfacet
facet normal -0.6581264138221741 0.7504493594169617 0.0607890784740448
outer loop
vertex -5.530847549438477 7.207941055297852 4.0
vertex -6.424355506896973 6.424355506896973 4.0
vertex -6.077591896057129 6.404445171356201 8.0
endloop
endfacet
facet normal -0.7326779961585999 0.6772805452346802 0.06688782572746277
outer loop
vertex -6.424355506896973 6.424355506896973 4.0
vertex -6.861545085906982 5.556369304656982 8.0
vertex -6.077591896057129 6.404445171356201 8.0
endloop
endfacet
facet normal -0.7504493594169617 0.6581264138221741 0.0607890784740448
outer loop
vertex -6.424355506896973 6.424355506896973 4.0
vertex -7.207941055297852 5.530847549438477 4.0
vertex -6.861545085906982 5.556369304656982 8.0
endloop
endfacet
facet normal -0.8148126602172852 0.5758526921272278 0.06688782572746277
outer loop
vertex -7.207941055297852 5.530847549438477 4.0
vertex -7.528095245361328 4.613222599029541 8.0
vertex -6.861545085906982 5.556369304656982 8.0
endloop
endfacet
facet normal -0.829931914806366 0.5545427799224854 0.0607890784740448
outer loop
vertex -7.207941055297852 5.530847549438477 4.0
vertex -7.868196487426758 4.542705535888672 4.0
vertex -7.528095245361328 4.613222599029541 8.0
endloop
endfacet
facet normal -0.8830057382583618 0.4645717740058899 0.06688782572746277
outer loop
vertex -7.868196487426758 4.542705535888672 4.0
vertex -8.065837860107422 3.591142416000366 8.0
vertex -7.528095245361328 4.613222599029541 8.0
endloop
endfacet
facet normal -0.8952140808105469 0.441470742225647 0.0607890784740448
outer loop
vertex -7.868196487426758 4.542705535888672 4.0
vertex -8.39382553100586 3.4768362045288086 4.0
vertex -8.065837860107422 3.591142416000366 8.0
endloop
endfacet
facet normal -0.9360902309417725 0.34534192085266113 0.06688782572746277
outer loop
vertex -8.39382553100586 3.4768362045288086 4.0
vertex -8.465571403503418 2.5076165199279785 8.0
vertex -8.065837860107422 3.591142416000366 8.0
endloop
endfacet
facet normal -0.9451789259910583 0.32084500789642334 0.0607890784740448
outer loop
vertex -8.39382553100586 3.4768362045288086 4.0
vertex -8.775833129882812 2.3514773845672607 4.0
vertex -8.465571403503418 2.5076165199279785 8.0
endloop
endfacet
facet normal -0.973158061504364 0.22020317614078522 0.06688782572746277
outer loop
vertex -8.775833129882812 2.3514773845672607 4.0
vertex -8.720457077026367 1.381184697151184 8.0
vertex -8.465571403503418 2.5076165199279785 8.0
endloop
endfacet
facet normal -0.9789714217185974 0.1947295218706131 0.0607890784740448
outer loop
vertex -8.775833129882812 2.3514773845672607 4.0
vertex -9.007683753967285 1.1858841180801392 4.0
vertex -8.720457077026367 1.381184697151184 8.0
endloop
endfacet
facet normal -0.9935747981071472 0.09129670262336731 0.06688782572746277
outer loop
vertex -9.007683753967285 1.1858841180801392 4.0
vertex -8.826132774353027 0.23112042248249054 8.0
vertex -8.720457077026367 1.381184697151184 8.0
endloop
endfacet
facet normal -0.9960135221481323 0.0652821734547615 0.0607890784740448
outer loop
vertex -9.007683753967285 1.1858841180801392 4.0
vertex -9.085411071777344 1.112641938964278e-15 4.0
vertex -8.826132774353027 0.23112042248249054 8.0
endloop
endfacet
facet normal -0.9969912767410278 -0.039171893149614334 0.06688782572746277
outer loop
vertex -9.085411071777344 1.112641938964278e-15 4.0
vertex -8.780791282653809 -0.9228983521461487 8.0
vertex -8.826132774353027 0.23112042248249054 8.0
endloop
endfacet
facet normal -0.9960135221481323 -0.0652821734547615 0.0607890784740448
outer loop
vertex -9.085411071777344 1.112641938964278e-15 4.0
vertex -9.007683753967285 -1.1858841180801392 4.0
vertex -8.780791282653809 -0.9228983521461487 8.0
endloop
endfacet
facet normal -0.9833489060401917 -0.1689702421426773 0.06688782572746277
outer loop
vertex -9.007683753967285 -1.1858841180801392 4.0
vertex -8.58520793914795 -2.061126232147217 8.0
vertex -8.780791282653809 -0.9228983521461487 8.0
endloop
endfacet
facet normal -0.9789714217185974 -0.1947295218706131 0.0607890784740448
outer loop
vertex -9.007683753967285 -1.1858841180801392 4.0
vertex -8.775833129882812 -2.3514773845672607 4.0
vertex -8.58520793914795 -2.061126232147217 8.0
endloop
endfacet
facet normal -0.9528811573982239 -0.29587745666503906 0.06688782572746277
outer loop
vertex -8.775833129882812 -2.3514773845672607 4.0
vertex -8.242729187011719 -3.1640875339508057 8.0
vertex -8.58520793914795 -2.061126232147217 8.0
endloop
endfacet
facet normal -0.9451789259910583 -0.32084500789642334 0.0607890784740448
outer loop
vertex -8.775833129882812 -2.3514773845672607 4.0
vertex -8.39382553100586 -3.4768362045288086 4.0
vertex -8.242729187011719 -3.1640875339508057 8.0
endloop
endfacet
facet normal -0.9061093926429749 -0.4177221357822418 0.06688782572746277
outer loop
vertex -8.39382553100586 -3.4768362045288086 4.0
vertex -7.759215831756592 -4.212910175323486 8.0
vertex -8.242729187011719 -3.1640875339508057 8.0
endloop
endfacet
facet normal -0.8952140808105469 -0.441470742225647 0.0607890784740448
outer loop
vertex -8.39382553100586 -3.4768362045288086 4.0
vertex -7.868196487426758 -4.542705535888672 4.0
vertex -7.759215831756592 -4.212910175323486 8.0
endloop
endfacet
facet normal -0.8438338041305542 -0.5324195027351379 0.06688782572746277
outer loop
vertex -7.868196487426758 -4.542705535888672 4.0
vertex -7.14293909072876 -5.1896491050720215 8.0
vertex -7.759215831756592 -4.212910175323486 8.0
endloop
endfacet
facet normal -0.829931914806366 -0.5545427799224854 0.0607890784740448
outer loop
vertex -7.868196487426758 -4.542705535888672 4.0
vertex -7.207941055297852 -5.530847549438477 4.0
vertex -7.14293909072876 -5.1896491050720215 8.0
endloop
endfacet
facet normal -0.7671200037002563 -0.6380069851875305 0.06688782572746277
outer loop
vertex -7.207941055297852 -5.530847549438477 4.0
vertex -6.404445171356201 -6.077591896057129 8.0
vertex -7.14293909072876 -5.1896491050720215 8.0
endloop
endfacet
facet normal -0.7504493594169617 -0.6581264138221741 0.0607890784740448
outer loop
vertex -7.207941055297852 -5.530847549438477 4.0
vertex -6.424355506896973 -6.424355506896973 4.0
vertex -6.404445171356201 -6.077591896057129 8.0
endloop
endfacet
facet normal -0.6772805452346802 -0.7326779961585999 0.06688782572746277
outer loop
vertex -6.424355506896973 -6.424355506896973 4.0
vertex -5.556369304656982 -6.861545085906982 8.0
vertex -6.404445171356201 -6.077591896057129 8.0
endloop
endfacet
facet normal -0.6581264138221741 -0.7504493594169617 0.0607890784740448
outer loop
vertex -6.424355506896973 -6.424355506896973 4.0
vertex -5.530847549438477 -7.207941055297852 4.0
vertex -5.556369304656982 -6.861545085906982 8.0
endloop
endfacet
facet normal -0.5758526921272278 -0.8148126602172852 0.06688782572746277
outer loop
vertex -5.530847549438477 -7.207941055297852 4.0
vertex -4.613222599029541 -7.528095245361328 8.0
vertex -5.556369304656982 -6.861545085906982 8.0
endloop
endfacet
facet normal -0.5545427799224854 -0.829931914806366 0.0607890784740448
outer loop
vertex -5.530847549438477 -7.207941055297852 4.0
vertex -4.542705535888672 -7.868196487426758 4.0
vertex -4.613222599029541 -7.528095245361328 8.0
endloop
endfacet
facet normal -0.4645717740058899 -0.8830057382583618 0.06688782572746277
outer loop
vertex -4.542705535888672 -7.868196487426758 4.0
vertex -3.591142416000366 -8.065837860107422 8.0
vertex -4.613222599029541 -7.528095245361328 8.0
endloop
endfacet
facet normal -0.441470742225647 -0.8952140808105469 0.0607890784740448
outer loop
vertex -4.542705535888672 -7.868196487426758 4.0
vertex -3.4768362045288086 -8.39382553100586 4.0
vertex -3.591142416000366 -8.065837860107422 8.0
endloop
endfacet
facet normal -0.34534192085266113 -0.9360902309417725 0.06688782572746277
outer loop
vertex -3.4768362045288086 -8.39382553100586 4.0
vertex -2.5076165199279785 -8.465571403503418 8.0
vertex -3.591142416000366 -8.065837860107422 8.0
endloop
endfacet
facet normal -0.32084500789642334 -0.9451789259910583 0.0607890784740448
outer loop
vertex -3.4768362045288086 -8.39382553100586 4.0
vertex -2.3514773845672607 -8.775833129882812 4.0
vertex -2.5076165199279785 -8.465571403503418 8.0
endloop
endfacet
facet normal -0.22020317614078522 -0.973158061504364 0.06688782572746277
outer loop
vertex -2.3514773845672607 -8.775833129882812 4.0
vertex -1.381184697151184 -8.720457077026367 8.0
vertex -2.5076165199279785 -8.465571403503418 8.0
endloop
endfacet
facet normal -0.1947295218706131 -0.9789714217185974 0.0607890784740448
outer loop
vertex -2.3514773845672607 -8.775833129882812 4.0
vertex -1.1858841180801392 -9.007683753967285 4.0
vertex -1.381184697151184 -8.720457077026367 8.0
endloop
endfacet
facet normal -0.09129670262336731 -0.9935747981071472 0.06688782572746277
outer loop
vertex -1.1858841180801392 -9.007683753967285 4.0
vertex -0.23112042248249054 -8.826132774353027 8.0
vertex -1.381184697151184 -8.720457077026367 8.0
endloop
endfacet
facet normal -0.0652821734547615 -0.9960135221481323 0.0607890784740448
outer loop
vertex -1.1858841180801392 -9.007683753967285 4.0
vertex -1.668962908446417e-15 -9.085411071777344 4.0
vertex -0.23112042248249054 -8.826132774353027 8.0
endloop
endfacet
facet normal 0.039171893149614334 -0.9969912767410278 0.06688782572746277
outer loop
vertex -1.668962908446417e-15 -9.085411071777344 4.0
vertex 0.9228983521461487 -8.780791282653809 8.0
vertex -0.23112042248249054 -8.826132774353027 8.0
endloop
endfacet
facet normal 0.0652821734547615 -0.9960135221481323 0.0607890784740448
outer loop
vertex -1.668962908446417e-15 -9.085411071777344 4.0
vertex 1.1858841180801392 -9.007683753967285 4.0
vertex 0.9228983521461487 -8.780791282653809 8.0
endloop
endfacet
facet normal 0.1689702421426773 -0.9833489060401917 0.06688782572746277
outer loop
vertex 1.1858841180801392 -9.007683753967285 4.0
vertex 2.061126232147217 -8.58520793914795 8.0
vertex 0.9228983521461487 -8.780791282653809 8.0
endloop
endfacet
facet normal 0.1947295218706131 -0.9789714217185974 0.0607890784740448
outer loop
vertex 1.1858841180801392 -9.007683753967285 4.0
vertex 2.3514773845672607 -8.775833129882812 4.0
vertex 2.061126232147217 -8.58520793914795 8.0
endloop
endfacet
facet normal 0.29587745666503906 -0.9528811573982239 0.06688782572746277
outer loop
vertex 2.3514773845672607 -8.775833129882812 4.0
vertex 3.1640875339508057 -8.242729187011719 8.0
vertex 2.061126232147217 -8.58520793914795 8.0
endloop
endfacet
facet normal 0.32084500789642334 -0.9451789259910583 0.0607890784740448
outer loop
vertex 2.3514773845672607 -8.775833129882812 4.0
vertex 3.4768362045288086 -8.39382553100586 4.0
vertex 3.1640875339508057 -8.242729187011719 8.0
endloop
endfacet
facet normal 0.4177221357822418 -0.9061093926429749 0.06688782572746277
outer loop
vertex 3.4768362045288086 -8.39382553100586 4.0
vertex 4.212910175323486 -7.759215831756592 8.0
vertex 3.1640875339508057 -8.242729187011719 8.0
endloop
endfacet
facet normal 0.441470742225647 -0.8952140808105469 0.0607890784740448
outer loop
vertex 3.4768362045288086 -8.39382553100586 4.0
vertex 4.542705535888672 -7.868196487426758 4.0
vertex 4.212910175323486 -7.759215831756592 8.0
endloop
endfacet
facet normal 0.5324195027351379 -0.8438338041305542 0.06688782572746277
outer loop
vertex 4.542705535888672 -7.868196487426758 4.0
vertex 5.1896491050720215 -7.14293909072876 8.0
vertex 4.212910175323486 -7.759215831756592 8.0
endloop
endfacet
facet normal 0.5545427799224854 -0.829931914806366 0.0607890784740448
outer loop
vertex 4.542705535888672 -7.868196487426758 4.0
vertex 5.530847549438477 -7.207941055297852 4.0
vertex 5.1896491050720215 -7.14293909072876 8.0
endloop
endfacet
facet normal 0.6380069851875305 -0.7671200037002563 0.06688782572746277
outer loop
vertex 5.530847549438477 -7.207941055297852 4.0
vertex 6.077591896057129 -6.404445171356201 8.0
vertex 5.1896491050720215 -7.14293909072876 8.0
endloop
endfacet
facet normal 0.6581264138221741 -0.7504493594169617 0.0607890784740448
outer loop
vertex 5.530847549438477 -7.207941055297852 4.0
vertex 6.424355506896973 -6.424355506896973 4.0
vertex 6.077591896057129 -6.404445171356201 8.0
endloop
endfacet
facet normal 0.7326779961585999 -0.6772805452346802 0.06688782572746277
outer loop
vertex 6.424355506896973 -6.424355506896973 4.0
vertex 6.861545085906982 -5.556369304656982 8.0
vertex 6.077591896057129 -6.404445171356201 8.0
endloop
endfacet
facet normal 0.7504493594169617 -0.6581264138221741 0.0607890784740448
outer loop
vertex 6.424355506896973 -6.424355506896973 4.0
vertex 7.207941055297852 -5.530847549438477 4.0
vertex 6.861545085906982 -5.556369304656982 8.0
endloop
endfacet
facet normal 0.8148126602172852 -0.5758526921272278 0.06688782572746277
outer loop
vertex 7.207941055297852 -5.530847549438477 4.0
vertex 7.528095245361328 -4.613222599029541 8.0
vertex 6.861545085906982 -5.556369304656982 8.0
endloop
endfacet
facet normal 0.829931914806366 -0.5545427799224854 0.0607890784740448
outer loop
vertex 7.207941055297852 -5.530847549438477 4.0
vertex 7.868196487426758 -4.542705535888672 4.0
vertex 7.528095245361328 -4.613222599029541 8.0
endloop
endfacet
facet normal 0.8830057382583618 -0.4645717740058899 0.06688782572746277
outer loop
vertex 7.868196487426758 -4.542705535888672 4.0
vertex 8.065837860107422 -3.591142416000366 8.0
vertex 7.528095245361328 -4.613222599029541 8.0
endloop
endfacet
facet normal 0.8952140808105469 -0.441470742225647 0.0607890784740448
outer loop
vertex 7.868196487426758 -4.542705535888672 4.0
vertex 8.39382553100586 -3.4768362045288086 4.0
vertex 8.065837860107422 -3.591142416000366 8.0
endloop
endfacet
facet normal 0.9360902309417725 -0.34534192085266113 0.06688782572746277
outer loop
vertex 8.39382553100586 -3.4768362045288086 4.0
vertex 8.465571403503418 -2.5076165199279785 8.0
vertex 8.065837860107422 -3.591142416000366 8.0
endloop
endfacet
facet normal 0.9451789259910583 -0.32084500789642334 0.0607890784740448
outer loop
vertex 8.39382553100586 -3.4768362045288086 4.0
vertex 8.775833129882812 -2.3514773845672607 4.0
vertex 8.465571403503418 -2.5076165199279785 8.0
endloop
endfacet
facet normal 0.973158061504364 -0.22020317614078522 0.06688782572746277
outer loop
vertex 8.775833129882812 -2.3514773845672607 4.0
vertex 8.720457077026367 -1.381184697151184 8.0
vertex 8.465571403503418 -2.5076165199279785 8.0
endloop
endfacet
facet normal 0.9789714217185974 -0.1947295218706131 0.0607890784740448
outer loop
vertex 8.775833129882812 -2.3514773845672607 4.0
vertex 9.007683753967285 -1.1858841180801392 4.0
vertex 8.720457077026367 -1.381184697151184 8.0
endloop
endfacet
facet normal 0.9935747981071472 -0.09129670262336731 0.06688782572746277
outer loop
vertex 9.007683753967285 -1.1858841180801392 4.0
vertex 8.826132774353027 -0.23112042248249054 8.0
vertex 8.720457077026367 -1.381184697151184 8.0
endloop
endfacet
facet normal 0.9960135221481323 -0.0652821734547615 0.0607890784740448
outer loop
vertex 9.007683753967285 -1.1858841180801392 4.0
vertex 9.085411071777344 0.0 4.0
vertex 8.826132774353027 -0.23112042248249054 8.0
endloop
endfacet
facet normal 0.9969912767410278 0.039171893149614334 0.06688782572746277
outer loop
vertex 9.085411071777344 0.0 4.0
vertex 8.780791282653809 0.9228983521461487 8.0
vertex 8.826132774353027 -0.23112042248249054 8.0
endloop
endfacet
facet normal 0.9850101470947266 0.16925570368766785 0.03327880799770355
outer loop
vertex 8.780791282653809 0.9228983521461487 8.0
vertex 8.58520793914795 2.061126232147217 8.0
vertex 8.493999481201172 1.8054553270339966 12.0
endloop
endfacet
facet normal 0.9617130160331726 0.27123111486434937 0.03926561400294304
outer loop
vertex 8.58520793914795 2.061126232147217 8.0
vertex 8.185672760009766 2.8986988067626953 12.0
vertex 8.493999481201172 1.8054553270339966 12.0
endloop
endfacet
facet normal 0.9544909596443176 0.2963773310184479 0.03327880799770355
outer loop
vertex 8.58520793914795 2.061126232147217 8.0
vertex 8.242729187011719 3.1640875339508057 8.0
vertex 8.185672760009766 2.8986988067626953 12.0
endloop
endfacet
facet normal 0.9180826544761658 0.3944394290447235 0.03926561400294304
outer loop
vertex 8.242729187011719 3.1640875339508057 8.0
vertex 7.7372870445251465 3.9423446655273438 12.0
vertex 8.185672760009766 2.8986988067626953 12.0
endloop
endfacet
facet normal 0.9076401591300964 0.41842785477638245 0.03327880799770355
outer loop
vertex 8.242729187011719 3.1640875339508057 8.0
vertex 7.759215831756592 4.212910175323486 8.0
vertex 7.7372870445251465 3.9423446655273438 12.0
endloop
endfacet
facet normal 0.8587436676025391 0.510898768901825 0.03926561400294304
outer loop
vertex 7.759215831756592 4.212910175323486 8.0
vertex 7.156514644622803 4.918536186218262 12.0
vertex 7.7372870445251465 3.9423446655273438 12.0
endloop
endfacet
facet normal 0.8452593684196472 0.5333189368247986 0.03327880799770355
outer loop
vertex 7.759215831756592 4.212910175323486 8.0
vertex 7.14293909072876 5.1896491050720215 8.0
vertex 7.156514644622803 4.918536186218262 12.0
endloop
endfacet
facet normal 0.7847113013267517 0.61861652135849 0.03926561400294304
outer loop
vertex 7.14293909072876 5.1896491050720215 8.0
vertex 6.453291893005371 5.810569763183594 12.0
vertex 7.156514644622803 4.918536186218262 12.0
endloop
endfacet
facet normal 0.7684159874916077 0.6390848159790039 0.03327880799770355
outer loop
vertex 7.14293909072876 5.1896491050720215 8.0
vertex 6.404445171356201 6.077591896057129 8.0
vertex 6.453291893005371 5.810569763183594 12.0
endloop
endfacet
facet normal 0.6972523331642151 0.7157495617866516 0.03926561400294304
outer loop
vertex 6.404445171356201 6.077591896057129 8.0
vertex 5.639651298522949 6.603183269500732 12.0
vertex 6.453291893005371 5.810569763183594 12.0
endloop
endfacet
facet normal 0.6784247756004333 0.7339157462120056 0.03327880799770355
outer loop
vertex 6.404445171356201 6.077591896057129 8.0
vertex 5.556369304656982 6.861545085906982 8.0
vertex 5.639651298522949 6.603183269500732 12.0
endloop
endfacet
facet normal 0.5978631973266602 0.8006358742713928 0.03926561400294304
outer loop
vertex 5.556369304656982 6.861545085906982 8.0
vertex 4.729515075683594 7.2828145027160645 12.0
vertex 5.639651298522949 6.603183269500732 12.0
endloop
endfacet
facet normal 0.5768254995346069 0.8161892294883728 0.03327880799770355
outer loop
vertex 5.556369304656982 6.861545085906982 8.0
vertex 4.613222599029541 7.528095245361328 8.0
vertex 4.729515075683594 7.2828145027160645 12.0
endloop
endfacet
facet normal 0.4882444143295288 0.8718231320381165 0.03926561400294304
outer loop
vertex 4.613222599029541 7.528095245361328 8.0
vertex 3.738455295562744 7.837834358215332 12.0
vertex 4.729515075683594 7.2828145027160645 12.0
endloop
endfacet
facet normal 0.46535661816596985 0.8844974637031555 0.03327880799770355
outer loop
vertex 4.613222599029541 7.528095245361328 8.0
vertex 3.591142416000366 8.065837860107422 8.0
vertex 3.738455295562744 7.837834358215332 12.0
endloop
endfacet
facet normal 0.3702716529369354 0.9280932545661926 0.03926561400294304
outer loop
vertex 3.591142416000366 8.065837860107422 8.0
vertex 2.683429479598999 8.258747100830078 12.0
vertex 3.738455295562744 7.837834358215332 12.0
endloop
endfacet
facet normal 0.34592533111572266 0.9376716613769531 0.03327880799770355
outer loop
vertex 3.591142416000366 8.065837860107422 8.0
vertex 2.5076165199279785 8.465571403503418 8.0
vertex 2.683429479598999 8.258747100830078 12.0
endloop
endfacet
facet normal 0.245963454246521 0.9684834480285645 0.03926561400294304
outer loop
vertex 2.5076165199279785 8.465571403503418 8.0
vertex 1.5824896097183228 8.538350105285645 12.0
vertex 2.683429479598999 8.258747100830078 12.0
endloop
endfacet
facet normal 0.22057519853115082 0.9748020768165588 0.03327880799770355
outer loop
vertex 2.5076165199279785 8.465571403503418 8.0
vertex 1.381184697151184 8.720457077026367 8.0
vertex 1.5824896097183228 8.538350105285645 12.0
endloop
endfacet
facet normal 0.11744675040245056 0.9923025965690613 0.03926561400294304
outer loop
vertex 1.381184697151184 8.720457077026367 8.0
vertex 0.4544728994369507 8.671859741210938 12.0
vertex 1.5824896097183228 8.538350105285645 12.0
endloop
endfacet
facet normal 0.09145093709230423 0.9952533841133118 0.03327880799770355
outer loop
vertex 1.381184697151184 8.720457077026367 8.0
vertex 0.23112042248249054 8.826132774353027 8.0
vertex 0.4544728994369507 8.671859741210938 12.0
endloop
endfacet
facet normal -0.013079500757157803 0.9991431832313538 0.03926561400294304
outer loop
vertex 0.23112042248249054 8.826132774353027 8.0
vertex -0.6813200116157532 8.656991004943848 12.0
vertex 0.4544728994369507 8.671859741210938 12.0
endloop
endfacet
facet normal -0.03923806920647621 0.9986755847930908 0.03327880799770355
outer loop
vertex 0.23112042248249054 8.826132774353027 8.0
vertex -0.9228983521461487 8.780791282653809 8.0
vertex -0.6813200116157532 8.656991004943848 12.0
endloop
endfacet
facet normal -0.1433819681406021 0.9888882040977478 0.03926561400294304
outer loop
vertex -0.9228983521461487 8.780791282653809 8.0
vertex -1.8054553270339966 8.493999481201172 12.0
vertex -0.6813200116157532 8.656991004943848 12.0
endloop
endfacet
facet normal -0.16925570368766785 0.9850101470947266 0.03327880799770355
outer loop
vertex -0.9228983521461487 8.780791282653809 8.0
vertex -2.061126232147217 8.58520793914795 8.0
vertex -1.8054553270339966 8.493999481201172 12.0
endloop
endfacet
facet normal -0.27123111486434937 0.9617130160331726 0.03926561400294304
outer loop
vertex -2.061126232147217 8.58520793914795 8.0
vertex -2.8986988067626953 8.185672760009766 12.0
vertex -1.8054553270339966 8.493999481201172 12.0
endloop
endfacet
facet normal -0.2963773310184479 0.9544909596443176 0.03327880799770355
outer loop
vertex -2.061126232147217 8.58520793914795 8.0
vertex -3.1640875339508057 8.242729187011719 8.0
vertex -2.8986988067626953 8.185672760009766 12.0
endloop
endfacet
facet normal -0.3944394290447235 0.9180826544761658 0.03926561400294304
outer loop
vertex -3.1640875339508057 8.242729187011719 8.0
vertex -3.9423446655273438 7.7372870445251465 12.0
vertex -2.8986988067626953 8.185672760009766 12.0
endloop
endfacet
facet normal -0.41842785477638245 0.9076401591300964 0.03327880799770355
outer loop
vertex -3.1640875339508057 8.242729187011719 8.0
vertex -4.212910175323486 7.759215831756592 8.0
vertex -3.9423446655273438 7.7372870445251465 12.0
endloop
endfacet
facet normal -0.510898768901825 0.8587436676025391 0.03926561400294304
outer loop
vertex -4.212910175323486 7.759215831756592 8.0
vertex -4.918536186218262 7.156514644622803 12.0
vertex -3.9423446655273438 7.7372870445251465 12.0
endloop
endfacet
facet normal -0.5333189368247986 0.8452593684196472 0.03327880799770355
outer loop
vertex -4.212910175323486 7.759215831756592 8.0
vertex -5.1896491050720215 7.14293909072876 8.0
vertex -4.918536186218262 7.156514644622803 12.0
endloop
endfacet
facet normal -0.61861652135849 0.7847113013267517 0.03926561400294304
outer loop
vertex -5.1896491050720215 7.14293909072876 8.0
vertex -5.810569763183594 6.453291893005371 12.0
vertex -4.918536186218262 7.156514644622803 12.0
endloop
endfacet
facet normal -0.6390848159790039 0.7684159874916077 0.03327880799770355
outer loop
vertex -5.1896491050720215 7.14293909072876 8.0
vertex -6.077591896057129 6.404445171356201 8.0
vertex -5.810569763183594 6.453291893005371 12.0
endloop
endfacet
facet normal -0.7157495617866516 0.6972523331642151 0.03926561400294304
outer loop
vertex -6.077591896057129 6.404445171356201 8.0
vertex -6.603183269500732 5.639651298522949 12.0
vertex -5.810569763183594 6.453291893005371 12.0
endloop
endfacet
facet normal -0.7339157462120056 0.6784247756004333 0.03327880799770355
outer loop
vertex -6.077591896057129 6.404445171356201 8.0
vertex -6.861545085906982 5.556369304656982 8.0
vertex -6.603183269500732 5.639651298522949 12.0
endloop
endfacet
facet normal -0.8006358742713928 0.5978631973266602 0.03926561400294304
outer loop
vertex -6.861545085906982 5.556369304656982 8.0
vertex -7.2828145027160645 4.729515075683594 12.0
vertex -6.603183269500732 5.639651298522949 12.0
endloop
endfacet
facet normal -0.8161892294883728 0.5768254995346069 0.03327880799770355
outer loop
vertex -6.861545085906982 5.556369304656982 8.0
vertex -7.528095245361328 4.613222599029541 8.0
vertex -7.2828145027160645 4.729515075683594 12.0
endloop
endfacet
facet normal -0.8718231320381165 0.4882444143295288 0.03926561400294304
outer loop
vertex -7.528095245361328 4.613222599029541 8.0
vertex -7.837834358215332 3.738455295562744 12.0
vertex -7.2828145027160645 4.729515075683594 12.0
endloop
endfacet
facet normal -0.8844974637031555 0.46535661816596985 0.03327880799770355
outer loop
vertex -7.528095245361328 4.613222599029541 8.0
vertex -8.065837860107422 3.591142416000366 8.0
vertex -7.837834358215332 3.738455295562744 12.0
endloop
endfacet
facet normal -0.9280932545661926 0.3702716529369354 0.03926561400294304
outer loop
vertex -8.065837860107422 3.591142416000366 8.0
vertex -8.258747100830078 2.683429479598999 12.0
vertex -7.837834358215332 3.738455295562744 12.0
endloop
endfacet
facet normal -0.9376716613769531 0.34592533111572266 0.03327880799770355
outer loop
vertex -8.065837860107422 3.591142416000366 8.0
vertex -8.465571403503418 2.5076165199279785 8.0
vertex -8.258747100830078 2.683429479598999 12.0
endloop
endfacet
facet normal -0.9684834480285645 0.245963454246521 0.03926561400294304
outer loop
vertex -8.465571403503418 2.5076165199279785 8.0
vertex -8.538350105285645 1.5824896097183228 12.0
vertex -8.258747100830078 2.683429479598999 12.0
endloop
endfacet
facet normal -0.9748020768165588 0.22057519853115082 0.03327880799770355
outer loop
vertex -8.465571403503418 2.5076165199279785 8.0
vertex -8.720457077026367 1.381184697151184 8.0
vertex -8.538350105285645 1.5824896097183228 12.0
endloop
endfacet
facet normal -0.9923025965690613 0.11744675040245056 0.03926561400294304
outer loop
vertex -8.720457077026367 1.381184697151184 8.0
vertex -8.671859741210938 0.4544728994369507 12.0
vertex -8.538350105285645 1.5824896097183228 12.0
endloop
endfacet
facet normal -0.9952533841133118 0.09145093709230423 0.03327880799770355
outer loop
vertex -8.720457077026367 1.381184697151184 8.0
vertex -8.826132774353027 0.23112042248249054 8.0
vertex -8.671859741210938 0.4544728994369507 12.0
endloop
endfacet
facet normal -0.9991431832313538 -0.013079500757157803 0.03926561400294304
outer loop
vertex -8.826132774353027 0.23112042248249054 8.0
vertex -8.656991004943848 -0.6813200116157532 12.0
vertex -8.671859741210938 0.4544728994369507 12.0
endloop
endfacet
facet normal -0.9986755847930908 -0.03923806920647621 0.03327880799770355
outer loop
vertex -8.826132774353027 0.23112042248249054 8.0
vertex -8.780791282653809 -0.9228983521461487 8.0
vertex -8.656991004943848 -0.6813200116157532 12.0
endloop
endfacet
facet normal -0.9888882040977478 -0.1433819681406021 0.03926561400294304
outer loop
vertex -8.780791282653809 -0.9228983521461487 8.0
vertex -8.493999481201172 -1.8054553270339966 12.0
vertex -8.656991004943848 -0.6813200116157532 12.0
endloop
endfacet
facet normal -0.9850101470947266 -0.16925570368766785 0.03327880799770355
outer loop
vertex -8.780791282653809 -0.9228983521461487 8.0
vertex -8.58520793914795 -2.061126232147217 8.0
vertex -8.493999481201172 -1.8054553270339966 12.0
endloop
endfacet
facet normal -0.9617130160331726 -0.27123111486434937 0.03926561400294304
outer loop
vertex -8.58520793914795 -2.061126232147217 8.0
vertex -8.185672760009766 -2.8986988067626953 12.0
vertex -8.493999481201172 -1.8054553270339966 12.0
endloop
endfacet
facet normal -0.9544909596443176 -0.2963773310184479 0.03327880799770355
outer loop
vertex -8.58520793914795 -2.061126232147217 8.0
vertex -8.242729187011719 -3.1640875339508057 8.0
vertex -8.185672760009766 -2.8986988067626953 12.0
endloop
endfacet
facet normal -0.9180826544761658 -0.3944394290447235 0.03926561400294304
outer loop
vertex -8.242729187011719 -3.1640875339508057 8.0
vertex -7.7372870445251465 -3.9423446655273438 12.0
vertex -8.185672760009766 -2.8986988067626953 12.0
endloop
endfacet
facet normal -0.9076401591300964 -0.41842785477638245 0.03327880799770355
outer loop
vertex -8.242729187011719 -3.1640875339508057 8.0
vertex -7.759215831756592 -4.212910175323486 8.0
vertex -7.7372870445251465 -3.9423446655273438 12.0
endloop
endfacet
facet normal -0.8587436676025391 -0.510898768901825 0.03926561400294304
outer loop
vertex -7.759215831756592 -4.212910175323486 8.0
vertex -7.156514644622803 -4.918536186218262 12.0
vertex -7.7372870445251465 -3.9423446655273438 12.0
endloop
endfacet
facet normal -0.8452593684196472 -0.5333189368247986 0.03327880799770355
outer loop
vertex -7.759215831756592 -4.212910175323486 8.0
vertex -7.14293909072876 -5.1896491050720215 8.0
vertex -7.156514644622803 -4.918536186218262 12.0
endloop
endfacet
facet normal -0.7847113013267517 -0.61861652135849 0.03926561400294304
outer loop
vertex -7.14293909072876 -5.1896491050720215 8.0
vertex -6.453291893005371 -5.810569763183594 12.0
vertex -7.156514644622803 -4.918536186218262 12.0
endloop
endfacet
facet normal -0.7684159874916077 -0.6390848159790039 0.03327880799770355
outer loop
vertex -7.14293909072876 -5.1896491050720215 8.0
vertex -6.404445171356201 -6.077591896057129 8.0
vertex -6.453291893005371 -5.810569763183594 12.0
endloop
endfacet
facet normal -0.6972523331642151 -0.7157495617866516 0.03926561400294304
outer loop
vertex -6.404445171356201 -6.077591896057129 8.0
vertex -5.639651298522949 -6.603183269500732 12.0
vertex -6.453291893005371 -5.810569763183594 12.0
endloop
endfacet
facet normal -0.6784247756004333 -0.7339157462120056 0.03327880799770355
outer loop
vertex -6.404445171356201 -6.077591896057129 8.0
vertex -5.556369304656982 -6.861545085906982 8.0
vertex -5.639651298522949 -6.603183269500732 12.0
endloop
endfacet
facet normal -0.5978631973266602 -0.8006358742713928 0.03926561400294304
outer loop
vertex -5.556369304656982 -6.861545085906982 8.0
vertex -4.729515075683594 -7.2828145027160645 12.0
vertex -5.639651298522949 -6.603183269500732 12.0
endloop
endfacet
facet normal -0.5768254995346069 -0.8161892294883728 0.03327880799770355
outer loop
vertex -5.556369304656982 -6.861545085906982 8.0
vertex -4.613222599029541 -7.528095245361328 8.0
vertex -4.729515075683594 -7.2828145027160645 12.0
endloop
endfacet
facet normal -0.4882444143295288 -0.8718231320381165 0.03926561400294304
outer loop
vertex -4.613222599029541 -7.528095245361328 8.0
vertex -3.738455295562744 -7.837834358215332 12.0
vertex -4.729515075683594 -7.2828145027160645 12.0
endloop
endfacet
facet normal -0.46535661816596985 -0.8844974637031555 0.03327880799770355
outer loop
vertex -4.613222599029541 -7.528095245361328 8.0
vertex -3.591142416000366 -8.065837860107422 8.0
vertex -3.738455295562744 -7.837834358215332 12.0
endloop
endfacet
facet normal -0.3702716529369354 -0.9280932545661926 0.03926561400294304
outer loop
vertex -3.591142416000366 -8.065837860107422 8.0
vertex -2.683429479598999 -8.258747100830078 12.0
vertex -3.738455295562744 -7.837834358215332 12.0
endloop
endfacet
facet normal -0.34592533111572266 -0.9376716613769531 0.03327880799770355
outer loop
vertex -3.591142416000366 -8.065837860107422 8.0
vertex -2.5076165199279785 -8.465571403503418 8.0
vertex -2.683429479598999 -8.258747100830078 12.0
endloop
endfacet
facet normal -0.245963454246521 -0.9684834480285645 0.03926561400294304
outer loop
vertex -2.5076165199279785 -8.465571403503418 8.0
vertex -1.5824896097183228 -8.538350105285645 12.0
vertex -2.683429479598999 -8.258747100830078 12.0
endloop
endfacet
facet normal -0.22057519853115082 -0.9748020768165588 0.03327880799770355
outer loop
vertex -2.5076165199279785 -8.465571403503418 8.0
vertex -1.381184697151184 -8.720457077026367 8.0
vertex -1.5824896097183228 -8.538350105285645 12.0
endloop
endfacet
facet normal -0.11744675040245056 -0.9923025965690613 0.03926561400294304
outer loop
vertex -1.381184697151184 -8.720457077026367 8.0
vertex -0.4544728994369507 -8.671859741210938 12.0
vertex -1.5824896097183228 -8.538350105285645 12.0
endloop
endfacet
facet normal -0.09145093709230423 -0.9952533841133118 0.03327880799770355
outer loop
vertex -1.381184697151184 -8.720457077026367 8.0
vertex -0.23112042248249054 -8.826132774353027 8.0
vertex -0.4544728994369507 -8.671859741210938 12.0
endloop
endfacet
facet normal 0.013079500757157803 -0.9991431832313538 0.03926561400294304
outer loop
vertex -0.23112042248249054 -8.826132774353027 8.0
vertex 0.6813200116157532 -8.656991004943848 12.0
vertex -0.4544728994369507 -8.671859741210938 12.0
endloop
endfacet
facet normal 0.03923806920647621 -0.9986755847930908 0.03327880799770355
outer loop
vertex -0.23112042248249054 -8.826132774353027 8.0
vertex 0.9228983521461487 -8.780791282653809 8.0
vertex 0.6813200116157532 -8.656991004943848 12.0
endloop
endfacet
facet normal 0.1433819681406021 -0.9888882040977478 0.03926561400294304
outer loop
vertex 0.9228983521461487 -8.780791282653809 8.0
vertex 1.8054553270339966 -8.493999481201172 12.0
vertex 0.6813200116157532 -8.656991004943848 12.0
endloop
endfacet
facet normal 0.16925570368766785 -0.9850101470947266 0.03327880799770355
outer loop
vertex 0.9228983521461487 -8.780791282653809 8.0
vertex 2.061126232147217 -8.58520793914795 8.0
vertex 1.8054553270339966 -8.493999481201172 12.0
endloop
endfacet
facet normal 0.27123111486434937 -0.9617130160331726 0.03926561400294304
outer loop
vertex 2.061126232147217 -8.58520793914795 8.0
vertex 2.8986988067626953 -8.185672760009766 12.0
vertex 1.8054553270339966 -8.493999481201172 12.0
endloop
endfacet
facet normal 0.2963773310184479 -0.9544909596443176 0.03327880799770355
outer loop
vertex 2.061126232147217 -8.58520793914795 8.0
vertex 3.1640875339508057 -8.242729187011719 8.0
vertex 2.8986988067626953 -8.185672760009766 12.0
endloop
endfacet
facet normal 0.3944394290447235 -0.9180826544761658 0.03926561400294304
outer loop
vertex 3.1640875339508057 -8.242729187011719 8.0
vertex 3.9423446655273438 -7.7372870445251465 12.0
vertex 2.8986988067626953 -8.185672760009766 12.0
endloop
endfacet
facet normal 0.41842785477638245 -0.9076401591300964 0.03327880799770355
outer loop
vertex 3.1640875339508057 -8.242729187011719 8.0
vertex 4.212910175323486 -7.759215831756592 8.0
vertex 3.9423446655273438 -7.7372870445251465 12.0
endloop
endfacet
facet normal 0.510898768901825 -0.8587436676025391 0.03926561400294304
outer loop
vertex 4.212910175323486 -7.759215831756592 8.0
vertex 4.918536186218262 -7.156514644622803 12.0
vertex 3.9423446655273438 -7.7372870445251465 12.0
endloop
endfacet
facet normal 0.5333189368247986 -0.8452593684196472 0.03327880799770355
outer loop
vertex 4.212910175323486 -7.759215831756592 8.0
vertex 5.1896491050720215 -7.14293909072876 8.0
vertex 4.918536186218262 -7.156514644622803 12.0
endloop
endfacet
facet normal 0.61861652135849 -0.7847113013267517 0.03926561400294304
outer loop
vertex 5.1896491050720215 -7.14293909072876 8.0
vertex 5.810569763183594 -6.453291893005371 12.0
vertex 4.918536186218262 -7.156514644622803 12.0
endloop
endfacet
facet normal 0.6390848159790039 -0.7684159874916077 0.03327880799770355
outer loop
vertex 5.1896491050720215 -7.14293909072876 8.0
vertex 6.077591896057129 -6.404445171356201 8.0
vertex 5.810569763183594 -6.453291893005371 12.0
endloop
endfacet
facet normal 0.7157495617866516 -0.6972523331642151 0.03926561400294304
outer loop
vertex 6.077591896057129 -6.404445171356201 8.0
vertex 6.603183269500732 -5.639651298522949 12.0
vertex 5.810569763183594 -6.453291893005371 12.0
endloop
endfacet
facet normal 0.7339157462120056 -0.6784247756004333 0.03327880799770355
outer loop
vertex 6.077591896057129 -6.404445171356201 8.0
vertex 6.861545085906982 -5.556369304656982 8.0
vertex 6.603183269500732 -5.639651298522949 12.0
endloop
endfacet
facet normal 0.8006358742713928 -0.5978631973266602 0.03926561400294304
outer loop
vertex 6.861545085906982 -5.556369304656982 8.0
vertex 7.2828145027160645 -4.729515075683594 12.0
vertex 6.603183269500732 -5.639651298522949 12.0
endloop
endfacet
facet normal 0.8161892294883728 -0.5768254995346069 0.03327880799770355
outer loop
vertex 6.861545085906982 -5.556369304656982 8.0
vertex 7.528095245361328 -4.613222599029541 8.0
vertex 7.2828145027160645 -4.729515075683594 12.0
endloop
endfacet
facet normal 0.8718231320381165 -0.4882444143295288 0.03926561400294304
outer loop
vertex 7.528095245361328 -4.613222599029541 8.0
vertex 7.837834358215332 -3.738455295562744 12.0
vertex 7.2828145027160645 -4.729515075683594 12.0
endloop
endfacet
facet normal 0.8844974637031555 -0.46535661816596985 0.03327880799770355
outer loop
vertex 7.528095245361328 -4.613222599029541 8.0
vertex 8.065837860107422 -3.591142416000366 8.0
vertex 7.837834358215332 -3.738455295562744 12.0
endloop
endfacet
facet normal 0.9280932545661926 -0.3702716529369354 0.03926561400294304
outer loop
vertex 8.065837860107422 -3.591142416000366 8.0
vertex 8.258747100830078 -2.683429479598999 12.0
vertex 7.837834358215332 -3.738455295562744 12.0
endloop
endfacet
facet normal 0.9376716613769531 -0.34592533111572266 0.03327880799770355
outer loop
vertex 8.065837860107422 -3.591142416000366 8.0
vertex 8.465571403503418 -2.5076165199279785 8.0
vertex 8.258747100830078 -2.683429479598999 12.0
endloop
endfacet
facet normal 0.9684834480285645 -0.245963454246521 0.03926561400294304
outer loop
vertex 8.465571403503418 -2.5076165199279785 8.0
vertex 8.538350105285645 -1.5824896097183228 12.0
vertex 8.258747100830078 -2.683429479598999 12.0
endloop
endfacet
facet normal 0.9748020768165588 -0.22057519853115082 0.03327880799770355
outer loop
vertex 8.465571403503418 -2.5076165199279785 8.0
vertex 8.720457077026367 -1.381184697151184 8.0
vertex 8.538350105285645 -1.5824896097183228 12.0
endloop
endfacet
facet normal 0.9923025965690613 -0.11744675040245056 0.03926561400294304
outer loop
vertex 8.720457077026367 -1.381184697151184 8.0
vertex 8.671859741210938 -0.4544728994369507 12.0
vertex 8.538350105285645 -1.5824896097183228 12.0
endloop
endfacet
facet normal 0.9952533841133118 -0.09145093709230423 0.03327880799770355
outer loop
vertex 8.720457077026367 -1.381184697151184 8.0
vertex 8.826132774353027 -0.23112042248249054 8.0
vertex 8.671859741210938 -0.4544728994369507 12.0
endloop
endfacet
facet normal 0.9991431832313538 0.013079500757157803 0.03926561400294304
outer loop
vertex 8.826132774353027 -0.23112042248249054 8.0
vertex 8.656991004943848 0.6813200116157532 12.0
vertex 8.671859741210938 -0.4544728994369507 12.0
endloop
endfacet
facet normal 0.9986755847930908 0.03923806920647621 0.03327880799770355
outer loop
vertex 8.826132774353027 -0.23112042248249054 8.0
vertex 8.780791282653809 0.9228983521461487 8.0
vertex 8.656991004943848 0.6813200116157532 12.0
endloop
endfacet
facet normal 0.9888882040977478 0.1433819681406021 0.03926561400294304
outer loop
vertex 8.780791282653809 0.9228983521461487 8.0
vertex 8.493999481201172 1.8054553270339966 12.0
vertex 8.656991004943848 0.6813200116157532 12.0
endloop
endfacet
facet normal 0.9517282247543335 0.2684151232242584 0.1488848626613617
outer loop
vertex 8.493999481201172 1.8054553270339966 12.0
vertex 8.185672760009766 2.8986988067626953 12.0
vertex 7.674205303192139 2.4935004711151123 16.0
endloop
endfacet
facet normal 0.917667806148529 0.3661123514175415 0.15442635118961334
outer loop
vertex 8.185672760009766 2.8986988067626953 12.0
vertex 7.283084392547607 3.47385311126709 16.0
vertex 7.674205303192139 2.4935004711151123 16.0
endloop
endfacet
facet normal 0.9085508584976196 0.3903442621231079 0.1488848626613617
outer loop
vertex 8.185672760009766 2.8986988067626953 12.0
vertex 7.7372870445251465 3.9423446655273438 12.0
vertex 7.283084392547607 3.47385311126709 16.0
endloop
endfacet
facet normal 0.8620297908782959 0.48275989294052124 0.15442635118961334
outer loop
vertex 7.7372870445251465 3.9423446655273438 12.0
vertex 6.767347812652588 4.394766807556152 16.0
vertex 7.283084392547607 3.47385311126709 16.0
endloop
endfacet
facet normal 0.8498279452323914 0.5055944919586182 0.1488848626613617
outer loop
vertex 7.7372870445251465 3.9423446655273438 12.0
vertex 7.156514644622803 4.918536186218262 12.0
vertex 6.767347812652588 4.394766807556152 16.0
endloop
endfacet
facet normal 0.7916421890258789 0.5911473035812378 0.15442635118961334
outer loop
vertex 7.156514644622803 4.918536186218262 12.0
vertex 6.135819911956787 5.240485191345215 16.0
vertex 6.767347812652588 4.394766807556152 16.0
endloop
endfacet
facet normal 0.7765641808509827 0.6121938824653625 0.1488848626613617
outer loop
vertex 7.156514644622803 4.918536186218262 12.0
vertex 6.453291893005371 5.810569763183594 12.0
vertex 6.135819911956787 5.240485191345215 16.0
endloop
endfacet
facet normal 0.7077093720436096 0.6894199848175049 0.15442635118961334
outer loop
vertex 6.453291893005371 5.810569763183594 12.0
vertex 5.399306774139404 5.996537685394287 16.0
vertex 6.135819911956787 5.240485191345215 16.0
endloop
endfacet
facet normal 0.6900132894515991 0.7083184123039246 0.1488848626613617
outer loop
vertex 6.453291893005371 5.810569763183594 12.0
vertex 5.639651298522949 6.603183269500732 12.0
vertex 5.399306774139404 5.996537685394287 16.0
endloop
endfacet
facet normal 0.6116675138473511 0.7758964896202087 0.15442635118961334
outer loop
vertex 5.639651298522949 6.603183269500732 12.0
vertex 4.570409774780273 6.64998722076416 16.0
vertex 5.399306774139404 5.996537685394287 16.0
endloop
endfacet
facet normal 0.591655969619751 0.7923234701156616 0.1488848626613617
outer loop
vertex 5.639651298522949 6.603183269500732 12.0
vertex 4.729515075683594 7.2828145027160645 12.0
vertex 4.570409774780273 6.64998722076416 16.0
endloop
endfacet
facet normal 0.5051597952842712 0.8490972518920898 0.15442635118961334
outer loop
vertex 4.729515075683594 7.2828145027160645 12.0
vertex 3.66331148147583 7.1896538734436035 16.0
vertex 4.570409774780273 6.64998722076416 16.0
endloop
endfacet
facet normal 0.4831753373146057 0.8627716302871704 0.1488848626613617
outer loop
vertex 4.729515075683594 7.2828145027160645 12.0
vertex 3.738455295562744 7.837834358215332 12.0
vertex 3.66331148147583 7.1896538734436035 16.0
endloop
endfacet
facet normal 0.3900086283683777 0.9077696800231934 0.15442635118961334
outer loop
vertex 3.738455295562744 7.837834358215332 12.0
vertex 2.693533420562744 7.6063032150268555 16.0
vertex 3.66331148147583 7.1896538734436035 16.0
endloop
endfacet
facet normal 0.36642739176750183 0.918457567691803 0.1488848626613617
outer loop
vertex 3.738455295562744 7.837834358215332 12.0
vertex 2.683429479598999 8.258747100830078 12.0
vertex 2.693533420562744 7.6063032150268555 16.0
endloop
endfacet
facet normal 0.2681843340396881 0.9509099125862122 0.15442635118961334
outer loop
vertex 2.683429479598999 8.258747100830078 12.0
vertex 1.6776679754257202 7.8928070068359375 16.0
vertex 2.693533420562744 7.6063032150268555 16.0
endloop
endfacet
facet normal 0.24340979754924774 0.9584283828735352 0.1488848626613617
outer loop
vertex 2.683429479598999 8.258747100830078 12.0
vertex 1.5824896097183228 8.538350105285645 12.0
vertex 1.6776679754257202 7.8928070068359375 16.0
endloop
endfacet
facet normal 0.1417713314294815 0.9777798056602478 0.15442635118961334
outer loop
vertex 1.5824896097183228 8.538350105285645 12.0
vertex 0.6330971717834473 8.044262886047363 16.0
vertex 1.6776679754257202 7.8928070068359375 16.0
endloop
endfacet
facet normal 0.11622738838195801 0.9820002317428589 0.1488848626613617
outer loop
vertex 1.5824896097183228 8.538350105285645 12.0
vertex 0.4544728994369507 8.671859741210938 12.0
vertex 0.6330971717834473 8.044262886047363 16.0
endloop
endfacet
facet normal 0.012932577170431614 0.9879196286201477 0.15442635118961334
outer loop
vertex 0.4544728994369507 8.671859741210938 12.0
vertex -0.42230600118637085 8.05807876586914 16.0
vertex 0.6330971717834473 8.044262886047363 16.0
endloop
endfacet
facet normal -0.012943705543875694 0.9887698292732239 0.1488848626613617
outer loop
vertex 0.4544728994369507 8.671859741210938 12.0
vertex -0.6813200116157532 8.656991004943848 12.0
vertex -0.42230600118637085 8.05807876586914 16.0
endloop
endfacet
facet normal -0.11612745374441147 0.9811559319496155 0.15442635118961334
outer loop
vertex -0.6813200116157532 8.656991004943848 12.0
vertex -1.470483422279358 7.934018611907959 16.0
vertex -0.42230600118637085 8.05807876586914 16.0
endloop
endfacet
facet normal -0.14189332723617554 0.978621244430542 0.1488848626613617
outer loop
vertex -0.6813200116157532 8.656991004943848 12.0
vertex -1.8054553270339966 8.493999481201172 12.0
vertex -1.470483422279358 7.934018611907959 16.0
endloop
endfacet
facet normal -0.24320051074028015 0.9576042890548706 0.15442635118961334
outer loop
vertex -1.8054553270339966 8.493999481201172 12.0
vertex -2.4935004711151123 7.674205303192139 16.0
vertex -1.470483422279358 7.934018611907959 16.0
endloop
endfacet
facet normal -0.2684151232242584 0.9517282247543335 0.1488848626613617
outer loop
vertex -1.8054553270339966 8.493999481201172 12.0
vertex -2.8986988067626953 8.185672760009766 12.0
vertex -2.4935004711151123 7.674205303192139 16.0
endloop
endfacet
facet normal -0.3661123514175415 0.917667806148529 0.15442635118961334
outer loop
vertex -2.8986988067626953 8.185672760009766 12.0
vertex -3.47385311126709 7.283084392547607 16.0
vertex -2.4935004711151123 7.674205303192139 16.0
endloop
endfacet
facet normal -0.3903442621231079 0.9085508584976196 0.1488848626613617
outer loop
vertex -2.8986988067626953 8.185672760009766 12.0
vertex -3.9423446655273438 7.7372870445251465 12.0
vertex -3.47385311126709 7.283084392547607 16.0
endloop
endfacet
facet normal -0.48275989294052124 0.8620297908782959 0.15442635118961334
outer loop
vertex -3.9423446655273438 7.7372870445251465 12.0
vertex -4.394766807556152 6.767347812652588 16.0
vertex -3.47385311126709 7.283084392547607 16.0
endloop
endfacet
facet normal -0.5055944919586182 0.8498279452323914 0.1488848626613617
outer loop
vertex -3.9423446655273438 7.7372870445251465 12.0
vertex -4.918536186218262 7.156514644622803 12.0
vertex -4.394766807556152 6.767347812652588 16.0
endloop
endfacet
facet normal -0.5911473035812378 0.7916421890258789 0.15442635118961334
outer loop
vertex -4.918536186218262 7.156514644622803 12.0
vertex -5.240485191345215 6.135819911956787 16.0
vertex -4.394766807556152 6.767347812652588 16.0
endloop
endfacet
facet normal -0.6121938824653625 0.7765641808509827 0.1488848626613617
outer loop
vertex -4.918536186218262 7.156514644622803 12.0
vertex -5.810569763183594 6.453291893005371 12.0
vertex -5.240485191345215 6.135819911956787 16.0
endloop
endfacet
facet normal -0.6894199848175049 0.7077093720436096 0.15442635118961334
outer loop
vertex -5.810569763183594 6.453291893005371 12.0
vertex -5.996537685394287 5.399306774139404 16.0
vertex -5.240485191345215 6.135819911956787 16.0
endloop
endfacet
facet normal -0.7083184123039246 0.6900132894515991 0.1488848626613617
outer loop
vertex -5.810569763183594 6.453291893005371 12.0
vertex -6.603183269500732 5.639651298522949 12.0
vertex -5.996537685394287 5.399306774139404 16.0
endloop
endfacet
facet normal -0.7758964896202087 0.6116675138473511 0.15442635118961334
outer loop
vertex -6.603183269500732 5.639651298522949 12.0
vertex -6.64998722076416 4.570409774780273 16.0
vertex -5.996537685394287 5.399306774139404 16.0
endloop
endfacet
facet normal -0.7923234701156616 0.591655969619751 0.1488848626613617
outer loop
vertex -6.603183269500732 5.639651298522949 12.0
vertex -7.2828145027160645 4.729515075683594 12.0
vertex -6.64998722076416 4.570409774780273 16.0
endloop
endfacet
facet normal -0.8490972518920898 0.5051597952842712 0.15442635118961334
outer loop
vertex -7.2828145027160645 4.729515075683594 12.0
vertex -7.1896538734436035 3.66331148147583 16.0
vertex -6.64998722076416 4.570409774780273 16.0
endloop
endfacet
facet normal -0.8627716302871704 0.4831753373146057 0.1488848626613617
outer loop
vertex -7.2828145027160645 4.729515075683594 12.0
vertex -7.837834358215332 3.738455295562744 12.0
vertex -7.1896538734436035 3.66331148147583 16.0
endloop
endfacet
facet normal -0.9077696800231934 0.3900086283683777 0.15442635118961334
outer loop
vertex -7.837834358215332 3.738455295562744 12.0
vertex -7.6063032150268555 2.693533420562744 16.0
vertex -7.1896538734436035 3.66331148147583 16.0
endloop
endfacet
facet normal -0.918457567691803 0.36642739176750183 0.1488848626613617
outer loop
vertex -7.837834358215332 3.738455295562744 12.0
vertex -8.258747100830078 2.683429479598999 12.0
vertex -7.6063032150268555 2.693533420562744 16.0
endloop
endfacet
facet normal -0.9509099125862122 0.2681843340396881 0.15442635118961334
outer loop
vertex -8.258747100830078 2.683429479598999 12.0
vertex -7.8928070068359375 1.6776679754257202 16.0
vertex -7.6063032150268555 2.693533420562744 16.0
endloop
endfacet
facet normal -0.9584283828735352 0.24340979754924774 0.1488848626613617
outer loop
vertex -8.258747100830078 2.683429479598999 12.0
vertex -8.538350105285645 1.5824896097183228 12.0
vertex -7.8928070068359375 1.6776679754257202 16.0
endloop
endfacet
facet normal -0.9777798056602478 0.1417713314294815 0.15442635118961334
outer loop
vertex -8.538350105285645 1.5824896097183228 12.0
vertex -8.044262886047363 0.6330971717834473 16.0
vertex -7.8928070068359375 1.6776679754257202 16.0
endloop
endfacet
facet normal -0.9820002317428589 0.11622738838195801 0.1488848626613617
outer loop
vertex -8.538350105285645 1.5824896097183228 12.0
vertex -8.671859741210938 0.4544728994369507 12.0
vertex -8.044262886047363 0.6330971717834473 16.0
endloop
endfacet
facet normal -0.9879196286201477 0.012932577170431614 0.15442635118961334
outer loop
vertex -8.671859741210938 0.4544728994369507 12.0
vertex -8.05807876586914 -0.42230600118637085 16.0
vertex -8.044262886047363 0.6330971717834473 16.0
endloop
endfacet
facet normal -0.9887698292732239 -0.012943705543875694 0.1488848626613617
outer loop
vertex -8.671859741210938 0.4544728994369507 12.0
vertex -8.656991004943848 -0.6813200116157532 12.0
vertex -8.05807876586914 -0.42230600118637085 16.0
endloop
endfacet
facet normal -0.9811559319496155 -0.11612745374441147 0.15442635118961334
outer loop
vertex -8.656991004943848 -0.6813200116157532 12.0
vertex -7.934018611907959 -1.470483422279358 16.0
vertex -8.05807876586914 -0.42230600118637085 16.0
endloop
endfacet
facet normal -0.978621244430542 -0.14189332723617554 0.1488848626613617
outer loop
vertex -8.656991004943848 -0.6813200116157532 12.0
vertex -8.493999481201172 -1.8054553270339966 12.0
vertex -7.934018611907959 -1.470483422279358 16.0
endloop
endfacet
facet normal -0.9576042890548706 -0.24320051074028015 0.15442635118961334
outer loop
vertex -8.493999481201172 -1.8054553270339966 12.0
vertex -7.674205303192139 -2.4935004711151123 16.0
vertex -7.934018611907959 -1.470483422279358 16.0
endloop
endfacet
facet normal -0.9517282247543335 -0.2684151232242584 0.1488848626613617
outer loop
vertex -8.493999481201172 -1.8054553270339966 12.0
vertex -8.185672760009766 -2.8986988067626953 12.0
vertex -7.674205303192139 -2.4935004711151123 16.0
endloop
endfacet
facet normal -0.917667806148529 -0.3661123514175415 0.15442635118961334
outer loop
vertex -8.185672760009766 -2.8986988067626953 12.0
vertex -7.283084392547607 -3.47385311126709 16.0
vertex -7.674205303192139 -2.4935004711151123 16.0
endloop
endfacet
facet normal -0.9085508584976196 -0.3903442621231079 0.1488848626613617
outer loop
vertex -8.185672760009766 -2.8986988067626953 12.0
vertex -7.7372870445251465 -3.9423446655273438 12.0
vertex -7.283084392547607 -3.47385311126709 16.0
endloop
endfacet
facet normal -0.8620297908782959 -0.48275989294052124 0.15442635118961334
outer loop
vertex -7.7372870445251465 -3.9423446655273438 12.0
vertex -6.767347812652588 -4.394766807556152 16.0
vertex -7.283084392547607 -3.47385311126709 16.0
endloop
endfacet
facet normal -0.8498279452323914 -0.5055944919586182 0.1488848626613617
outer loop
vertex -7.7372870445251465 -3.9423446655273438 12.0
vertex -7.156514644622803 -4.918536186218262 12.0
vertex -6.767347812652588 -4.394766807556152 16.0
endloop
endfacet
facet normal -0.7916421890258789 -0.5911473035812378 0.15442635118961334
outer loop
vertex -7.156514644622803 -4.918536186218262 12.0
vertex -6.135819911956787 -5.240485191345215 16.0
vertex -6.767347812652588 -4.394766807556152 16.0
endloop
endfacet
facet normal -0.7765641808509827 -0.6121938824653625 0.1488848626613617
outer loop
vertex -7.156514644622803 -4.918536186218262 12.0
vertex -6.453291893005371 -5.810569763183594 12.0
vertex -6.135819911956787 -5.240485191345215 16.0
endloop
endfacet
facet normal -0.7077093720436096 -0.6894199848175049 0.15442635118961334
outer loop
vertex -6.453291893005371 -5.810569763183594 12.0
vertex -5.399306774139404 -5.996537685394287 16.0
vertex -6.135819911956787 -5.240485191345215 16.0
endloop
endfacet
facet normal -0.6900132894515991 -0.7083184123039246 0.1488848626613617
outer loop
vertex -6.453291893005371 -5.810569763183594 12.0
vertex -5.639651298522949 -6.603183269500732 12.0
vertex -5.399306774139404 -5.996537685394287 16.0
endloop
endfacet
facet normal -0.6116675138473511 -0.7758964896202087 0.15442635118961334
outer loop
vertex -5.639651298522949 -6.603183269500732 12.0
vertex -4.570409774780273 -6.64998722076416 16.0
vertex -5.399306774139404 -5.996537685394287 16.0
endloop
endfacet
facet normal -0.591655969619751 -0.7923234701156616 0.1488848626613617
outer loop
vertex -5.639651298522949 -6.603183269500732 12.0
vertex -4.729515075683594 -7.2828145027160645 12.0
vertex -4.570409774780273 -6.64998722076416 16.0
endloop
endfacet
facet normal -0.5051597952842712 -0.8490972518920898 0.15442635118961334
outer loop
vertex -4.729515075683594 -7.2828145027160645 12.0
vertex -3.66331148147583 -7.1896538734436035 16.0
vertex -4.570409774780273 -6.64998722076416 16.0
endloop
endfacet
facet normal -0.4831753373146057 -0.8627716302871704 0.1488848626613617
outer loop
vertex -4.729515075683594 -7.2828145027160645 12.0
vertex -3.738455295562744 -7.837834358215332 12.0
vertex -3.66331148147583 -7.1896538734436035 16.0
endloop
endfacet
facet normal -0.3900086283683777 -0.9077696800231934 0.15442635118961334
outer loop
vertex -3.738455295562744 -7.837834358215332 12.0
vertex -2.693533420562744 -7.6063032150268555 16.0
vertex -3.66331148147583 -7.1896538734436035 16.0
endloop
endfacet
facet normal -0.36642739176750183 -0.918457567691803 0.1488848626613617
outer loop
vertex -3.738455295562744 -7.837834358215332 12.0
vertex -2.683429479598999 -8.258747100830078 12.0
vertex -2.693533420562744 -7.6063032150268555 16.0
endloop
endfacet
facet normal -0.2681843340396881 -0.9509099125862122 0.15442635118961334
outer loop
vertex -2.683429479598999 -8.258747100830078 12.0
vertex -1.6776679754257202 -7.8928070068359375 16.0
vertex -2.693533420562744 -7.6063032150268555 16.0
endloop
endfacet
facet normal -0.24340979754924774 -0.9584283828735352 0.1488848626613617
outer loop
vertex -2.683429479598999 -8.258747100830078 12.0
vertex -1.5824896097183228 -8.538350105285645 12.0
vertex -1.6776679754257202 -7.8928070068359375 16.0
endloop
endfacet
facet normal -0.1417713314294815 -0.9777798056602478 0.15442635118961334
outer loop
vertex -1.5824896097183228 -8.538350105285645 12.0
vertex -0.6330971717834473 -8.044262886047363 16.0
vertex -1.6776679754257202 -7.8928070068359375 16.0
endloop
endfacet
facet normal -0.11622738838195801 -0.9820002317428589 0.1488848626613617
outer loop
vertex -1.5824896097183228 -8.538350105285645 12.0
vertex -0.4544728994369507 -8.671859741210938 12.0
vertex -0.6330971717834473 -8.044262886047363 16.0
endloop
endfacet
facet normal -0.012932577170431614 -0.9879196286201477 0.15442635118961334
outer loop
vertex -0.4544728994369507 -8.671859741210938 12.0
vertex 0.42230600118637085 -8.05807876586914 16.0
vertex -0.6330971717834473 -8.044262886047363 16.0
endloop
endfacet
facet normal 0.012943705543875694 -0.9887698292732239 0.1488848626613617
outer loop
vertex -0.4544728994369507 -8.671859741210938 12.0
vertex 0.6813200116157532 -8.656991004943848 12.0
vertex 0.42230600118637085 -8.05807876586914 16.0
endloop
endfacet
facet normal 0.11612745374441147 -0.9811559319496155 0.15442635118961334
outer loop
vertex 0.6813200116157532 -8.656991004943848 12.0
vertex 1.470483422279358 -7.934018611907959 16.0
vertex 0.42230600118637085 -8.05807876586914 16.0
endloop
endfacet
facet normal 0.14189332723617554 -0.978621244430542 0.1488848626613617
outer loop
vertex 0.6813200116157532 -8.656991004943848 12.0
vertex 1.8054553270339966 -8.493999481201172 12.0
vertex 1.470483422279358 -7.934018611907959 16.0
endloop
endfacet
facet normal 0.24320051074028015 -0.9576042890548706 0.15442635118961334
outer loop
vertex 1.8054553270339966 -8.493999481201172 12.0
vertex 2.4935004711151123 -7.674205303192139 16.0
vertex 1.470483422279358 -7.934018611907959 16.0
endloop
endfacet
facet normal 0.2684151232242584 -0.9517282247543335 0.1488848626613617
outer loop
vertex 1.8054553270339966 -8.493999481201172 12.0
vertex 2.8986988067626953 -8.185672760009766 12.0
vertex 2.4935004711151123 -7.674205303192139 16.0
endloop
endfacet
facet normal 0.3661123514175415 -0.917667806148529 0.15442635118961334
outer loop
vertex 2.8986988067626953 -8.185672760009766 12.0
vertex 3.47385311126709 -7.283084392547607 16.0
vertex 2.4935004711151123 -7.674205303192139 16.0
endloop
endfacet
facet normal 0.3903442621231079 -0.9085508584976196 0.1488848626613617
outer loop
vertex 2.8986988067626953 -8.185672760009766 12.0
vertex 3.9423446655273438 -7.7372870445251465 12.0
vertex 3.47385311126709 -7.283084392547607 16.0
endloop
endfacet
facet normal 0.48275989294052124 -0.8620297908782959 0.15442635118961334
outer loop
vertex 3.9423446655273438 -7.7372870445251465 12.0
vertex 4.394766807556152 -6.767347812652588 16.0
vertex 3.47385311126709 -7.283084392547607 16.0
endloop
endfacet
facet normal 0.5055944919586182 -0.8498279452323914 0.1488848626613617
outer loop
vertex 3.9423446655273438 -7.7372870445251465 12.0
vertex 4.918536186218262 -7.156514644622803 12.0
vertex 4.394766807556152 -6.767347812652588 16.0
endloop
endfacet
facet normal 0.5911473035812378 -0.7916421890258789 0.15442635118961334
outer loop
vertex 4.918536186218262 -7.156514644622803 12.0
vertex 5.240485191345215 -6.135819911956787 16.0
vertex 4.394766807556152 -6.767347812652588 16.0
endloop
endfacet
facet normal 0.6121938824653625 -0.7765641808509827 0.1488848626613617
outer loop
vertex 4.918536186218262 -7.156514644622803 12.0
vertex 5.810569763183594 -6.453291893005371 12.0
vertex 5.240485191345215 -6.135819911956787 16.0
endloop
endfacet
facet normal 0.6894199848175049 -0.7077093720436096 0.15442635118961334
outer loop
vertex 5.810569763183594 -6.453291893005371 12.0
vertex 5.996537685394287 -5.399306774139404 16.0
vertex 5.240485191345215 -6.135819911956787 16.0
endloop
endfacet
facet normal 0.7083184123039246 -0.6900132894515991 0.1488848626613617
outer loop
vertex 5.810569763183594 -6.453291893005371 12.0
vertex 6.603183269500732 -5.639651298522949 12.0
vertex 5.996537685394287 -5.399306774139404 16.0
endloop
endfacet
facet normal 0.7758964896202087 -0.6116675138473511 0.15442635118961334
outer loop
vertex 6.603183269500732 -5.639651298522949 12.0
vertex 6.64998722076416 -4.570409774780273 16.0
vertex 5.996537685394287 -5.399306774139404 16.0
endloop
endfacet
facet normal 0.7923234701156616 -0.591655969619751 0.1488848626613617
outer loop
vertex 6.603183269500732 -5.639651298522949 12.0
vertex 7.2828145027160645 -4.729515075683594 12.0
vertex 6.64998722076416 -4.570409774780273 16.0
endloop
endfacet
facet normal 0.8490972518920898 -0.5051597952842712 0.15442635118961334
outer loop
vertex 7.2828145027160645 -4.729515075683594 12.0
vertex 7.1896538734436035 -3.66331148147583 16.0
vertex 6.64998722076416 -4.570409774780273 16.0
endloop
endfacet
facet normal 0.8627716302871704 -0.4831753373146057 0.1488848626613617
outer loop
vertex 7.2828145027160645 -4.729515075683594 12.0
vertex 7.837834358215332 -3.738455295562744 12.0
vertex 7.1896538734436035 -3.66331148147583 16.0
endloop
endfacet
facet normal 0.9077696800231934 -0.3900086283683777 0.15442635118961334
outer loop
vertex 7.837834358215332 -3.738455295562744 12.0
vertex 7.6063032150268555 -2.693533420562744 16.0
vertex 7.1896538734436035 -3.66331148147583 16.0
endloop
endfacet
facet normal 0.918457567691803 -0.36642739176750183 0.1488848626613617
outer loop
vertex 7.837834358215332 -3.738455295562744 12.0
vertex 8.258747100830078 -2.683429479598999 12.0
vertex 7.6063032150268555 -2.693533420562744 16.0
endloop
endfacet
facet normal 0.9509099125862122 -0.2681843340396881 0.15442635118961334
outer loop
vertex 8.258747100830078 -2.683429479598999 12.0
vertex 7.8928070068359375 -1.6776679754257202 16.0
vertex 7.6063032150268555 -2.693533420562744 16.0
endloop
endfacet
facet normal 0.9584283828735352 -0.24340979754924774 0.1488848626613617
outer loop
vertex 8.258747100830078 -2.683429479598999 12.0
vertex 8.538350105285645 -1.5824896097183228 12.0
vertex 7.8928070068359375 -1.6776679754257202 16.0
endloop
endfacet
facet normal 0.9777798056602478 -0.1417713314294815 0.15442635118961334
outer loop
vertex 8.538350105285645 -1.5824896097183228 12.0
vertex 8.044262886047363 -0.6330971717834473 16.0
vertex 7.8928070068359375 -1.6776679754257202 16.0
endloop
endfacet
facet normal 0.9820002317428589 -0.11622738838195801 0.1488848626613617
outer loop
vertex 8.538350105285645 -1.5824896097183228 12.0
vertex 8.671859741210938 -0.4544728994369507 12.0
vertex 8.044262886047363 -0.6330971717834473 16.0
endloop
endfacet
facet normal 0.9879196286201477 -0.012932577170431614 0.15442635118961334
outer loop
vertex 8.671859741210938 -0.4544728994369507 12.0
vertex 8.05807876586914 0.42230600118637085 16.0
vertex 8.044262886047363 -0.6330971717834473 16.0
endloop
endfacet
facet normal 0.9887698292732239 0.012943705543875694 0.1488848626613617
outer loop
vertex 8.671859741210938 -0.4544728994369507 12.0
vertex 8.656991004943848 0.6813200116157532 12.0
vertex 8.05807876586914 0.42230600118637085 16.0
endloop
endfacet
facet normal 0.9811559319496155 0.11612745374441147 0.15442635118961334
outer loop
vertex 8.656991004943848 0.6813200116157532 12.0
vertex 7.934018611907959 1.470483422279358 16.0
vertex 8.05807876586914 0.42230600118637085 16.0
endloop
endfacet
facet normal 0.978621244430542 0.14189332723617554 0.1488848626613617
outer loop
vertex 8.656991004943848 0.6813200116157532 12.0
vertex 8.493999481201172 1.8054553270339966 12.0
vertex 7.934018611907959 1.470483422279358 16.0
endloop
endfacet
facet normal 0.9576042890548706 0.24320051074028015 0.15442635118961334
outer loop
vertex 8.493999481201172 1.8054553270339966 12.0
vertex 7.674205303192139 2.4935004711151123 16.0
vertex 7.934018611907959 1.470483422279358 16.0
endloop
endfacet
facet normal 0.9287172555923462 0.37052062153816223 -0.014097960665822029
outer loop
vertex 7.674205303192139 2.4935004711151123 16.0
vertex 7.283084392547607 3.47385311126709 16.0
vertex 7.41297721862793 3.3004701137542725 20.0
endloop
endfacet
facet normal 0.8849552273750305 0.4655974805355072 -0.008555690757930279
outer loop
vertex 7.283084392547607 3.47385311126709 16.0
vertex 6.918760299682617 4.239821910858154 20.0
vertex 7.41297721862793 3.3004701137542725 20.0
endloop
endfacet
facet normal 0.8724092841148376 0.4885726869106293 -0.014097960665822029
outer loop
vertex 7.283084392547607 3.47385311126709 16.0
vertex 6.767347812652588 4.394766807556152 16.0
vertex 6.918760299682617 4.239821910858154 20.0
endloop
endfacet
facet normal 0.816611647605896 0.5771240592002869 -0.008555690757930279
outer loop
vertex 6.767347812652588 4.394766807556152 16.0
vertex 6.306161880493164 5.106628894805908 20.0
vertex 6.918760299682617 4.239821910858154 20.0
endloop
endfacet
facet normal 0.8011741638183594 0.5982651114463806 -0.014097960665822029
outer loop
vertex 6.767347812652588 4.394766807556152 16.0
vertex 6.135819911956787 5.240485191345215 16.0
vertex 6.306161880493164 5.106628894805908 20.0
endloop
endfacet
facet normal 0.7342956066131592 0.6787759065628052 -0.008555690757930279
outer loop
vertex 6.135819911956787 5.240485191345215 16.0
vertex 5.585662841796875 5.8860602378845215 20.0
vertex 6.306161880493164 5.106628894805908 20.0
endloop
endfacet
facet normal 0.7162307500839233 0.6977211236953735 -0.014097960665822029
outer loop
vertex 6.135819911956787 5.240485191345215 16.0
vertex 5.399306774139404 5.996537685394287 16.0
vertex 5.585662841796875 5.8860602378845215 20.0
endloop
endfacet
facet normal 0.6394156217575073 0.7688136696815491 -0.008555690757930279
outer loop
vertex 5.399306774139404 5.996537685394287 16.0
vertex 4.769591808319092 6.564779758453369 20.0
vertex 5.585662841796875 5.8860602378845215 20.0
endloop
endfacet
facet normal 0.6190324425697327 0.7852388620376587 -0.014097960665822029
outer loop
vertex 5.399306774139404 5.996537685394287 16.0
vertex 4.570409774780273 6.64998722076416 16.0
vertex 4.769591808319092 6.564779758453369 20.0
endloop
endfacet
facet normal 0.5335949659347534 0.8456968665122986 -0.008555690757930279
outer loop
vertex 4.570409774780273 6.64998722076416 16.0
vertex 3.8719112873077393 7.131173610687256 20.0
vertex 4.769591808319092 6.564779758453369 20.0
endloop
endfacet
facet normal 0.5112422704696655 0.8593209981918335 -0.014097960665822029
outer loop
vertex 4.570409774780273 6.64998722076416 16.0
vertex 3.66331148147583 7.1896538734436035 16.0
vertex 3.8719112873077393 7.131173610687256 20.0
endloop
endfacet
facet normal 0.41864442825317383 0.9081099629402161 -0.008555690757930279
outer loop
vertex 3.66331148147583 7.1896538734436035 16.0
vertex 2.9079816341400146 7.575551509857178 20.0
vertex 3.8719112873077393 7.131173610687256 20.0
endloop
endfacet
facet normal 0.3947046399116516 0.9186999201774597 -0.014097960665822029
outer loop
vertex 3.66331148147583 7.1896538734436035 16.0
vertex 2.693533420562744 7.6063032150268555 16.0
vertex 2.9079816341400146 7.575551509857178 20.0
endloop
endfacet
facet normal 0.29653072357177734 0.9549849629402161 -0.008555690757930279
outer loop
vertex 2.693533420562744 7.6063032150268555 16.0
vertex 1.8942956924438477 7.8903093338012695 20.0
vertex 2.9079816341400146 7.575551509857178 20.0
endloop
endfacet
facet normal 0.2714134752750397 0.962359607219696 -0.014097960665822029
outer loop
vertex 2.693533420562744 7.6063032150268555 16.0
vertex 1.6776679754257202 7.8928070068359375 16.0
vertex 1.8942956924438477 7.8903093338012695 20.0
endloop
endfacet
facet normal 0.16934330761432648 0.9855200052261353 -0.008555690757930279
outer loop
vertex 1.6776679754257202 7.8928070068359375 16.0
vertex 0.8481976389884949 8.070061683654785 20.0
vertex 1.8942956924438477 7.8903093338012695 20.0
endloop
endfacet
facet normal 0.1434783637523651 0.9895530343055725 -0.014097960665822029
outer loop
vertex 1.6776679754257202 7.8928070068359375 16.0
vertex 0.6330971717834473 8.044262886047363 16.0
vertex 0.8481976389884949 8.070061683654785 20.0
endloop
endfacet
facet normal 0.039258379489183426 0.999192476272583 -0.008555690757930279
outer loop
vertex 0.6330971717834473 8.044262886047363 16.0
vertex -0.21241320669651031 8.111733436584473 20.0
vertex 0.8481976389884949 8.070061683654785 20.0
endloop
endfacet
facet normal 0.013088294304907322 0.9998149275779724 -0.014097960665822029
outer loop
vertex 0.6330971717834473 8.044262886047363 16.0
vertex -0.42230600118637085 8.05807876586914 16.0
vertex -0.21241320669651031 8.111733436584473 20.0
endloop
endfacet
facet normal -0.09149827063083649 0.9957684874534607 -0.008555690757930279
outer loop
vertex -0.42230600118637085 8.05807876586914 16.0
vertex -1.2693896293640137 8.014610290527344 20.0
vertex -0.21241320669651031 8.111733436584473 20.0
endloop
endfacet
facet normal -0.11752571910619736 0.9929697513580322 -0.014097960665822029
outer loop
vertex -0.42230600118637085 8.05807876586914 16.0
vertex -1.470483422279358 7.934018611907959 16.0
vertex -1.2693896293640137 8.014610290527344 20.0
endloop
endfacet
facet normal -0.22068935632705688 0.9753066301345825 -0.008555690757930279
outer loop
vertex -1.470483422279358 7.934018611907959 16.0
vertex -2.3046464920043945 7.780355930328369 20.0
vertex -1.2693896293640137 8.014610290527344 20.0
endloop
endfacet
facet normal -0.24612882733345032 0.9691345691680908 -0.014097960665822029
outer loop
vertex -1.470483422279358 7.934018611907959 16.0
vertex -2.4935004711151123 7.674205303192139 16.0
vertex -2.3046464920043945 7.780355930328369 20.0
endloop
endfacet
facet normal -0.34610438346862793 0.9381570219993591 -0.008555690757930279
outer loop
vertex -2.4935004711151123 7.674205303192139 16.0
vertex -3.3004701137542725 7.41297721862793 20.0
vertex -2.3046464920043945 7.780355930328369 20.0
endloop
endfacet
facet normal -0.37052062153816223 0.9287172555923462 -0.014097960665822029
outer loop
vertex -2.4935004711151123 7.674205303192139 16.0
vertex -3.47385311126709 7.283084392547607 16.0
vertex -3.3004701137542725 7.41297721862793 20.0
endloop
endfacet
facet normal -0.4655974805355072 0.8849552273750305 -0.008555690757930279
outer loop
vertex -3.47385311126709 7.283084392547607 16.0
vertex -4.239821910858154 6.918760299682617 20.0
vertex -3.3004701137542725 7.41297721862793 20.0
endloop
endfacet
facet normal -0.4885726869106293 0.8724092841148376 -0.014097960665822029
outer loop
vertex -3.47385311126709 7.283084392547607 16.0
vertex -4.394766807556152 6.767347812652588 16.0
vertex -4.239821910858154 6.918760299682617 20.0
endloop
endfacet
facet normal -0.5771240592002869 0.816611647605896 -0.008555690757930279
outer loop
vertex -4.394766807556152 6.767347812652588 16.0
vertex -5.106628894805908 6.306161880493164 20.0
vertex -4.239821910858154 6.918760299682617 20.0
endloop
endfacet
facet normal -0.5982651114463806 0.8011741638183594 -0.014097960665822029
outer loop
vertex -4.394766807556152 6.767347812652588 16.0
vertex -5.240485191345215 6.135819911956787 16.0
vertex -5.106628894805908 6.306161880493164 20.0
endloop
endfacet
facet normal -0.6787759065628052 0.7342956066131592 -0.008555690757930279
outer loop
vertex -5.240485191345215 6.135819911956787 16.0
vertex -5.8860602378845215 5.585662841796875 20.0
vertex -5.106628894805908 6.306161880493164 20.0
endloop
endfacet
facet normal -0.6977211236953735 0.7162307500839233 -0.014097960665822029
outer loop
vertex -5.240485191345215 6.135819911956787 16.0
vertex -5.996537685394287 5.399306774139404 16.0
vertex -5.8860602378845215 5.585662841796875 20.0
endloop
endfacet
facet normal -0.7688136696815491 0.6394156217575073 -0.008555690757930279
outer loop
vertex -5.996537685394287 5.399306774139404 16.0
vertex -6.564779758453369 4.769591808319092 20.0
vertex -5.8860602378845215 5.585662841796875 20.0
endloop
endfacet
facet normal -0.7852388620376587 0.6190324425697327 -0.014097960665822029
outer loop
vertex -5.996537685394287 5.399306774139404 16.0
vertex -6.64998722076416 4.570409774780273 16.0
vertex -6.564779758453369 4.769591808319092 20.0
endloop
endfacet
facet normal -0.8456968665122986 0.5335949659347534 -0.008555690757930279
outer loop
vertex -6.64998722076416 4.570409774780273 16.0
vertex -7.131173610687256 3.8719112873077393 20.0
vertex -6.564779758453369 4.769591808319092 20.0
endloop
endfacet
facet normal -0.8593209981918335 0.5112422704696655 -0.014097960665822029
outer loop
vertex -6.64998722076416 4.570409774780273 16.0
vertex -7.1896538734436035 3.66331148147583 16.0
vertex -7.131173610687256 3.8719112873077393 20.0
endloop
endfacet
facet normal -0.9081099629402161 0.41864442825317383 -0.008555690757930279
outer loop
vertex -7.1896538734436035 3.66331148147583 16.0
vertex -7.575551509857178 2.9079816341400146 20.0
vertex -7.131173610687256 3.8719112873077393 20.0
endloop
endfacet
facet normal -0.9186999201774597 0.3947046399116516 -0.014097960665822029
outer loop
vertex -7.1896538734436035 3.66331148147583 16.0
vertex -7.6063032150268555 2.693533420562744 16.0
vertex -7.575551509857178 2.9079816341400146 20.0
endloop
endfacet
facet normal -0.9549849629402161 0.29653072357177734 -0.008555690757930279
outer loop
vertex -7.6063032150268555 2.693533420562744 16.0
vertex -7.8903093338012695 1.8942956924438477 20.0
vertex -7.575551509857178 2.9079816341400146 20.0
endloop
endfacet
facet normal -0.962359607219696 0.2714134752750397 -0.014097960665822029
outer loop
vertex -7.6063032150268555 2.693533420562744 16.0
vertex -7.8928070068359375 1.6776679754257202 16.0
vertex -7.8903093338012695 1.8942956924438477 20.0
endloop
endfacet
facet normal -0.9855200052261353 0.16934330761432648 -0.008555690757930279
outer loop
vertex -7.8928070068359375 1.6776679754257202 16.0
vertex -8.070061683654785 0.8481976389884949 20.0
vertex -7.8903093338012695 1.8942956924438477 20.0
endloop
endfacet
facet normal -0.9895530343055725 0.1434783637523651 -0.014097960665822029
outer loop
vertex -7.8928070068359375 1.6776679754257202 16.0
vertex -8.044262886047363 0.6330971717834473 16.0
vertex -8.070061683654785 0.8481976389884949 20.0
endloop
endfacet
facet normal -0.999192476272583 0.039258379489183426 -0.008555690757930279
outer loop
vertex -8.044262886047363 0.6330971717834473 16.0
vertex -8.111733436584473 -0.21241320669651031 20.0
vertex -8.070061683654785 0.8481976389884949 20.0
endloop
endfacet
facet normal -0.9998149275779724 0.013088294304907322 -0.014097960665822029
outer loop
vertex -8.044262886047363 0.6330971717834473 16.0
vertex -8.05807876586914 -0.42230600118637085 16.0
vertex -8.111733436584473 -0.21241320669651031 20.0
endloop
endfacet
facet normal -0.9957684874534607 -0.09149827063083649 -0.008555690757930279
outer loop
vertex -8.05807876586914 -0.42230600118637085 16.0
vertex -8.014610290527344 -1.2693896293640137 20.0
vertex -8.111733436584473 -0.21241320669651031 20.0
endloop
endfacet
facet normal -0.9929697513580322 -0.11752571910619736 -0.014097960665822029
outer loop
vertex -8.05807876586914 -0.42230600118637085 16.0
vertex -7.934018611907959 -1.470483422279358 16.0
vertex -8.014610290527344 -1.2693896293640137 20.0
endloop
endfacet
facet normal -0.9753066301345825 -0.22068935632705688 -0.008555690757930279
outer loop
vertex -7.934018611907959 -1.470483422279358 16.0
vertex -7.780355930328369 -2.3046464920043945 20.0
vertex -8.014610290527344 -1.2693896293640137 20.0
endloop
endfacet
facet normal -0.9691345691680908 -0.24612882733345032 -0.014097960665822029
outer loop
vertex -7.934018611907959 -1.470483422279358 16.0
vertex -7.674205303192139 -2.4935004711151123 16.0
vertex -7.780355930328369 -2.3046464920043945 20.0
endloop
endfacet
facet normal -0.9381570219993591 -0.34610438346862793 -0.008555690757930279
outer loop
vertex -7.674205303192139 -2.4935004711151123 16.0
vertex -7.41297721862793 -3.3004701137542725 20.0
vertex -7.780355930328369 -2.3046464920043945 20.0
endloop
endfacet
facet normal -0.9287172555923462 -0.37052062153816223 -0.014097960665822029
outer loop
vertex -7.674205303192139 -2.4935004711151123 16.0
vertex -7.283084392547607 -3.47385311126709 16.0
vertex -7.41297721862793 -3.3004701137542725 20.0
endloop
endfacet
facet normal -0.8849552273750305 -0.4655974805355072 -0.008555690757930279
outer loop
vertex -7.283084392547607 -3.47385311126709 16.0
vertex -6.918760299682617 -4.239821910858154 20.0
vertex -7.41297721862793 -3.3004701137542725 20.0
endloop
endfacet
facet normal -0.8724092841148376 -0.4885726869106293 -0.014097960665822029
outer loop
vertex -7.283084392547607 -3.47385311126709 16.0
vertex -6.767347812652588 -4.394766807556152 16.0
vertex -6.918760299682617 -4.239821910858154 20.0
endloop
endfacet
facet normal -0.816611647605896 -0.5771240592002869 -0.008555690757930279
outer loop
vertex -6.767347812652588 -4.394766807556152 16.0
vertex -6.306161880493164 -5.106628894805908 20.0
vertex -6.918760299682617 -4.239821910858154 20.0
endloop
endfacet
facet normal -0.8011741638183594 -0.5982651114463806 -0.014097960665822029
outer loop
vertex -6.767347812652588 -4.394766807556152 16.0
vertex -6.135819911956787 -5.240485191345215 16.0
vertex -6.306161880493164 -5.106628894805908 20.0
endloop
endfacet
facet normal -0.7342956066131592 -0.6787759065628052 -0.008555690757930279
outer loop
vertex -6.135819911956787 -5.240485191345215 16.0
vertex -5.585662841796875 -5.8860602378845215 20.0
vertex -6.306161880493164 -5.106628894805908 20.0
endloop
endfacet
facet normal -0.7162307500839233 -0.6977211236953735 -0.014097960665822029
outer loop
vertex -6.135819911956787 -5.240485191345215 16.0
vertex -5.399306774139404 -5.996537685394287 16.0
vertex -5.585662841796875 -5.8860602378845215 20.0
endloop
endfacet
facet normal -0.6394156217575073 -0.7688136696815491 -0.008555690757930279
outer loop
vertex -5.399306774139404 -5.996537685394287 16.0
vertex -4.769591808319092 -6.564779758453369 20.0
vertex -5.585662841796875 -5.8860602378845215 20.0
endloop
endfacet
facet normal -0.6190324425697327 -0.7852388620376587 -0.014097960665822029
outer loop
vertex -5.399306774139404 -5.996537685394287 16.0
vertex -4.570409774780273 -6.64998722076416 16.0
vertex -4.769591808319092 -6.564779758453369 20.0
endloop
endfacet
facet normal -0.5335949659347534 -0.8456968665122986 -0.008555690757930279
outer loop
vertex -4.570409774780273 -6.64998722076416 16.0
vertex -3.8719112873077393 -7.131173610687256 20.0
vertex -4.769591808319092 -6.564779758453369 20.0
endloop
endfacet
facet normal -0.5112422704696655 -0.8593209981918335 -0.014097960665822029
outer loop
vertex -4.570409774780273 -6.64998722076416 16.0
vertex -3.66331148147583 -7.1896538734436035 16.0
vertex -3.8719112873077393 -7.131173610687256 20.0
endloop
endfacet
facet normal -0.41864442825317383 -0.9081099629402161 -0.008555690757930279
outer loop
vertex -3.66331148147583 -7.1896538734436035 16.0
vertex -2.9079816341400146 -7.575551509857178 20.0
vertex -3.8719112873077393 -7.131173610687256 20.0
endloop
endfacet
facet normal -0.3947046399116516 -0.9186999201774597 -0.014097960665822029
outer loop
vertex -3.66331148147583 -7.1896538734436035 16.0
vertex -2.693533420562744 -7.6063032150268555 16.0
vertex -2.9079816341400146 -7.575551509857178 20.0
endloop
endfacet
facet normal -0.29653072357177734 -0.9549849629402161 -0.008555690757930279
outer loop
vertex -2.693533420562744 -7.6063032150268555 16.0
vertex -1.8942956924438477 -7.8903093338012695 20.0
vertex -2.9079816341400146 -7.575551509857178 20.0
endloop
endfacet
facet normal -0.2714134752750397 -0.962359607219696 -0.014097960665822029
outer loop
vertex -2.693533420562744 -7.6063032150268555 16.0
vertex -1.6776679754257202 -7.8928070068359375 16.0
vertex -1.8942956924438477 -7.8903093338012695 20.0
endloop
endfacet
facet normal -0.16934330761432648 -0.9855200052261353 -0.008555690757930279
outer loop
vertex -1.6776679754257202 -7.8928070068359375 16.0
vertex -0.8481976389884949 -8.070061683654785 20.0
vertex -1.8942956924438477 -7.8903093338012695 20.0
endloop
endfacet
facet normal -0.1434783637523651 -0.9895530343055725 -0.014097960665822029
outer loop
vertex -1.6776679754257202 -7.8928070068359375 16.0
vertex -0.6330971717834473 -8.044262886047363 16.0
vertex -0.8481976389884949 -8.070061683654785 20.0
endloop
endfacet
facet normal -0.039258379489183426 -0.999192476272583 -0.008555690757930279
outer loop
vertex -0.6330971717834473 -8.044262886047363 16.0
vertex 0.21241320669651031 -8.111733436584473 20.0
vertex -0.8481976389884949 -8.070061683654785 20.0
endloop
endfacet
facet normal -0.013088294304907322 -0.9998149275779724 -0.014097960665822029
outer loop
vertex -0.6330971717834473 -8.044262886047363 16.0
vertex 0.42230600118637085 -8.05807876586914 16.0
vertex 0.21241320669651031 -8.111733436584473 20.0
endloop
endfacet
facet normal 0.09149827063083649 -0.9957684874534607 -0.008555690757930279
outer loop
vertex 0.42230600118637085 -8.05807876586914 16.0
vertex 1.2693896293640137 -8.014610290527344 20.0
vertex 0.21241320669651031 -8.111733436584473 20.0
endloop
endfacet
facet normal 0.11752571910619736 -0.9929697513580322 -0.014097960665822029
outer loop
vertex 0.42230600118637085 -8.05807876586914 16.0
vertex 1.470483422279358 -7.934018611907959 16.0
vertex 1.2693896293640137 -8.014610290527344 20.0
endloop
endfacet
facet normal 0.22068935632705688 -0.9753066301345825 -0.008555690757930279
outer loop
vertex 1.470483422279358 -7.934018611907959 16.0
vertex 2.3046464920043945 -7.780355930328369 20.0
vertex 1.2693896293640137 -8.014610290527344 20.0
endloop
endfacet
facet normal 0.24612882733345032 -0.9691345691680908 -0.014097960665822029
outer loop
vertex 1.470483422279358 -7.934018611907959 16.0
vertex 2.4935004711151123 -7.674205303192139 16.0
vertex 2.3046464920043945 -7.780355930328369 20.0
endloop
endfacet
facet normal 0.34610438346862793 -0.9381570219993591 -0.008555690757930279
outer loop
vertex 2.4935004711151123 -7.674205303192139 16.0
vertex 3.3004701137542725 -7.41297721862793 20.0
vertex 2.3046464920043945 -7.780355930328369 20.0
endloop
endfacet
facet normal 0.37052062153816223 -0.9287172555923462 -0.014097960665822029
outer loop
vertex 2.4935004711151123 -7.674205303192139 16.0
vertex 3.47385311126709 -7.283084392547607 16.0
vertex 3.3004701137542725 -7.41297721862793 20.0
endloop
endfacet
facet normal 0.4655974805355072 -0.8849552273750305 -0.008555690757930279
outer loop
vertex 3.47385311126709 -7.283084392547607 16.0
vertex 4.239821910858154 -6.918760299682617 20.0
vertex 3.3004701137542725 -7.41297721862793 20.0
endloop
endfacet
facet normal 0.4885726869106293 -0.8724092841148376 -0.014097960665822029
outer loop
vertex 3.47385311126709 -7.283084392547607 16.0
vertex 4.394766807556152 -6.767347812652588 16.0
vertex 4.239821910858154 -6.918760299682617 20.0
endloop
endfacet
facet normal 0.5771240592002869 -0.816611647605896 -0.008555690757930279
outer loop
vertex 4.394766807556152 -6.767347812652588 16.0
vertex 5.106628894805908 -6.306161880493164 20.0
vertex 4.239821910858154 -6.918760299682617 20.0
endloop
endfacet
facet normal 0.5982651114463806 -0.8011741638183594 -0.014097960665822029
outer loop
vertex 4.394766807556152 -6.767347812652588 16.0
vertex 5.240485191345215 -6.135819911956787 16.0
vertex 5.106628894805908 -6.306161880493164 20.0
endloop
endfacet
facet normal 0.6787759065628052 -0.7342956066131592 -0.008555690757930279
outer loop
vertex 5.240485191345215 -6.135819911956787 16.0
vertex 5.8860602378845215 -5.585662841796875 20.0
vertex 5.106628894805908 -6.306161880493164 20.0
endloop
endfacet
facet normal 0.6977211236953735 -0.7162307500839233 -0.014097960665822029
outer loop
vertex 5.240485191345215 -6.135819911956787 16.0
vertex 5.996537685394287 -5.399306774139404 16.0
vertex 5.8860602378845215 -5.585662841796875 20.0
endloop
endfacet
facet normal 0.7688136696815491 -0.6394156217575073 -0.008555690757930279
outer loop
vertex 5.996537685394287 -5.399306774139404 16.0
vertex 6.564779758453369 -4.769591808319092 20.0
vertex 5.8860602378845215 -5.585662841796875 20.0
endloop
endfacet
facet normal 0.7852388620376587 -0.6190324425697327 -0.014097960665822029
outer loop
vertex 5.996537685394287 -5.399306774139404 16.0
vertex 6.64998722076416 -4.570409774780273 16.0
vertex 6.564779758453369 -4.769591808319092 20.0
endloop
endfacet
facet normal 0.8456968665122986 -0.5335949659347534 -0.008555690757930279
outer loop
vertex 6.64998722076416 -4.570409774780273 16.0
vertex 7.131173610687256 -3.8719112873077393 20.0
vertex 6.564779758453369 -4.769591808319092 20.0
endloop
endfacet
facet normal 0.8593209981918335 -0.5112422704696655 -0.014097960665822029
outer loop
vertex 6.64998722076416 -4.570409774780273 16.0
vertex 7.1896538734436035 -3.66331148147583 16.0
vertex 7.131173610687256 -3.8719112873077393 20.0
endloop
endfacet
facet normal 0.9081099629402161 -0.41864442825317383 -0.008555690757930279
outer loop
vertex 7.1896538734436035 -3.66331148147583 16.0
vertex 7.575551509857178 -2.9079816341400146 20.0
vertex 7.131173610687256 -3.8719112873077393 20.0
endloop
endfacet
facet normal 0.9186999201774597 -0.3947046399116516 -0.014097960665822029
outer loop
vertex 7.1896538734436035 -3.66331148147583 16.0
vertex 7.6063032150268555 -2.693533420562744 16.0
vertex 7.575551509857178 -2.9079816341400146 20.0
endloop
endfacet
facet normal 0.9549849629402161 -0.29653072357177734 -0.008555690757930279
outer loop
vertex 7.6063032150268555 -2.693533420562744 16.0
vertex 7.8903093338012695 -1.8942956924438477 20.0
vertex 7.575551509857178 -2.9079816341400146 20.0
endloop
endfacet
facet normal 0.962359607219696 -0.2714134752750397 -0.014097960665822029
outer loop
vertex 7.6063032150268555 -2.693533420562744 16.0
vertex 7.8928070068359375 -1.6776679754257202 16.0
vertex 7.8903093338012695 -1.8942956924438477 20.0
endloop
endfacet
facet normal 0.9855200052261353 -0.16934330761432648 -0.008555690757930279
outer loop
vertex 7.8928070068359375 -1.6776679754257202 16.0
vertex 8.070061683654785 -0.8481976389884949 20.0
vertex 7.8903093338012695 -1.8942956924438477 20.0
endloop
endfacet
facet normal 0.9895530343055725 -0.1434783637523651 -0.014097960665822029
outer loop
vertex 7.8928070068359375 -1.6776679754257202 16.0
vertex 8.044262886047363 -0.6330971717834473 16.0
vertex 8.070061683654785 -0.8481976389884949 20.0
endloop
endfacet
facet normal 0.999192476272583 -0.039258379489183426 -0.008555690757930279
outer loop
vertex 8.044262886047363 -0.6330971717834473 16.0
vertex 8.111733436584473 0.21241320669651031 20.0
vertex 8.070061683654785 -0.8481976389884949 20.0
endloop
endfacet
facet normal 0.9998149275779724 -0.013088294304907322 -0.014097960665822029
outer loop
vertex 8.044262886047363 -0.6330971717834473 16.0
vertex 8.05807876586914 0.42230600118637085 16.0
vertex 8.111733436584473 0.21241320669651031 20.0
endloop
endfacet
facet normal 0.9957684874534607 0.09149827063083649 -0.008555690757930279
outer loop
vertex 8.05807876586914 0.42230600118637085 16.0
vertex 8.014610290527344 1.2693896293640137 20.0
vertex 8.111733436584473 0.21241320669651031 20.0
endloop
endfacet
facet normal 0.9929697513580322 0.11752571910619736 -0.014097960665822029
outer loop
vertex 8.05807876586914 0.42230600118637085 16.0
vertex 7.934018611907959 1.470483422279358 16.0
vertex 8.014610290527344 1.2693896293640137 20.0
endloop
endfacet
facet normal 0.9753066301345825 0.22068935632705688 -0.008555690757930279
outer loop
vertex 7.934018611907959 1.470483422279358 16.0
vertex 7.780355930328369 2.3046464920043945 20.0
vertex 8.014610290527344 1.2693896293640137 20.0
endloop
endfacet
facet normal 0.9691345691680908 0.24612882733345032 -0.014097960665822029
outer loop
vertex 7.934018611907959 1.470483422279358 16.0
vertex 7.674205303192139 2.4935004711151123 16.0
vertex 7.780355930328369 2.3046464920043945 20.0
endloop
endfacet
facet normal 0.9381570219993591 0.34610438346862793 -0.008555690757930279
outer loop
vertex 7.674205303192139 2.4935004711151123 16.0
vertex 7.41297721862793 3.3004701137542725 20.0
vertex 7.780355930328369 2.3046464920043945 20.0
endloop
endfacet
facet normal 0.8848630785942078 0.4655489921569824 -0.016776476055383682
outer loop
vertex 7.41297721862793 3.3004701137542725 20.0
vertex 6.918760299682617 4.239821910858154 20.0
vertex 7.0759077072143555 4.085277080535889 24.0
endloop
endfacet
facet normal 0.831417441368103 0.5555353760719299 -0.011200038716197014
outer loop
vertex 6.918760299682617 4.239821910858154 20.0
vertex 6.4821367263793945 4.973918437957764 24.0
vertex 7.0759077072143555 4.085277080535889 24.0
endloop
endfacet
facet normal 0.8165266513824463 0.5770639777183533 -0.016776476055383682
outer loop
vertex 6.918760299682617 4.239821910858154 20.0
vertex 6.306161880493164 5.106628894805908 20.0
vertex 6.4821367263793945 4.973918437957764 24.0
endloop
endfacet
facet normal 0.7517926692962646 0.6593044400215149 -0.011200038716197014
outer loop
vertex 6.306161880493164 5.106628894805908 20.0
vertex 5.777454376220703 5.777454376220703 24.0
vertex 6.4821367263793945 4.973918437957764 24.0
endloop
endfacet
facet normal 0.7342191934585571 0.6787052154541016 -0.016776476055383682
outer loop
vertex 6.306161880493164 5.106628894805908 20.0
vertex 5.585662841796875 5.8860602378845215 20.0
vertex 5.777454376220703 5.777454376220703 24.0
endloop
endfacet
facet normal 0.6593044400215149 0.7517926692962646 -0.011200038716197014
outer loop
vertex 5.585662841796875 5.8860602378845215 20.0
vertex 4.973918437957764 6.4821367263793945 24.0
vertex 5.777454376220703 5.777454376220703 24.0
endloop
endfacet
facet normal 0.6393489837646484 0.7687336206436157 -0.016776476055383682
outer loop
vertex 5.585662841796875 5.8860602378845215 20.0
vertex 4.769591808319092 6.564779758453369 20.0
vertex 4.973918437957764 6.4821367263793945 24.0
endloop
endfacet
facet normal 0.5555353760719299 0.831417441368103 -0.011200038716197014
outer loop
vertex 4.769591808319092 6.564779758453369 20.0
vertex 4.085277080535889 7.0759077072143555 24.0
vertex 4.973918437957764 6.4821367263793945 24.0
endloop
endfacet
facet normal 0.5335394144058228 0.8456087708473206 -0.016776476055383682
outer loop
vertex 4.769591808319092 6.564779758453369 20.0
vertex 3.8719112873077393 7.131173610687256 20.0
vertex 4.085277080535889 7.0759077072143555 24.0
endloop
endfacet
facet normal 0.4422609508037567 0.8968164920806885 -0.011200038716197014
outer loop
vertex 3.8719112873077393 7.131173610687256 20.0
vertex 3.1267359256744385 7.548608303070068 24.0
vertex 4.085277080535889 7.0759077072143555 24.0
endloop
endfacet
facet normal 0.41860082745552063 0.9080153703689575 -0.016776476055383682
outer loop
vertex 3.8719112873077393 7.131173610687256 20.0
vertex 2.9079816341400146 7.575551509857178 20.0
vertex 3.1267359256744385 7.548608303070068 24.0
endloop
endfacet
facet normal 0.32141929864883423 0.946870744228363 -0.011200038716197014
outer loop
vertex 2.9079816341400146 7.575551509857178 20.0
vertex 2.1146950721740723 7.892149925231934 24.0
vertex 3.1267359256744385 7.548608303070068 24.0
endloop
endfacet
facet normal 0.2964998483657837 0.9548855423927307 -0.016776476055383682
outer loop
vertex 2.9079816341400146 7.575551509857178 20.0
vertex 1.8942956924438477 7.8903093338012695 20.0
vertex 2.1146950721740723 7.892149925231934 24.0
endloop
endfacet
facet normal 0.19507808983325958 0.9807237386703491 -0.011200038716197014
outer loop
vertex 1.8942956924438477 7.8903093338012695 20.0
vertex 1.0664713382720947 8.100654602050781 24.0
vertex 2.1146950721740723 7.892149925231934 24.0
endloop
endfacet
facet normal 0.16932566463947296 0.985417366027832 -0.016776476055383682
outer loop
vertex 1.8942956924438477 7.8903093338012695 20.0
vertex 0.8481976389884949 8.070061683654785 20.0
vertex 1.0664713382720947 8.100654602050781 24.0
endloop
endfacet
facet normal 0.06539902836084366 0.997796356678009 -0.011200038716197014
outer loop
vertex 0.8481976389884949 8.070061683654785 20.0
vertex 5.003021808176798e-16 8.170554161071777 24.0
vertex 1.0664713382720947 8.100654602050781 24.0
endloop
endfacet
facet normal 0.039254289120435715 0.9990884065628052 -0.016776476055383682
outer loop
vertex 0.8481976389884949 8.070061683654785 20.0
vertex -0.21241320669651031 8.111733436584473 20.0
vertex 5.003021808176798e-16 8.170554161071777 24.0
endloop
endfacet
facet normal -0.06539902836084366 0.997796356678009 -0.011200038716197014
outer loop
vertex -0.21241320669651031 8.111733436584473 20.0
vertex -1.0664713382720947 8.100654602050781 24.0
vertex 5.003021808176798e-16 8.170554161071777 24.0
endloop
endfacet
facet normal -0.09148874133825302 0.9956647753715515 -0.016776476055383682
outer loop
vertex -0.21241320669651031 8.111733436584473 20.0
vertex -1.2693896293640137 8.014610290527344 20.0
vertex -1.0664713382720947 8.100654602050781 24.0
endloop
endfacet
facet normal -0.19507808983325958 0.9807237386703491 -0.011200038716197014
outer loop
vertex -1.2693896293640137 8.014610290527344 20.0
vertex -2.1146950721740723 7.892149925231934 24.0
vertex -1.0664713382720947 8.100654602050781 24.0
endloop
endfacet
facet normal -0.22066637873649597 0.9752050638198853 -0.016776476055383682
outer loop
vertex -1.2693896293640137 8.014610290527344 20.0
vertex -2.3046464920043945 7.780355930328369 20.0
vertex -2.1146950721740723 7.892149925231934 24.0
endloop
endfacet
facet normal -0.32141929864883423 0.946870744228363 -0.011200038716197014
outer loop
vertex -2.3046464920043945 7.780355930328369 20.0
vertex -3.1267359256744385 7.548608303070068 24.0
vertex -2.1146950721740723 7.892149925231934 24.0
endloop
endfacet
facet normal -0.3460683524608612 0.9380592703819275 -0.016776476055383682
outer loop
vertex -2.3046464920043945 7.780355930328369 20.0
vertex -3.3004701137542725 7.41297721862793 20.0
vertex -3.1267359256744385 7.548608303070068 24.0
endloop
endfacet
facet normal -0.4422609508037567 0.8968164920806885 -0.011200038716197014
outer loop
vertex -3.3004701137542725 7.41297721862793 20.0
vertex -4.085277080535889 7.0759077072143555 24.0
vertex -3.1267359256744385 7.548608303070068 24.0
endloop
endfacet
facet normal -0.4655489921569824 0.8848630785942078 -0.016776476055383682
outer loop
vertex -3.3004701137542725 7.41297721862793 20.0
vertex -4.239821910858154 6.918760299682617 20.0
vertex -4.085277080535889 7.0759077072143555 24.0
endloop
endfacet
facet normal -0.5555353760719299 0.831417441368103 -0.011200038716197014
outer loop
vertex -4.239821910858154 6.918760299682617 20.0
vertex -4.973918437957764 6.4821367263793945 24.0
vertex -4.085277080535889 7.0759077072143555 24.0
endloop
endfacet
facet normal -0.5770639777183533 0.8165266513824463 -0.016776476055383682
outer loop
vertex -4.239821910858154 6.918760299682617 20.0
vertex -5.106628894805908 6.306161880493164 20.0
vertex -4.973918437957764 6.4821367263793945 24.0
endloop
endfacet
facet normal -0.6593044400215149 0.7517926692962646 -0.011200038716197014
outer loop
vertex -5.106628894805908 6.306161880493164 20.0
vertex -5.777454376220703 5.777454376220703 24.0
vertex -4.973918437957764 6.4821367263793945 24.0
endloop
endfacet
facet normal -0.6787052154541016 0.7342191934585571 -0.016776476055383682
outer loop
vertex -5.106628894805908 6.306161880493164 20.0
vertex -5.8860602378845215 5.585662841796875 20.0
vertex -5.777454376220703 5.777454376220703 24.0
endloop
endfacet
facet normal -0.7517926692962646 0.6593044400215149 -0.011200038716197014
outer loop
vertex -5.8860602378845215 5.585662841796875 20.0
vertex -6.4821367263793945 4.973918437957764 24.0
vertex -5.777454376220703 5.777454376220703 24.0
endloop
endfacet
facet normal -0.7687336206436157 0.6393489837646484 -0.016776476055383682
outer loop
vertex -5.8860602378845215 5.585662841796875 20.0
vertex -6.564779758453369 4.769591808319092 20.0
vertex -6.4821367263793945 4.973918437957764 24.0
endloop
endfacet
facet normal -0.831417441368103 0.5555353760719299 -0.011200038716197014
outer loop
vertex -6.564779758453369 4.769591808319092 20.0
vertex -7.0759077072143555 4.085277080535889 24.0
vertex -6.4821367263793945 4.973918437957764 24.0
endloop
endfacet
facet normal -0.8456087708473206 0.5335394144058228 -0.016776476055383682
outer loop
vertex -6.564779758453369 4.769591808319092 20.0
vertex -7.131173610687256 3.8719112873077393 20.0
vertex -7.0759077072143555 4.085277080535889 24.0
endloop
endfacet
facet normal -0.8968164920806885 0.4422609508037567 -0.011200038716197014
outer loop
vertex -7.131173610687256 3.8719112873077393 20.0
vertex -7.548608303070068 3.1267359256744385 24.0
vertex -7.0759077072143555 4.085277080535889 24.0
endloop
endfacet
facet normal -0.9080153703689575 0.41860082745552063 -0.016776476055383682
outer loop
vertex -7.131173610687256 3.8719112873077393 20.0
vertex -7.575551509857178 2.9079816341400146 20.0
vertex -7.548608303070068 3.1267359256744385 24.0
endloop
endfacet
facet normal -0.946870744228363 0.32141929864883423 -0.011200038716197014
outer loop
vertex -7.575551509857178 2.9079816341400146 20.0
vertex -7.892149925231934 2.1146950721740723 24.0
vertex -7.548608303070068 3.1267359256744385 24.0
endloop
endfacet
facet normal -0.9548855423927307 0.2964998483657837 -0.016776476055383682
outer loop
vertex -7.575551509857178 2.9079816341400146 20.0
vertex -7.8903093338012695 1.8942956924438477 20.0
vertex -7.892149925231934 2.1146950721740723 24.0
endloop
endfacet
facet normal -0.9807237386703491 0.19507808983325958 -0.011200038716197014
outer loop
vertex -7.8903093338012695 1.8942956924438477 20.0
vertex -8.100654602050781 1.0664713382720947 24.0
vertex -7.892149925231934 2.1146950721740723 24.0
endloop
endfacet
facet normal -0.985417366027832 0.16932566463947296 -0.016776476055383682
outer loop
vertex -7.8903093338012695 1.8942956924438477 20.0
vertex -8.070061683654785 0.8481976389884949 20.0
vertex -8.100654602050781 1.0664713382720947 24.0
endloop
endfacet
facet normal -0.997796356678009 0.06539902836084366 -0.011200038716197014
outer loop
vertex -8.070061683654785 0.8481976389884949 20.0
vertex -8.170554161071777 1.0006043616353597e-15 24.0
vertex -8.100654602050781 1.0664713382720947 24.0
endloop
endfacet
facet normal -0.9990884065628052 0.039254289120435715 -0.016776476055383682
outer loop
vertex -8.070061683654785 0.8481976389884949 20.0
vertex -8.111733436584473 -0.21241320669651031 20.0
vertex -8.170554161071777 1.0006043616353597e-15 24.0
endloop
endfacet
facet normal -0.997796356678009 -0.06539902836084366 -0.011200038716197014
outer loop
vertex -8.111733436584473 -0.21241320669651031 20.0
vertex -8.100654602050781 -1.0664713382720947 24.0
vertex -8.170554161071777 1.0006043616353597e-15 24.0
endloop
endfacet
facet normal -0.9956647753715515 -0.09148874133825302 -0.016776476055383682
outer loop
vertex -8.111733436584473 -0.21241320669651031 20.0
vertex -8.014610290527344 -1.2693896293640137 20.0
vertex -8.100654602050781 -1.0664713382720947 24.0
endloop
endfacet
facet normal -0.9807237386703491 -0.19507808983325958 -0.011200038716197014
outer loop
vertex -8.014610290527344 -1.2693896293640137 20.0
vertex -7.892149925231934 -2.1146950721740723 24.0
vertex -8.100654602050781 -1.0664713382720947 24.0
endloop
endfacet
facet normal -0.9752050638198853 -0.22066637873649597 -0.016776476055383682
outer loop
vertex -8.014610290527344 -1.2693896293640137 20.0
vertex -7.780355930328369 -2.3046464920043945 20.0
vertex -7.892149925231934 -2.1146950721740723 24.0
endloop
endfacet
facet normal -0.946870744228363 -0.32141929864883423 -0.011200038716197014
outer loop
vertex -7.780355930328369 -2.3046464920043945 20.0
vertex -7.548608303070068 -3.1267359256744385 24.0
vertex -7.892149925231934 -2.1146950721740723 24.0
endloop
endfacet
facet normal -0.9380592703819275 -0.3460683524608612 -0.016776476055383682
outer loop
vertex -7.780355930328369 -2.3046464920043945 20.0
vertex -7.41297721862793 -3.3004701137542725 20.0
vertex -7.548608303070068 -3.1267359256744385 24.0
endloop
endfacet
facet normal -0.8968164920806885 -0.4422609508037567 -0.011200038716197014
outer loop
vertex -7.41297721862793 -3.3004701137542725 20.0
vertex -7.0759077072143555 -4.085277080535889 24.0
vertex -7.548608303070068 -3.1267359256744385 24.0
endloop
endfacet
facet normal -0.8848630785942078 -0.4655489921569824 -0.016776476055383682
outer loop
vertex -7.41297721862793 -3.3004701137542725 20.0
vertex -6.918760299682617 -4.239821910858154 20.0
vertex -7.0759077072143555 -4.085277080535889 24.0
endloop
endfacet
facet normal -0.831417441368103 -0.5555353760719299 -0.011200038716197014
outer loop
vertex -6.918760299682617 -4.239821910858154 20.0
vertex -6.4821367263793945 -4.973918437957764 24.0
vertex -7.0759077072143555 -4.085277080535889 24.0
endloop
endfacet
facet normal -0.8165266513824463 -0.5770639777183533 -0.016776476055383682
outer loop
vertex -6.918760299682617 -4.239821910858154 20.0
vertex -6.306161880493164 -5.106628894805908 20.0
vertex -6.4821367263793945 -4.973918437957764 24.0
endloop
endfacet
facet normal -0.7517926692962646 -0.6593044400215149 -0.011200038716197014
outer loop
vertex -6.306161880493164 -5.106628894805908 20.0
vertex -5.777454376220703 -5.777454376220703 24.0
vertex -6.4821367263793945 -4.973918437957764 24.0
endloop
endfacet
facet normal -0.7342191934585571 -0.6787052154541016 -0.016776476055383682
outer loop
vertex -6.306161880493164 -5.106628894805908 20.0
vertex -5.585662841796875 -5.8860602378845215 20.0
vertex -5.777454376220703 -5.777454376220703 24.0
endloop
endfacet
facet normal -0.6593044400215149 -0.7517926692962646 -0.011200038716197014
outer loop
vertex -5.585662841796875 -5.8860602378845215 20.0
vertex -4.973918437957764 -6.4821367263793945 24.0
vertex -5.777454376220703 -5.777454376220703 24.0
endloop
endfacet
facet normal -0.6393489837646484 -0.7687336206436157 -0.016776476055383682
outer loop
vertex -5.585662841796875 -5.8860602378845215 20.0
vertex -4.769591808319092 -6.564779758453369 20.0
vertex -4.973918437957764 -6.4821367263793945 24.0
endloop
endfacet
facet normal -0.5555353760719299 -0.831417441368103 -0.011200038716197014
outer loop
vertex -4.769591808319092 -6.564779758453369 20.0
vertex -4.085277080535889 -7.0759077072143555 24.0
vertex -4.973918437957764 -6.4821367263793945 24.0
endloop
endfacet
facet normal -0.5335394144058228 -0.8456087708473206 -0.016776476055383682
outer loop
vertex -4.769591808319092 -6.564779758453369 20.0
vertex -3.8719112873077393 -7.131173610687256 20.0
vertex -4.085277080535889 -7.0759077072143555 24.0
endloop
endfacet
facet normal -0.4422609508037567 -0.8968164920806885 -0.011200038716197014
outer loop
vertex -3.8719112873077393 -7.131173610687256 20.0
vertex -3.1267359256744385 -7.548608303070068 24.0
vertex -4.085277080535889 -7.0759077072143555 24.0
endloop
endfacet
facet normal -0.41860082745552063 -0.9080153703689575 -0.016776476055383682
outer loop
vertex -3.8719112873077393 -7.131173610687256 20.0
vertex -2.9079816341400146 -7.575551509857178 20.0
vertex -3.1267359256744385 -7.548608303070068 24.0
endloop
endfacet
facet normal -0.32141929864883423 -0.946870744228363 -0.011200038716197014
outer loop
vertex -2.9079816341400146 -7.575551509857178 20.0
vertex -2.1146950721740723 -7.892149925231934 24.0
vertex -3.1267359256744385 -7.548608303070068 24.0
endloop
endfacet
facet normal -0.2964998483657837 -0.9548855423927307 -0.016776476055383682
outer loop
vertex -2.9079816341400146 -7.575551509857178 20.0
vertex -1.8942956924438477 -7.8903093338012695 20.0
vertex -2.1146950721740723 -7.892149925231934 24.0
endloop
endfacet
facet normal -0.19507808983325958 -0.9807237386703491 -0.011200038716197014
outer loop
vertex -1.8942956924438477 -7.8903093338012695 20.0
vertex -1.0664713382720947 -8.100654602050781 24.0
vertex -2.1146950721740723 -7.892149925231934 24.0
endloop
endfacet
facet normal -0.16932566463947296 -0.985417366027832 -0.016776476055383682
outer loop
vertex -1.8942956924438477 -7.8903093338012695 20.0
vertex -0.8481976389884949 -8.070061683654785 20.0
vertex -1.0664713382720947 -8.100654602050781 24.0
endloop
endfacet
facet normal -0.06539902836084366 -0.997796356678009 -0.011200038716197014
outer loop
vertex -0.8481976389884949 -8.070061683654785 20.0
vertex -1.5009064895134803e-15 -8.170554161071777 24.0
vertex -1.0664713382720947 -8.100654602050781 24.0
endloop
endfacet
facet normal -0.039254289120435715 -0.9990884065628052 -0.016776476055383682
outer loop
vertex -0.8481976389884949 -8.070061683654785 20.0
vertex 0.21241320669651031 -8.111733436584473 20.0
vertex -1.5009064895134803e-15 -8.170554161071777 24.0
endloop
endfacet
facet normal 0.06539902836084366 -0.997796356678009 -0.011200038716197014
outer loop
vertex 0.21241320669651031 -8.111733436584473 20.0
vertex 1.0664713382720947 -8.100654602050781 24.0
vertex -1.5009064895134803e-15 -8.170554161071777 24.0
endloop
endfacet
facet normal 0.09148874133825302 -0.9956647753715515 -0.016776476055383682
outer loop
vertex 0.21241320669651031 -8.111733436584473 20.0
vertex 1.2693896293640137 -8.014610290527344 20.0
vertex 1.0664713382720947 -8.100654602050781 24.0
endloop
endfacet
facet normal 0.19507808983325958 -0.9807237386703491 -0.011200038716197014
outer loop
vertex 1.2693896293640137 -8.014610290527344 20.0
vertex 2.1146950721740723 -7.892149925231934 24.0
vertex 1.0664713382720947 -8.100654602050781 24.0
endloop
endfacet
facet normal 0.22066637873649597 -0.9752050638198853 -0.016776476055383682
outer loop
vertex 1.2693896293640137 -8.014610290527344 20.0
vertex 2.3046464920043945 -7.780355930328369 20.0
vertex 2.1146950721740723 -7.892149925231934 24.0
endloop
endfacet
facet normal 0.32141929864883423 -0.946870744228363 -0.011200038716197014
outer loop
vertex 2.3046464920043945 -7.780355930328369 20.0
vertex 3.1267359256744385 -7.548608303070068 24.0
vertex 2.1146950721740723 -7.892149925231934 24.0
endloop
endfacet
facet normal 0.3460683524608612 -0.9380592703819275 -0.016776476055383682
outer loop
vertex 2.3046464920043945 -7.780355930328369 20.0
vertex 3.3004701137542725 -7.41297721862793 20.0
vertex 3.1267359256744385 -7.548608303070068 24.0
endloop
endfacet
facet normal 0.4422609508037567 -0.8968164920806885 -0.011200038716197014
outer loop
vertex 3.3004701137542725 -7.41297721862793 20.0
vertex 4.085277080535889 -7.0759077072143555 24.0
vertex 3.1267359256744385 -7.548608303070068 24.0
endloop
endfacet
facet normal 0.4655489921569824 -0.8848630785942078 -0.016776476055383682
outer loop
vertex 3.3004701137542725 -7.41297721862793 20.0
vertex 4.239821910858154 -6.918760299682617 20.0
vertex 4.085277080535889 -7.0759077072143555 24.0
endloop
endfacet
facet normal 0.5555353760719299 -0.831417441368103 -0.011200038716197014
outer loop
vertex 4.239821910858154 -6.918760299682617 20.0
vertex 4.973918437957764 -6.4821367263793945 24.0
vertex 4.085277080535889 -7.0759077072143555 24.0
endloop
endfacet
facet normal 0.5770639777183533 -0.8165266513824463 -0.016776476055383682
outer loop
vertex 4.239821910858154 -6.918760299682617 20.0
vertex 5.106628894805908 -6.306161880493164 20.0
vertex 4.973918437957764 -6.4821367263793945 24.0
endloop
endfacet
facet normal 0.6593044400215149 -0.7517926692962646 -0.011200038716197014
outer loop
vertex 5.106628894805908 -6.306161880493164 20.0
vertex 5.777454376220703 -5.777454376220703 24.0
vertex 4.973918437957764 -6.4821367263793945 24.0
endloop
endfacet
facet normal 0.6787052154541016 -0.7342191934585571 -0.016776476055383682
outer loop
vertex 5.106628894805908 -6.306161880493164 20.0
vertex 5.8860602378845215 -5.585662841796875 20.0
vertex 5.777454376220703 -5.777454376220703 24.0
endloop
endfacet
facet normal 0.7517926692962646 -0.6593044400215149 -0.011200038716197014
outer loop
vertex 5.8860602378845215 -5.585662841796875 20.0
vertex 6.4821367263793945 -4.973918437957764 24.0
vertex 5.777454376220703 -5.777454376220703 24.0
endloop
endfacet
facet normal 0.7687336206436157 -0.6393489837646484 -0.016776476055383682
outer loop
vertex 5.8860602378845215 -5.585662841796875 20.0
vertex 6.564779758453369 -4.769591808319092 20.0
vertex 6.4821367263793945 -4.973918437957764 24.0
endloop
endfacet
facet normal 0.831417441368103 -0.5555353760719299 -0.011200038716197014
outer loop
vertex 6.564779758453369 -4.769591808319092 20.0
vertex 7.0759077072143555 -4.085277080535889 24.0
vertex 6.4821367263793945 -4.973918437957764 24.0
endloop
endfacet
facet normal 0.8456087708473206 -0.5335394144058228 -0.016776476055383682
outer loop
vertex 6.564779758453369 -4.769591808319092 20.0
vertex 7.131173610687256 -3.8719112873077393 20.0
vertex 7.0759077072143555 -4.085277080535889 24.0
endloop
endfacet
facet normal 0.8968164920806885 -0.4422609508037567 -0.011200038716197014
outer loop
vertex 7.131173610687256 -3.8719112873077393 20.0
vertex 7.548608303070068 -3.1267359256744385 24.0
vertex 7.0759077072143555 -4.085277080535889 24.0
endloop
endfacet
facet normal 0.9080153703689575 -0.41860082745552063 -0.016776476055383682
outer loop
vertex 7.131173610687256 -3.8719112873077393 20.0
vertex 7.575551509857178 -2.9079816341400146 20.0
vertex 7.548608303070068 -3.1267359256744385 24.0
endloop
endfacet
facet normal 0.946870744228363 -0.32141929864883423 -0.011200038716197014
outer loop
vertex 7.575551509857178 -2.9079816341400146 20.0
vertex 7.892149925231934 -2.1146950721740723 24.0
vertex 7.548608303070068 -3.1267359256744385 24.0
endloop
endfacet
facet normal 0.9548855423927307 -0.2964998483657837 -0.016776476055383682
outer loop
vertex 7.575551509857178 -2.9079816341400146 20.0
vertex 7.8903093338012695 -1.8942956924438477 20.0
vertex 7.892149925231934 -2.1146950721740723 24.0
endloop
endfacet
facet normal 0.9807237386703491 -0.19507808983325958 -0.011200038716197014
outer loop
vertex 7.8903093338012695 -1.8942956924438477 20.0
vertex 8.100654602050781 -1.0664713382720947 24.0
vertex 7.892149925231934 -2.1146950721740723 24.0
endloop
endfacet
facet normal 0.985417366027832 -0.16932566463947296 -0.016776476055383682
outer loop
vertex 7.8903093338012695 -1.8942956924438477 20.0
vertex 8.070061683654785 -0.8481976389884949 20.0
vertex 8.100654602050781 -1.0664713382720947 24.0
endloop
endfacet
facet normal 0.997796356678009 -0.06539902836084366 -0.011200038716197014
outer loop
vertex 8.070061683654785 -0.8481976389884949 20.0
vertex 8.170554161071777 -2.0012087232707193e-15 24.0
vertex 8.100654602050781 -1.0664713382720947 24.0
endloop
endfacet
facet normal 0.9990884065628052 -0.039254289120435715 -0.016776476055383682
outer loop
vertex 8.070061683654785 -0.8481976389884949 20.0
vertex 8.111733436584473 0.21241320669651031 20.0
vertex 8.170554161071777 -2.0012087232707193e-15 24.0
endloop
endfacet
facet normal 0.997796356678009 0.06539902836084366 -0.011200038716197014
outer loop
vertex 8.111733436584473 0.21241320669651031 20.0
vertex 8.100654602050781 1.0664713382720947 24.0
vertex 8.170554161071777 -2.0012087232707193e-15 24.0
endloop
endfacet
facet normal 0.9956647753715515 0.09148874133825302 -0.016776476055383682
outer loop
vertex 8.111733436584473 0.21241320669651031 20.0
vertex 8.014610290527344 1.2693896293640137 20.0
vertex 8.100654602050781 1.0664713382720947 24.0
endloop
endfacet
facet normal 0.9807237386703491 0.19507808983325958 -0.011200038716197014
outer loop
vertex 8.014610290527344 1.2693896293640137 20.0
vertex 7.892149925231934 2.1146950721740723 24.0
vertex 8.100654602050781 1.0664713382720947 24.0
endloop
endfacet
facet normal 0.9752050638198853 0.22066637873649597 -0.016776476055383682
outer loop
vertex 8.014610290527344 1.2693896293640137 20.0
vertex 7.780355930328369 2.3046464920043945 20.0
vertex 7.892149925231934 2.1146950721740723 24.0
endloop
endfacet
facet normal 0.946870744228363 0.32141929864883423 -0.011200038716197014
outer loop
vertex 7.780355930328369 2.3046464920043945 20.0
vertex 7.548608303070068 3.1267359256744385 24.0
vertex 7.892149925231934 2.1146950721740723 24.0
endloop
endfacet
facet normal 0.9380592703819275 0.3460683524608612 -0.016776476055383682
outer loop
vertex 7.780355930328369 2.3046464920043945 20.0
vertex 7.41297721862793 3.3004701137542725 20.0
vertex 7.548608303070068 3.1267359256744385 24.0
endloop
endfacet
facet normal 0.8968164920806885 0.4422609508037567 -0.011200038716197014
outer loop
vertex 7.41297721862793 3.3004701137542725 20.0
vertex 7.0759077072143555 4.085277080535889 24.0
vertex 7.548608303070068 3.1267359256744385 24.0
endloop
endfacet
facet normal 0.8313098549842834 0.5554634928703308 -0.019603170454502106
outer loop
vertex 7.0759077072143555 4.085277080535889 24.0
vertex 6.4821367263793945 4.973918437957764 24.0
vertex 6.664552211761475 4.842080593109131 28.0
endloop
endfacet
facet normal 0.7687666416168213 0.6393764615058899 -0.013985232450067997
outer loop
vertex 6.4821367263793945 4.973918437957764 24.0
vertex 5.975517749786377 5.6705546379089355 28.0
vertex 6.664552211761475 4.842080593109131 28.0
endloop
endfacet
facet normal 0.7516953349113464 0.6592190861701965 -0.019603170454502106
outer loop
vertex 6.4821367263793945 4.973918437957764 24.0
vertex 5.777454376220703 5.777454376220703 24.0
vertex 5.975517749786377 5.6705546379089355 28.0
endloop
endfacet
facet normal 0.6787343621253967 0.7342506647109985 -0.013985232450067997
outer loop
vertex 5.777454376220703 5.777454376220703 24.0
vertex 5.184240341186523 6.402003765106201 28.0
vertex 5.975517749786377 5.6705546379089355 28.0
endloop
endfacet
facet normal 0.6592190861701965 0.7516953349113464 -0.019603170454502106
outer loop
vertex 5.777454376220703 5.777454376220703 24.0
vertex 4.973918437957764 6.4821367263793945 24.0
vertex 5.184240341186523 6.402003765106201 28.0
endloop
endfacet
facet normal 0.5770887732505798 0.8165616989135742 -0.013985232450067997
outer loop
vertex 4.973918437957764 6.4821367263793945 24.0
vertex 4.304259300231934 7.0239129066467285 28.0
vertex 5.184240341186523 6.402003765106201 28.0
endloop
endfacet
facet normal 0.5554634928703308 0.8313098549842834 -0.019603170454502106
outer loop
vertex 4.973918437957764 6.4821367263793945 24.0
vertex 4.085277080535889 7.0759077072143555 24.0
vertex 4.304259300231934 7.0239129066467285 28.0
endloop
endfacet
facet normal 0.46556898951530457 0.8849011063575745 -0.013985232450067997
outer loop
vertex 4.085277080535889 7.0759077072143555 24.0
vertex 3.3506312370300293 7.525640964508057 28.0
vertex 4.304259300231934 7.0239129066467285 28.0
endloop
endfacet
facet normal 0.44220370054244995 0.896700382232666 -0.019603170454502106
outer loop
vertex 4.085277080535889 7.0759077072143555 24.0
vertex 3.1267359256744385 7.548608303070068 24.0
vertex 3.3506312370300293 7.525640964508057 28.0
endloop
endfacet
facet normal 0.3460831940174103 0.9380995631217957 -0.013985232450067997
outer loop
vertex 3.1267359256744385 7.548608303070068 24.0
vertex 2.339672803878784 7.898603439331055 28.0
vertex 3.3506312370300293 7.525640964508057 28.0
endloop
endfacet
facet normal 0.321377694606781 0.9467481374740601 -0.019603170454502106
outer loop
vertex 3.1267359256744385 7.548608303070068 24.0
vertex 2.1146950721740723 7.892149925231934 24.0
vertex 2.339672803878784 7.898603439331055 28.0
endloop
endfacet
facet normal 0.22067585587501526 0.9752469062805176 -0.013985232450067997
outer loop
vertex 2.1146950721740723 7.892149925231934 24.0
vertex 1.288681983947754 8.136418342590332 28.0
vertex 2.339672803878784 7.898603439331055 28.0
endloop
endfacet
facet normal 0.195052832365036 0.9805968403816223 -0.019603170454502106
outer loop
vertex 2.1146950721740723 7.892149925231934 24.0
vertex 1.0664713382720947 8.100654602050781 24.0
vertex 1.288681983947754 8.136418342590332 28.0
endloop
endfacet
facet normal 0.0914926677942276 0.9957075119018555 -0.013985232450067997
outer loop
vertex 1.0664713382720947 8.100654602050781 24.0
vertex 0.21564149856567383 8.235016822814941 28.0
vertex 1.288681983947754 8.136418342590332 28.0
endloop
endfacet
facet normal 0.06539056450128555 0.9976671934127808 -0.019603170454502106
outer loop
vertex 1.0664713382720947 8.100654602050781 24.0
vertex 5.003021808176798e-16 8.170554161071777 24.0
vertex 0.21564149856567383 8.235016822814941 28.0
endloop
endfacet
facet normal -0.03925597667694092 0.9991313219070435 -0.013985232450067997
outer loop
vertex 5.003021808176798e-16 8.170554161071777 24.0
vertex -0.8610886931419373 8.19271183013916 28.0
vertex 0.21564149856567383 8.235016822814941 28.0
endloop
endfacet
facet normal -0.06539056450128555 0.9976671934127808 -0.019603170454502106
outer loop
vertex 5.003021808176798e-16 8.170554161071777 24.0
vertex -1.0664713382720947 8.100654602050781 24.0
vertex -0.8610886931419373 8.19271183013916 28.0
endloop
endfacet
facet normal -0.16933293640613556 0.9854596853256226 -0.013985232450067997
outer loop
vertex -1.0664713382720947 8.100654602050781 24.0
vertex -1.9230854511260986 8.01022720336914 28.0
vertex -0.8610886931419373 8.19271183013916 28.0
endloop
endfacet
facet normal -0.195052832365036 0.9805968403816223 -0.019603170454502106
outer loop
vertex -1.0664713382720947 8.100654602050781 24.0
vertex -2.1146950721740723 7.892149925231934 24.0
vertex -1.9230854511260986 8.01022720336914 28.0
endloop
endfacet
facet normal -0.29651257395744324 0.9549265503883362 -0.013985232450067997
outer loop
vertex -2.1146950721740723 7.892149925231934 24.0
vertex -2.9521777629852295 7.690685749053955 28.0
vertex -1.9230854511260986 8.01022720336914 28.0
endloop
endfacet
facet normal -0.321377694606781 0.9467481374740601 -0.019603170454502106
outer loop
vertex -2.1146950721740723 7.892149925231934 24.0
vertex -3.1267359256744385 7.548608303070068 24.0
vertex -2.9521777629852295 7.690685749053955 28.0
endloop
endfacet
facet normal -0.4186187982559204 0.9080543518066406 -0.013985232450067997
outer loop
vertex -3.1267359256744385 7.548608303070068 24.0
vertex -3.9307572841644287 7.239554405212402 28.0
vertex -2.9521777629852295 7.690685749053955 28.0
endloop
endfacet
facet normal -0.44220370054244995 0.896700382232666 -0.019603170454502106
outer loop
vertex -3.1267359256744385 7.548608303070068 24.0
vertex -4.085277080535889 7.0759077072143555 24.0
vertex -3.9307572841644287 7.239554405212402 28.0
endloop
endfacet
facet normal -0.5335623025894165 0.8456451296806335 -0.013985232450067997
outer loop
vertex -4.085277080535889 7.0759077072143555 24.0
vertex -4.842080593109131 6.664552211761475 28.0
vertex -3.9307572841644287 7.239554405212402 28.0
endloop
endfacet
facet normal -0.5554634928703308 0.8313098549842834 -0.019603170454502106
outer loop
vertex -4.085277080535889 7.0759077072143555 24.0
vertex -4.973918437957764 6.4821367263793945 24.0
vertex -4.842080593109131 6.664552211761475 28.0
endloop
endfacet
facet normal -0.6393764615058899 0.7687666416168213 -0.013985232450067997
outer loop
vertex -4.973918437957764 6.4821367263793945 24.0
vertex -5.6705546379089355 5.975517749786377 28.0
vertex -4.842080593109131 6.664552211761475 28.0
endloop
endfacet
facet normal -0.6592190861701965 0.7516953349113464 -0.019603170454502106
outer loop
vertex -4.973918437957764 6.4821367263793945 24.0
vertex -5.777454376220703 5.777454376220703 24.0
vertex -5.6705546379089355 5.975517749786377 28.0
endloop
endfacet
facet normal -0.7342506647109985 0.6787343621253967 -0.013985232450067997
outer loop
vertex -5.777454376220703 5.777454376220703 24.0
vertex -6.402003765106201 5.184240341186523 28.0
vertex -5.6705546379089355 5.975517749786377 28.0
endloop
endfacet
facet normal -0.7516953349113464 0.6592190861701965 -0.019603170454502106
outer loop
vertex -5.777454376220703 5.777454376220703 24.0
vertex -6.4821367263793945 4.973918437957764 24.0
vertex -6.402003765106201 5.184240341186523 28.0
endloop
endfacet
facet normal -0.8165616989135742 0.5770887732505798 -0.013985232450067997
outer loop
vertex -6.4821367263793945 4.973918437957764 24.0
vertex -7.0239129066467285 4.304259300231934 28.0
vertex -6.402003765106201 5.184240341186523 28.0
endloop
endfacet
facet normal -0.8313098549842834 0.5554634928703308 -0.019603170454502106
outer loop
vertex -6.4821367263793945 4.973918437957764 24.0
vertex -7.0759077072143555 4.085277080535889 24.0
vertex -7.0239129066467285 4.304259300231934 28.0
endloop
endfacet
facet normal -0.8849011063575745 0.46556898951530457 -0.013985232450067997
outer loop
vertex -7.0759077072143555 4.085277080535889 24.0
vertex -7.525640964508057 3.3506312370300293 28.0
vertex -7.0239129066467285 4.304259300231934 28.0
endloop
endfacet
facet normal -0.896700382232666 0.44220370054244995 -0.019603170454502106
outer loop
vertex -7.0759077072143555 4.085277080535889 24.0
vertex -7.548608303070068 3.1267359256744385 24.0
vertex -7.525640964508057 3.3506312370300293 28.0
endloop
endfacet
facet normal -0.9380995631217957 0.3460831940174103 -0.013985232450067997
outer loop
vertex -7.548608303070068 3.1267359256744385 24.0
vertex -7.898603439331055 2.339672803878784 28.0
vertex -7.525640964508057 3.3506312370300293 28.0
endloop
endfacet
facet normal -0.9467481374740601 0.321377694606781 -0.019603170454502106
outer loop
vertex -7.548608303070068 3.1267359256744385 24.0
vertex -7.892149925231934 2.1146950721740723 24.0
vertex -7.898603439331055 2.339672803878784 28.0
endloop
endfacet
facet normal -0.9752469062805176 0.22067585587501526 -0.013985232450067997
outer loop
vertex -7.892149925231934 2.1146950721740723 24.0
vertex -8.136418342590332 1.288681983947754 28.0
vertex -7.898603439331055 2.339672803878784 28.0
endloop
endfacet
facet normal -0.9805968403816223 0.195052832365036 -0.019603170454502106
outer loop
vertex -7.892149925231934 2.1146950721740723 24.0
vertex -8.100654602050781 1.0664713382720947 24.0
vertex -8.136418342590332 1.288681983947754 28.0
endloop
endfacet
facet normal -0.9957075119018555 0.0914926677942276 -0.013985232450067997
outer loop
vertex -8.100654602050781 1.0664713382720947 24.0
vertex -8.235016822814941 0.21564149856567383 28.0
vertex -8.136418342590332 1.288681983947754 28.0
endloop
endfacet
facet normal -0.9976671934127808 0.06539056450128555 -0.019603170454502106
outer loop
vertex -8.100654602050781 1.0664713382720947 24.0
vertex -8.170554161071777 1.0006043616353597e-15 24.0
vertex -8.235016822814941 0.21564149856567383 28.0
endloop
endfacet
facet normal -0.9991313219070435 -0.03925597667694092 -0.013985232450067997
outer loop
vertex -8.170554161071777 1.0006043616353597e-15 24.0
vertex -8.19271183013916 -0.8610886931419373 28.0
vertex -8.235016822814941 0.21564149856567383 28.0
endloop
endfacet
facet normal -0.9976671934127808 -0.06539056450128555 -0.019603170454502106
outer loop
vertex -8.170554161071777 1.0006043616353597e-15 24.0
vertex -8.100654602050781 -1.0664713382720947 24.0
vertex -8.19271183013916 -0.8610886931419373 28.0
endloop
endfacet
facet normal -0.9854596853256226 -0.16933293640613556 -0.013985232450067997
outer loop
vertex -8.100654602050781 -1.0664713382720947 24.0
vertex -8.01022720336914 -1.9230854511260986 28.0
vertex -8.19271183013916 -0.8610886931419373 28.0
endloop
endfacet
facet normal -0.9805968403816223 -0.195052832365036 -0.019603170454502106
outer loop
vertex -8.100654602050781 -1.0664713382720947 24.0
vertex -7.892149925231934 -2.1146950721740723 24.0
vertex -8.01022720336914 -1.9230854511260986 28.0
endloop
endfacet
facet normal -0.9549265503883362 -0.29651257395744324 -0.013985232450067997
outer loop
vertex -7.892149925231934 -2.1146950721740723 24.0
vertex -7.690685749053955 -2.9521777629852295 28.0
vertex -8.01022720336914 -1.9230854511260986 28.0
endloop
endfacet
facet normal -0.9467481374740601 -0.321377694606781 -0.019603170454502106
outer loop
vertex -7.892149925231934 -2.1146950721740723 24.0
vertex -7.548608303070068 -3.1267359256744385 24.0
vertex -7.690685749053955 -2.9521777629852295 28.0
endloop
endfacet
facet normal -0.9080543518066406 -0.4186187982559204 -0.013985232450067997
outer loop
vertex -7.548608303070068 -3.1267359256744385 24.0
vertex -7.239554405212402 -3.9307572841644287 28.0
vertex -7.690685749053955 -2.9521777629852295 28.0
endloop
endfacet
facet normal -0.896700382232666 -0.44220370054244995 -0.019603170454502106
outer loop
vertex -7.548608303070068 -3.1267359256744385 24.0
vertex -7.0759077072143555 -4.085277080535889 24.0
vertex -7.239554405212402 -3.9307572841644287 28.0
endloop
endfacet
facet normal -0.8456451296806335 -0.5335623025894165 -0.013985232450067997
outer loop
vertex -7.0759077072143555 -4.085277080535889 24.0
vertex -6.664552211761475 -4.842080593109131 28.0
vertex -7.239554405212402 -3.9307572841644287 28.0
endloop
endfacet
facet normal -0.8313098549842834 -0.5554634928703308 -0.019603170454502106
outer loop
vertex -7.0759077072143555 -4.085277080535889 24.0
vertex -6.4821367263793945 -4.973918437957764 24.0
vertex -6.664552211761475 -4.842080593109131 28.0
endloop
endfacet
facet normal -0.7687666416168213 -0.6393764615058899 -0.013985232450067997
outer loop
vertex -6.4821367263793945 -4.973918437957764 24.0
vertex -5.975517749786377 -5.6705546379089355 28.0
vertex -6.664552211761475 -4.842080593109131 28.0
endloop
endfacet
facet normal -0.7516953349113464 -0.6592190861701965 -0.019603170454502106
outer loop
vertex -6.4821367263793945 -4.973918437957764 24.0
vertex -5.777454376220703 -5.777454376220703 24.0
vertex -5.975517749786377 -5.6705546379089355 28.0
endloop
endfacet
facet normal -0.6787343621253967 -0.7342506647109985 -0.013985232450067997
outer loop
vertex -5.777454376220703 -5.777454376220703 24.0
vertex -5.184240341186523 -6.402003765106201 28.0
vertex -5.975517749786377 -5.6705546379089355 28.0
endloop
endfacet
facet normal -0.6592190861701965 -0.7516953349113464 -0.019603170454502106
outer loop
vertex -5.777454376220703 -5.777454376220703 24.0
vertex -4.973918437957764 -6.4821367263793945 24.0
vertex -5.184240341186523 -6.402003765106201 28.0
endloop
endfacet
facet normal -0.5770887732505798 -0.8165616989135742 -0.013985232450067997
outer loop
vertex -4.973918437957764 -6.4821367263793945 24.0
vertex -4.304259300231934 -7.0239129066467285 28.0
vertex -5.184240341186523 -6.402003765106201 28.0
endloop
endfacet
facet normal -0.5554634928703308 -0.8313098549842834 -0.019603170454502106
outer loop
vertex -4.973918437957764 -6.4821367263793945 24.0
vertex -4.085277080535889 -7.0759077072143555 24.0
vertex -4.304259300231934 -7.0239129066467285 28.0
endloop
endfacet
facet normal -0.46556898951530457 -0.8849011063575745 -0.013985232450067997
outer loop
vertex -4.085277080535889 -7.0759077072143555 24.0
vertex -3.3506312370300293 -7.525640964508057 28.0
vertex -4.304259300231934 -7.0239129066467285 28.0
endloop
endfacet
facet normal -0.44220370054244995 -0.896700382232666 -0.019603170454502106
outer loop
vertex -4.085277080535889 -7.0759077072143555 24.0
vertex -3.1267359256744385 -7.548608303070068 24.0
vertex -3.3506312370300293 -7.525640964508057 28.0
endloop
endfacet
facet normal -0.3460831940174103 -0.9380995631217957 -0.013985232450067997
outer loop
vertex -3.1267359256744385 -7.548608303070068 24.0
vertex -2.339672803878784 -7.898603439331055 28.0
vertex -3.3506312370300293 -7.525640964508057 28.0
endloop
endfacet
facet normal -0.321377694606781 -0.9467481374740601 -0.019603170454502106
outer loop
vertex -3.1267359256744385 -7.548608303070068 24.0
vertex -2.1146950721740723 -7.892149925231934 24.0
vertex -2.339672803878784 -7.898603439331055 28.0
endloop
endfacet
facet normal -0.22067585587501526 -0.9752469062805176 -0.013985232450067997
outer loop
vertex -2.1146950721740723 -7.892149925231934 24.0
vertex -1.288681983947754 -8.136418342590332 28.0
vertex -2.339672803878784 -7.898603439331055 28.0
endloop
endfacet
facet normal -0.195052832365036 -0.9805968403816223 -0.019603170454502106
outer loop
vertex -2.1146950721740723 -7.892149925231934 24.0
vertex -1.0664713382720947 -8.100654602050781 24.0
vertex -1.288681983947754 -8.136418342590332 28.0
endloop
endfacet
facet normal -0.0914926677942276 -0.9957075119018555 -0.013985232450067997
outer loop
vertex -1.0664713382720947 -8.100654602050781 24.0
vertex -0.21564149856567383 -8.235016822814941 28.0
vertex -1.288681983947754 -8.136418342590332 28.0
endloop
endfacet
facet normal -0.06539056450128555 -0.9976671934127808 -0.019603170454502106
outer loop
vertex -1.0664713382720947 -8.100654602050781 24.0
vertex -1.5009064895134803e-15 -8.170554161071777 24.0
vertex -0.21564149856567383 -8.235016822814941 28.0
endloop
endfacet
facet normal 0.03925597667694092 -0.9991313219070435 -0.013985232450067997
outer loop
vertex -1.5009064895134803e-15 -8.170554161071777 24.0
vertex 0.8610886931419373 -8.19271183013916 28.0
vertex -0.21564149856567383 -8.235016822814941 28.0
endloop
endfacet
facet normal 0.06539056450128555 -0.9976671934127808 -0.019603170454502106
outer loop
vertex -1.5009064895134803e-15 -8.170554161071777 24.0
vertex 1.0664713382720947 -8.100654602050781 24.0
vertex 0.8610886931419373 -8.19271183013916 28.0
endloop
endfacet
facet normal 0.16933293640613556 -0.9854596853256226 -0.013985232450067997
outer loop
vertex 1.0664713382720947 -8.100654602050781 24.0
vertex 1.9230854511260986 -8.01022720336914 28.0
vertex 0.8610886931419373 -8.19271183013916 28.0
endloop
endfacet
facet normal 0.195052832365036 -0.9805968403816223 -0.019603170454502106
outer loop
vertex 1.0664713382720947 -8.100654602050781 24.0
vertex 2.1146950721740723 -7.892149925231934 24.0
vertex 1.9230854511260986 -8.01022720336914 28.0
endloop
endfacet
facet normal 0.29651257395744324 -0.9549265503883362 -0.013985232450067997
outer loop
vertex 2.1146950721740723 -7.892149925231934 24.0
vertex 2.9521777629852295 -7.690685749053955 28.0
vertex 1.9230854511260986 -8.01022720336914 28.0
endloop
endfacet
facet normal 0.321377694606781 -0.9467481374740601 -0.019603170454502106
outer loop
vertex 2.1146950721740723 -7.892149925231934 24.0
vertex 3.1267359256744385 -7.548608303070068 24.0
vertex 2.9521777629852295 -7.690685749053955 28.0
endloop
endfacet
facet normal 0.4186187982559204 -0.9080543518066406 -0.013985232450067997
outer loop
vertex 3.1267359256744385 -7.548608303070068 24.0
vertex 3.9307572841644287 -7.239554405212402 28.0
vertex 2.9521777629852295 -7.690685749053955 28.0
endloop
endfacet
facet normal 0.44220370054244995 -0.896700382232666 -0.019603170454502106
outer loop
vertex 3.1267359256744385 -7.548608303070068 24.0
vertex 4.085277080535889 -7.0759077072143555 24.0
vertex 3.9307572841644287 -7.239554405212402 28.0
endloop
endfacet
facet normal 0.5335623025894165 -0.8456451296806335 -0.013985232450067997
outer loop
vertex 4.085277080535889 -7.0759077072143555 24.0
vertex 4.842080593109131 -6.664552211761475 28.0
vertex 3.9307572841644287 -7.239554405212402 28.0
endloop
endfacet
facet normal 0.5554634928703308 -0.8313098549842834 -0.019603170454502106
outer loop
vertex 4.085277080535889 -7.0759077072143555 24.0
vertex 4.973918437957764 -6.4821367263793945 24.0
vertex 4.842080593109131 -6.664552211761475 28.0
endloop
endfacet
facet normal 0.6393764615058899 -0.7687666416168213 -0.013985232450067997
outer loop
vertex 4.973918437957764 -6.4821367263793945 24.0
vertex 5.6705546379089355 -5.975517749786377 28.0
vertex 4.842080593109131 -6.664552211761475 28.0
endloop
endfacet
facet normal 0.6592190861701965 -0.7516953349113464 -0.019603170454502106
outer loop
vertex 4.973918437957764 -6.4821367263793945 24.0
vertex 5.777454376220703 -5.777454376220703 24.0
vertex 5.6705546379089355 -5.975517749786377 28.0
endloop
endfacet
facet normal 0.7342506647109985 -0.6787343621253967 -0.013985232450067997
outer loop
vertex 5.777454376220703 -5.777454376220703 24.0
vertex 6.402003765106201 -5.184240341186523 28.0
vertex 5.6705546379089355 -5.975517749786377 28.0
endloop
endfacet
facet normal 0.7516953349113464 -0.6592190861701965 -0.019603170454502106
outer loop
vertex 5.777454376220703 -5.777454376220703 24.0
vertex 6.4821367263793945 -4.973918437957764 24.0
vertex 6.402003765106201 -5.184240341186523 28.0
endloop
endfacet
facet normal 0.8165616989135742 -0.5770887732505798 -0.013985232450067997
outer loop
vertex 6.4821367263793945 -4.973918437957764 24.0
vertex 7.0239129066467285 -4.304259300231934 28.0
vertex 6.402003765106201 -5.184240341186523 28.0
endloop
endfacet
facet normal 0.8313098549842834 -0.5554634928703308 -0.019603170454502106
outer loop
vertex 6.4821367263793945 -4.973918437957764 24.0
vertex 7.0759077072143555 -4.085277080535889 24.0
vertex 7.0239129066467285 -4.304259300231934 28.0
endloop
endfacet
facet normal 0.8849011063575745 -0.46556898951530457 -0.013985232450067997
outer loop
vertex 7.0759077072143555 -4.085277080535889 24.0
vertex 7.525640964508057 -3.3506312370300293 28.0
vertex 7.0239129066467285 -4.304259300231934 28.0
endloop
endfacet
facet normal 0.896700382232666 -0.44220370054244995 -0.019603170454502106
outer loop
vertex 7.0759077072143555 -4.085277080535889 24.0
vertex 7.548608303070068 -3.1267359256744385 24.0
vertex 7.525640964508057 -3.3506312370300293 28.0
endloop
endfacet
facet normal 0.9380995631217957 -0.3460831940174103 -0.013985232450067997
outer loop
vertex 7.548608303070068 -3.1267359256744385 24.0
vertex 7.898603439331055 -2.339672803878784 28.0
vertex 7.525640964508057 -3.3506312370300293 28.0
endloop
endfacet
facet normal 0.9467481374740601 -0.321377694606781 -0.019603170454502106
outer loop
vertex 7.548608303070068 -3.1267359256744385 24.0
vertex 7.892149925231934 -2.1146950721740723 24.0
vertex 7.898603439331055 -2.339672803878784 28.0
endloop
endfacet
facet normal 0.9752469062805176 -0.22067585587501526 -0.013985232450067997
outer loop
vertex 7.892149925231934 -2.1146950721740723 24.0
vertex 8.136418342590332 -1.288681983947754 28.0
vertex 7.898603439331055 -2.339672803878784 28.0
endloop
endfacet
facet normal 0.9805968403816223 -0.195052832365036 -0.019603170454502106
outer loop
vertex 7.892149925231934 -2.1146950721740723 24.0
vertex 8.100654602050781 -1.0664713382720947 24.0
vertex 8.136418342590332 -1.288681983947754 28.0
endloop
endfacet
facet normal 0.9957075119018555 -0.0914926677942276 -0.013985232450067997
outer loop
vertex 8.100654602050781 -1.0664713382720947 24.0
vertex 8.235016822814941 -0.21564149856567383 28.0
vertex 8.136418342590332 -1.288681983947754 28.0
endloop
endfacet
facet normal 0.9976671934127808 -0.06539056450128555 -0.019603170454502106
outer loop
vertex 8.100654602050781 -1.0664713382720947 24.0
vertex 8.170554161071777 -2.0012087232707193e-15 24.0
vertex 8.235016822814941 -0.21564149856567383 28.0
endloop
endfacet
facet normal 0.9991313219070435 0.03925597667694092 -0.013985232450067997
outer loop
vertex 8.170554161071777 -2.0012087232707193e-15 24.0
vertex 8.19271183013916 0.8610886931419373 28.0
vertex 8.235016822814941 -0.21564149856567383 28.0
endloop
endfacet
facet normal 0.9976671934127808 0.06539056450128555 -0.019603170454502106
outer loop
vertex 8.170554161071777 -2.0012087232707193e-15 24.0
vertex 8.100654602050781 1.0664713382720947 24.0
vertex 8.19271183013916 0.8610886931419373 28.0
endloop
endfacet
facet normal 0.9854596853256226 0.16933293640613556 -0.013985232450067997
outer loop
vertex 8.100654602050781 1.0664713382720947 24.0
vertex 8.01022720336914 1.9230854511260986 28.0
vertex 8.19271183013916 0.8610886931419373 28.0
endloop
endfacet
facet normal 0.9805968403816223 0.195052832365036 -0.019603170454502106
outer loop
vertex 8.100654602050781 1.0664713382720947 24.0
vertex 7.892149925231934 2.1146950721740723 24.0
vertex 8.01022720336914 1.9230854511260986 28.0
endloop
endfacet
facet normal 0.9549265503883362 0.29651257395744324 -0.013985232450067997
outer loop
vertex 7.892149925231934 2.1146950721740723 24.0
vertex 7.690685749053955 2.9521777629852295 28.0
vertex 8.01022720336914 1.9230854511260986 28.0
endloop
endfacet
facet normal 0.9467481374740601 0.321377694606781 -0.019603170454502106
outer loop
vertex 7.892149925231934 2.1146950721740723 24.0
vertex 7.548608303070068 3.1267359256744385 24.0
vertex 7.690685749053955 2.9521777629852295 28.0
endloop
endfacet
facet normal 0.9080543518066406 0.4186187982559204 -0.013985232450067997
outer loop
vertex 7.548608303070068 3.1267359256744385 24.0
vertex 7.239554405212402 3.9307572841644287 28.0
vertex 7.690685749053955 2.9521777629852295 28.0
endloop
endfacet
facet normal 0.896700382232666 0.44220370054244995 -0.019603170454502106
outer loop
vertex 7.548608303070068 3.1267359256744385 24.0
vertex 7.0759077072143555 4.085277080535889 24.0
vertex 7.239554405212402 3.9307572841644287 28.0
endloop
endfacet
facet normal 0.8456451296806335 0.5335623025894165 -0.013985232450067997
outer loop
vertex 7.0759077072143555 4.085277080535889 24.0
vertex 6.664552211761475 4.842080593109131 28.0
vertex 7.239554405212402 3.9307572841644287 28.0
endloop
endfacet
facet normal 0.7684828042984009 0.6391404271125793 -0.030555905774235725
outer loop
vertex 6.664552211761475 4.842080593109131 28.0
vertex 5.975517749786377 5.6705546379089355 28.0
vertex 6.204456329345703 5.586517333984375 32.0
endloop
endfacet
facet normal 0.6975744366645813 0.7160801887512207 -0.024881042540073395
outer loop
vertex 5.975517749786377 5.6705546379089355 28.0
vertex 5.422189235687256 6.348567962646484 32.0
vertex 6.204456329345703 5.586517333984375 32.0
endloop
endfacet
facet normal 0.678483784198761 0.7339796423912048 -0.030555905774235725
outer loop
vertex 5.975517749786377 5.6705546379089355 28.0
vertex 5.184240341186523 6.402003765106201 28.0
vertex 5.422189235687256 6.348567962646484 32.0
endloop
endfacet
facet normal 0.5981393456459045 0.8010057806968689 -0.024881042540073395
outer loop
vertex 5.184240341186523 6.402003765106201 28.0
vertex 4.547147274017334 7.001992702484131 32.0
vertex 5.422189235687256 6.348567962646484 32.0
endloop
endfacet
facet normal 0.5768756866455078 0.8162602186203003 -0.030555905774235725
outer loop
vertex 5.184240341186523 6.402003765106201 28.0
vertex 4.304259300231934 7.0239129066467285 28.0
vertex 4.547147274017334 7.001992702484131 32.0
endloop
endfacet
facet normal 0.4884699881076813 0.8722258806228638 -0.024881042540073395
outer loop
vertex 4.304259300231934 7.0239129066467285 28.0
vertex 3.5943024158477783 7.535611629486084 32.0
vertex 4.547147274017334 7.001992702484131 32.0
endloop
endfacet
facet normal 0.4653971195220947 0.8845744132995605 -0.030555905774235725
outer loop
vertex 4.304259300231934 7.0239129066467285 28.0
vertex 3.3506312370300293 7.525640964508057 28.0
vertex 3.5943024158477783 7.535611629486084 32.0
endloop
endfacet
facet normal 0.3704427182674408 0.928521990776062 -0.024881042540073395
outer loop
vertex 3.3506312370300293 7.525640964508057 28.0
vertex 2.579957962036133 7.94029426574707 32.0
vertex 3.5943024158477783 7.535611629486084 32.0
endloop
endfacet
facet normal 0.34595543146133423 0.9377532601356506 -0.030555905774235725
outer loop
vertex 3.3506312370300293 7.525640964508057 28.0
vertex 2.339672803878784 7.898603439331055 28.0
vertex 2.579957962036133 7.94029426574707 32.0
endloop
endfacet
facet normal 0.24607709050178528 0.9689308404922485 -0.024881042540073395
outer loop
vertex 2.339672803878784 7.898603439331055 28.0
vertex 1.5214697122573853 8.209115982055664 32.0
vertex 2.579957962036133 7.94029426574707 32.0
endloop
endfacet
facet normal 0.2205943763256073 0.9748868942260742 -0.030555905774235725
outer loop
vertex 2.339672803878784 7.898603439331055 28.0
vertex 1.288681983947754 8.136418342590332 28.0
vertex 1.5214697122573853 8.209115982055664 32.0
endloop
endfacet
facet normal 0.11750101298093796 0.9927610158920288 -0.024881042540073395
outer loop
vertex 1.288681983947754 8.136418342590332 28.0
vertex 0.43694868683815 8.337477684020996 32.0
vertex 1.5214697122573853 8.209115982055664 32.0
endloop
endfacet
facet normal 0.09145889431238174 0.9953399300575256 -0.030555905774235725
outer loop
vertex 1.288681983947754 8.136418342590332 28.0
vertex 0.21564149856567383 8.235016822814941 28.0
vertex 0.43694868683815 8.337477684020996 32.0
endloop
endfacet
facet normal -0.013085543178021908 0.9996047616004944 -0.024881042540073395
outer loop
vertex 0.21564149856567383 8.235016822814941 28.0
vertex -0.655048668384552 8.323182106018066 32.0
vertex 0.43694868683815 8.337477684020996 32.0
endloop
endfacet
facet normal -0.0392414852976799 0.9987624287605286 -0.030555905774235725
outer loop
vertex 0.21564149856567383 8.235016822814941 28.0
vertex -0.8610886931419373 8.19271183013916 28.0
vertex -0.655048668384552 8.323182106018066 32.0
endloop
endfacet
facet normal -0.14344820380210876 0.9893450140953064 -0.024881042540073395
outer loop
vertex -0.8610886931419373 8.19271183013916 28.0
vertex -1.7358379364013672 8.166475296020508 32.0
vertex -0.655048668384552 8.323182106018066 32.0
endloop
endfacet
facet normal -0.16927042603492737 0.9850958585739136 -0.030555905774235725
outer loop
vertex -0.8610886931419373 8.19271183013916 28.0
vertex -1.9230854511260986 8.01022720336914 28.0
vertex -1.7358379364013672 8.166475296020508 32.0
endloop
endfacet
facet normal -0.27135640382766724 0.9621572494506836 -0.024881042540073395
outer loop
vertex -1.9230854511260986 8.01022720336914 28.0
vertex -2.786926507949829 7.87003755569458 32.0
vertex -1.7358379364013672 8.166475296020508 32.0
endloop
endfacet
facet normal -0.29640311002731323 0.9545739889144897 -0.030555905774235725
outer loop
vertex -1.9230854511260986 8.01022720336914 28.0
vertex -2.9521777629852295 7.690685749053955 28.0
vertex -2.786926507949829 7.87003755569458 32.0
endloop
endfacet
facet normal -0.3946216404438019 0.9185067415237427 -0.024881042540073395
outer loop
vertex -2.9521777629852295 7.690685749053955 28.0
vertex -3.790329933166504 7.438941478729248 32.0
vertex -2.786926507949829 7.87003755569458 32.0
endloop
endfacet
facet normal -0.4184642434120178 0.9077191352844238 -0.030555905774235725
outer loop
vertex -2.9521777629852295 7.690685749053955 28.0
vertex -3.9307572841644287 7.239554405212402 28.0
vertex -3.790329933166504 7.438941478729248 32.0
endloop
endfacet
facet normal -0.5111348032951355 0.8591403365135193 -0.024881042540073395
outer loop
vertex -3.9307572841644287 7.239554405212402 28.0
vertex -4.728879928588867 6.880562782287598 32.0
vertex -3.790329933166504 7.438941478729248 32.0
endloop
endfacet
facet normal -0.5333653688430786 0.8453329205513 -0.030555905774235725
outer loop
vertex -3.9307572841644287 7.239554405212402 28.0
vertex -4.842080593109131 6.664552211761475 28.0
vertex -4.728879928588867 6.880562782287598 32.0
endloop
endfacet
facet normal -0.6189022660255432 0.7850738167762756 -0.024881042540073395
outer loop
vertex -4.842080593109131 6.664552211761475 28.0
vertex -5.586517333984375 6.204456329345703 32.0
vertex -4.728879928588867 6.880562782287598 32.0
endloop
endfacet
facet normal -0.6391404271125793 0.7684828042984009 -0.030555905774235725
outer loop
vertex -4.842080593109131 6.664552211761475 28.0
vertex -5.6705546379089355 5.975517749786377 28.0
vertex -5.586517333984375 6.204456329345703 32.0
endloop
endfacet
facet normal -0.7160801887512207 0.6975744366645813 -0.024881042540073395
outer loop
vertex -5.6705546379089355 5.975517749786377 28.0
vertex -6.348567962646484 5.422189235687256 32.0
vertex -5.586517333984375 6.204456329345703 32.0
endloop
endfacet
facet normal -0.7339796423912048 0.678483784198761 -0.030555905774235725
outer loop
vertex -5.6705546379089355 5.975517749786377 28.0
vertex -6.402003765106201 5.184240341186523 28.0
vertex -6.348567962646484 5.422189235687256 32.0
endloop
endfacet
facet normal -0.8010057806968689 0.5981393456459045 -0.024881042540073395
outer loop
vertex -6.402003765106201 5.184240341186523 28.0
vertex -7.001992702484131 4.547147274017334 32.0
vertex -6.348567962646484 5.422189235687256 32.0
endloop
endfacet
facet normal -0.8162602186203003 0.5768756866455078 -0.030555905774235725
outer loop
vertex -6.402003765106201 5.184240341186523 28.0
vertex -7.0239129066467285 4.304259300231934 28.0
vertex -7.001992702484131 4.547147274017334 32.0
endloop
endfacet
facet normal -0.8722258806228638 0.4884699881076813 -0.024881042540073395
outer loop
vertex -7.0239129066467285 4.304259300231934 28.0
vertex -7.535611629486084 3.5943024158477783 32.0
vertex -7.001992702484131 4.547147274017334 32.0
endloop
endfacet
facet normal -0.8845744132995605 0.4653971195220947 -0.030555905774235725
outer loop
vertex -7.0239129066467285 4.304259300231934 28.0
vertex -7.525640964508057 3.3506312370300293 28.0
vertex -7.535611629486084 3.5943024158477783 32.0
endloop
endfacet
facet normal -0.928521990776062 0.3704427182674408 -0.024881042540073395
outer loop
vertex -7.525640964508057 3.3506312370300293 28.0
vertex -7.94029426574707 2.579957962036133 32.0
vertex -7.535611629486084 3.5943024158477783 32.0
endloop
endfacet
facet normal -0.9377532601356506 0.34595543146133423 -0.030555905774235725
outer loop
vertex -7.525640964508057 3.3506312370300293 28.0
vertex -7.898603439331055 2.339672803878784 28.0
vertex -7.94029426574707 2.579957962036133 32.0
endloop
endfacet
facet normal -0.9689308404922485 0.24607709050178528 -0.024881042540073395
outer loop
vertex -7.898603439331055 2.339672803878784 28.0
vertex -8.209115982055664 1.5214697122573853 32.0
vertex -7.94029426574707 2.579957962036133 32.0
endloop
endfacet
facet normal -0.9748868942260742 0.2205943763256073 -0.030555905774235725
outer loop
vertex -7.898603439331055 2.339672803878784 28.0
vertex -8.136418342590332 1.288681983947754 28.0
vertex -8.209115982055664 1.5214697122573853 32.0
endloop
endfacet
facet normal -0.9927610158920288 0.11750101298093796 -0.024881042540073395
outer loop
vertex -8.136418342590332 1.288681983947754 28.0
vertex -8.337477684020996 0.43694868683815 32.0
vertex -8.209115982055664 1.5214697122573853 32.0
endloop
endfacet
facet normal -0.9953399300575256 0.09145889431238174 -0.030555905774235725
outer loop
vertex -8.136418342590332 1.288681983947754 28.0
vertex -8.235016822814941 0.21564149856567383 28.0
vertex -8.337477684020996 0.43694868683815 32.0
endloop
endfacet
facet normal -0.9996047616004944 -0.013085543178021908 -0.024881042540073395
outer loop
vertex -8.235016822814941 0.21564149856567383 28.0
vertex -8.323182106018066 -0.655048668384552 32.0
vertex -8.337477684020996 0.43694868683815 32.0
endloop
endfacet
facet normal -0.9987624287605286 -0.0392414852976799 -0.030555905774235725
outer loop
vertex -8.235016822814941 0.21564149856567383 28.0
vertex -8.19271183013916 -0.8610886931419373 28.0
vertex -8.323182106018066 -0.655048668384552 32.0
endloop
endfacet
facet normal -0.9893450140953064 -0.14344820380210876 -0.024881042540073395
outer loop
vertex -8.19271183013916 -0.8610886931419373 28.0
vertex -8.166475296020508 -1.7358379364013672 32.0
vertex -8.323182106018066 -0.655048668384552 32.0
endloop
endfacet
facet normal -0.9850958585739136 -0.16927042603492737 -0.030555905774235725
outer loop
vertex -8.19271183013916 -0.8610886931419373 28.0
vertex -8.01022720336914 -1.9230854511260986 28.0
vertex -8.166475296020508 -1.7358379364013672 32.0
endloop
endfacet
facet normal -0.9621572494506836 -0.27135640382766724 -0.024881042540073395
outer loop
vertex -8.01022720336914 -1.9230854511260986 28.0
vertex -7.87003755569458 -2.786926507949829 32.0
vertex -8.166475296020508 -1.7358379364013672 32.0
endloop
endfacet
facet normal -0.9545739889144897 -0.29640311002731323 -0.030555905774235725
outer loop
vertex -8.01022720336914 -1.9230854511260986 28.0
vertex -7.690685749053955 -2.9521777629852295 28.0
vertex -7.87003755569458 -2.786926507949829 32.0
endloop
endfacet
facet normal -0.9185067415237427 -0.3946216404438019 -0.024881042540073395
outer loop
vertex -7.690685749053955 -2.9521777629852295 28.0
vertex -7.438941478729248 -3.790329933166504 32.0
vertex -7.87003755569458 -2.786926507949829 32.0
endloop
endfacet
facet normal -0.9077191352844238 -0.4184642434120178 -0.030555905774235725
outer loop
vertex -7.690685749053955 -2.9521777629852295 28.0
vertex -7.239554405212402 -3.9307572841644287 28.0
vertex -7.438941478729248 -3.790329933166504 32.0
endloop
endfacet
facet normal -0.8591403365135193 -0.5111348032951355 -0.024881042540073395
outer loop
vertex -7.239554405212402 -3.9307572841644287 28.0
vertex -6.880562782287598 -4.728879928588867 32.0
vertex -7.438941478729248 -3.790329933166504 32.0
endloop
endfacet
facet normal -0.8453329205513 -0.5333653688430786 -0.030555905774235725
outer loop
vertex -7.239554405212402 -3.9307572841644287 28.0
vertex -6.664552211761475 -4.842080593109131 28.0
vertex -6.880562782287598 -4.728879928588867 32.0
endloop
endfacet
facet normal -0.7850738167762756 -0.6189022660255432 -0.024881042540073395
outer loop
vertex -6.664552211761475 -4.842080593109131 28.0
vertex -6.204456329345703 -5.586517333984375 32.0
vertex -6.880562782287598 -4.728879928588867 32.0
endloop
endfacet
facet normal -0.7684828042984009 -0.6391404271125793 -0.030555905774235725
outer loop
vertex -6.664552211761475 -4.842080593109131 28.0
vertex -5.975517749786377 -5.6705546379089355 28.0
vertex -6.204456329345703 -5.586517333984375 32.0
endloop
endfacet
facet normal -0.6975744366645813 -0.7160801887512207 -0.024881042540073395
outer loop
vertex -5.975517749786377 -5.6705546379089355 28.0
vertex -5.422189235687256 -6.348567962646484 32.0
vertex -6.204456329345703 -5.586517333984375 32.0
endloop
endfacet
facet normal -0.678483784198761 -0.7339796423912048 -0.030555905774235725
outer loop
vertex -5.975517749786377 -5.6705546379089355 28.0
vertex -5.184240341186523 -6.402003765106201 28.0
vertex -5.422189235687256 -6.348567962646484 32.0
endloop
endfacet
facet normal -0.5981393456459045 -0.8010057806968689 -0.024881042540073395
outer loop
vertex -5.184240341186523 -6.402003765106201 28.0
vertex -4.547147274017334 -7.001992702484131 32.0
vertex -5.422189235687256 -6.348567962646484 32.0
endloop
endfacet
facet normal -0.5768756866455078 -0.8162602186203003 -0.030555905774235725
outer loop
vertex -5.184240341186523 -6.402003765106201 28.0
vertex -4.304259300231934 -7.0239129066467285 28.0
vertex -4.547147274017334 -7.001992702484131 32.0
endloop
endfacet
facet normal -0.4884699881076813 -0.8722258806228638 -0.024881042540073395
outer loop
vertex -4.304259300231934 -7.0239129066467285 28.0
vertex -3.5943024158477783 -7.535611629486084 32.0
vertex -4.547147274017334 -7.001992702484131 32.0
endloop
endfacet
facet normal -0.4653971195220947 -0.8845744132995605 -0.030555905774235725
outer loop
vertex -4.304259300231934 -7.0239129066467285 28.0
vertex -3.3506312370300293 -7.525640964508057 28.0
vertex -3.5943024158477783 -7.535611629486084 32.0
endloop
endfacet
facet normal -0.3704427182674408 -0.928521990776062 -0.024881042540073395
outer loop
vertex -3.3506312370300293 -7.525640964508057 28.0
vertex -2.579957962036133 -7.94029426574707 32.0
vertex -3.5943024158477783 -7.535611629486084 32.0
endloop
endfacet
facet normal -0.34595543146133423 -0.9377532601356506 -0.030555905774235725
outer loop
vertex -3.3506312370300293 -7.525640964508057 28.0
vertex -2.339672803878784 -7.898603439331055 28.0
vertex -2.579957962036133 -7.94029426574707 32.0
endloop
endfacet
facet normal -0.24607709050178528 -0.9689308404922485 -0.024881042540073395
outer loop
vertex -2.339672803878784 -7.898603439331055 28.0
vertex -1.5214697122573853 -8.209115982055664 32.0
vertex -2.579957962036133 -7.94029426574707 32.0
endloop
endfacet
facet normal -0.2205943763256073 -0.9748868942260742 -0.030555905774235725
outer loop
vertex -2.339672803878784 -7.898603439331055 28.0
vertex -1.288681983947754 -8.136418342590332 28.0
vertex -1.5214697122573853 -8.209115982055664 32.0
endloop
endfacet
facet normal -0.11750101298093796 -0.9927610158920288 -0.024881042540073395
outer loop
vertex -1.288681983947754 -8.136418342590332 28.0
vertex -0.43694868683815 -8.337477684020996 32.0
vertex -1.5214697122573853 -8.209115982055664 32.0
endloop
endfacet
facet normal -0.09145889431238174 -0.9953399300575256 -0.030555905774235725
outer loop
vertex -1.288681983947754 -8.136418342590332 28.0
vertex -0.21564149856567383 -8.235016822814941 28.0
vertex -0.43694868683815 -8.337477684020996 32.0
endloop
endfacet
facet normal 0.013085543178021908 -0.9996047616004944 -0.024881042540073395
outer loop
vertex -0.21564149856567383 -8.235016822814941 28.0
vertex 0.655048668384552 -8.323182106018066 32.0
vertex -0.43694868683815 -8.337477684020996 32.0
endloop
endfacet
facet normal 0.0392414852976799 -0.9987624287605286 -0.030555905774235725
outer loop
vertex -0.21564149856567383 -8.235016822814941 28.0
vertex 0.8610886931419373 -8.19271183013916 28.0
vertex 0.655048668384552 -8.323182106018066 32.0
endloop
endfacet
facet normal 0.14344820380210876 -0.9893450140953064 -0.024881042540073395
outer loop
vertex 0.8610886931419373 -8.19271183013916 28.0
vertex 1.7358379364013672 -8.166475296020508 32.0
vertex 0.655048668384552 -8.323182106018066 32.0
endloop
endfacet
facet normal 0.16927042603492737 -0.9850958585739136 -0.030555905774235725
outer loop
vertex 0.8610886931419373 -8.19271183013916 28.0
vertex 1.9230854511260986 -8.01022720336914 28.0
vertex 1.7358379364013672 -8.166475296020508 32.0
endloop
endfacet
facet normal 0.27135640382766724 -0.9621572494506836 -0.024881042540073395
outer loop
vertex 1.9230854511260986 -8.01022720336914 28.0
vertex 2.786926507949829 -7.87003755569458 32.0
vertex 1.7358379364013672 -8.166475296020508 32.0
endloop
endfacet
facet normal 0.29640311002731323 -0.9545739889144897 -0.030555905774235725
outer loop
vertex 1.9230854511260986 -8.01022720336914 28.0
vertex 2.9521777629852295 -7.690685749053955 28.0
vertex 2.786926507949829 -7.87003755569458 32.0
endloop
endfacet
facet normal 0.3946216404438019 -0.9185067415237427 -0.024881042540073395
outer loop
vertex 2.9521777629852295 -7.690685749053955 28.0
vertex 3.790329933166504 -7.438941478729248 32.0
vertex 2.786926507949829 -7.87003755569458 32.0
endloop
endfacet
facet normal 0.4184642434120178 -0.9077191352844238 -0.030555905774235725
outer loop
vertex 2.9521777629852295 -7.690685749053955 28.0
vertex 3.9307572841644287 -7.239554405212402 28.0
vertex 3.790329933166504 -7.438941478729248 32.0
endloop
endfacet
facet normal 0.5111348032951355 -0.8591403365135193 -0.024881042540073395
outer loop
vertex 3.9307572841644287 -7.239554405212402 28.0
vertex 4.728879928588867 -6.880562782287598 32.0
vertex 3.790329933166504 -7.438941478729248 32.0
endloop
endfacet
facet normal 0.5333653688430786 -0.8453329205513 -0.030555905774235725
outer loop
vertex 3.9307572841644287 -7.239554405212402 28.0
vertex 4.842080593109131 -6.664552211761475 28.0
vertex 4.728879928588867 -6.880562782287598 32.0
endloop
endfacet
facet normal 0.6189022660255432 -0.7850738167762756 -0.024881042540073395
outer loop
vertex 4.842080593109131 -6.664552211761475 28.0
vertex 5.586517333984375 -6.204456329345703 32.0
vertex 4.728879928588867 -6.880562782287598 32.0
endloop
endfacet
facet normal 0.6391404271125793 -0.7684828042984009 -0.030555905774235725
outer loop
vertex 4.842080593109131 -6.664552211761475 28.0
vertex 5.6705546379089355 -5.975517749786377 28.0
vertex 5.586517333984375 -6.204456329345703 32.0
endloop
endfacet
facet normal 0.7160801887512207 -0.6975744366645813 -0.024881042540073395
outer loop
vertex 5.6705546379089355 -5.975517749786377 28.0
vertex 6.348567962646484 -5.422189235687256 32.0
vertex 5.586517333984375 -6.204456329345703 32.0
endloop
endfacet
facet normal 0.7339796423912048 -0.678483784198761 -0.030555905774235725
outer loop
vertex 5.6705546379089355 -5.975517749786377 28.0
vertex 6.402003765106201 -5.184240341186523 28.0
vertex 6.348567962646484 -5.422189235687256 32.0
endloop
endfacet
facet normal 0.8010057806968689 -0.5981393456459045 -0.024881042540073395
outer loop
vertex 6.402003765106201 -5.184240341186523 28.0
vertex 7.001992702484131 -4.547147274017334 32.0
vertex 6.348567962646484 -5.422189235687256 32.0
endloop
endfacet
facet normal 0.8162602186203003 -0.5768756866455078 -0.030555905774235725
outer loop
vertex 6.402003765106201 -5.184240341186523 28.0
vertex 7.0239129066467285 -4.304259300231934 28.0
vertex 7.001992702484131 -4.547147274017334 32.0
endloop
endfacet
facet normal 0.8722258806228638 -0.4884699881076813 -0.024881042540073395
outer loop
vertex 7.0239129066467285 -4.304259300231934 28.0
vertex 7.535611629486084 -3.5943024158477783 32.0
vertex 7.001992702484131 -4.547147274017334 32.0
endloop
endfacet
facet normal 0.8845744132995605 -0.4653971195220947 -0.030555905774235725
outer loop
vertex 7.0239129066467285 -4.304259300231934 28.0
vertex 7.525640964508057 -3.3506312370300293 28.0
vertex 7.535611629486084 -3.5943024158477783 32.0
endloop
endfacet
facet normal 0.928521990776062 -0.3704427182674408 -0.024881042540073395
outer loop
vertex 7.525640964508057 -3.3506312370300293 28.0
vertex 7.94029426574707 -2.579957962036133 32.0
vertex 7.535611629486084 -3.5943024158477783 32.0
endloop
endfacet
facet normal 0.9377532601356506 -0.34595543146133423 -0.030555905774235725
outer loop
vertex 7.525640964508057 -3.3506312370300293 28.0
vertex 7.898603439331055 -2.339672803878784 28.0
vertex 7.94029426574707 -2.579957962036133 32.0
endloop
endfacet
facet normal 0.9689308404922485 -0.24607709050178528 -0.024881042540073395
outer loop
vertex 7.898603439331055 -2.339672803878784 28.0
vertex 8.209115982055664 -1.5214697122573853 32.0
vertex 7.94029426574707 -2.579957962036133 32.0
endloop
endfacet
facet normal 0.9748868942260742 -0.2205943763256073 -0.030555905774235725
outer loop
vertex 7.898603439331055 -2.339672803878784 28.0
vertex 8.136418342590332 -1.288681983947754 28.0
vertex 8.209115982055664 -1.5214697122573853 32.0
endloop
endfacet
facet normal 0.9927610158920288 -0.11750101298093796 -0.024881042540073395
outer loop
vertex 8.136418342590332 -1.288681983947754 28.0
vertex 8.337477684020996 -0.43694868683815 32.0
vertex 8.209115982055664 -1.5214697122573853 32.0
endloop
endfacet
facet normal 0.9953399300575256 -0.09145889431238174 -0.030555905774235725
outer loop
vertex 8.136418342590332 -1.288681983947754 28.0
vertex 8.235016822814941 -0.21564149856567383 28.0
vertex 8.337477684020996 -0.43694868683815 32.0
endloop
endfacet
facet normal 0.9996047616004944 0.013085543178021908 -0.024881042540073395
outer loop
vertex 8.235016822814941 -0.21564149856567383 28.0
vertex 8.323182106018066 0.655048668384552 32.0
vertex 8.337477684020996 -0.43694868683815 32.0
endloop
endfacet
facet normal 0.9987624287605286 0.0392414852976799 -0.030555905774235725
outer loop
vertex 8.235016822814941 -0.21564149856567383 28.0
vertex 8.19271183013916 0.8610886931419373 28.0
vertex 8.323182106018066 0.655048668384552 32.0
endloop
endfacet
facet normal 0.9893450140953064 0.14344820380210876 -0.024881042540073395
outer loop
vertex 8.19271183013916 0.8610886931419373 28.0
vertex 8.166475296020508 1.7358379364013672 32.0
vertex 8.323182106018066 0.655048668384552 32.0
endloop
endfacet
facet normal 0.9850958585739136 0.16927042603492737 -0.030555905774235725
outer loop
vertex 8.19271183013916 0.8610886931419373 28.0
vertex 8.01022720336914 1.9230854511260986 28.0
vertex 8.166475296020508 1.7358379364013672 32.0
endloop
endfacet
facet normal 0.9621572494506836 0.27135640382766724 -0.024881042540073395
outer loop
vertex 8.01022720336914 1.9230854511260986 28.0
vertex 7.87003755569458 2.786926507949829 32.0
vertex 8.166475296020508 1.7358379364013672 32.0
endloop
endfacet
facet normal 0.9545739889144897 0.29640311002731323 -0.030555905774235725
outer loop
vertex 8.01022720336914 1.9230854511260986 28.0
vertex 7.690685749053955 2.9521777629852295 28.0
vertex 7.87003755569458 2.786926507949829 32.0
endloop
endfacet
facet normal 0.9185067415237427 0.3946216404438019 -0.024881042540073395
outer loop
vertex 7.690685749053955 2.9521777629852295 28.0
vertex 7.438941478729248 3.790329933166504 32.0
vertex 7.87003755569458 2.786926507949829 32.0
endloop
endfacet
facet normal 0.9077191352844238 0.4184642434120178 -0.030555905774235725
outer loop
vertex 7.690685749053955 2.9521777629852295 28.0
vertex 7.239554405212402 3.9307572841644287 28.0
vertex 7.438941478729248 3.790329933166504 32.0
endloop
endfacet
facet normal 0.8591403365135193 0.5111348032951355 -0.024881042540073395
outer loop
vertex 7.239554405212402 3.9307572841644287 28.0
vertex 6.880562782287598 4.728879928588867 32.0
vertex 7.438941478729248 3.790329933166504 32.0
endloop
endfacet
facet normal 0.8453329205513 0.5333653688430786 -0.030555905774235725
outer loop
vertex 7.239554405212402 3.9307572841644287 28.0
vertex 6.664552211761475 4.842080593109131 28.0
vertex 6.880562782287598 4.728879928588867 32.0
endloop
endfacet
facet normal 0.7850738167762756 0.6189022660255432 -0.024881042540073395
outer loop
vertex 6.664552211761475 4.842080593109131 28.0
vertex 6.204456329345703 5.586517333984375 32.0
vertex 6.880562782287598 4.728879928588867 32.0
endloop
endfacet
facet normal 0.6974034905433655 0.715904712677002 -0.03329918161034584
outer loop
vertex 6.204456329345703 5.586517333984375 32.0
vertex 5.422189235687256 6.348567962646484 32.0
vertex 5.668101787567139 6.295064449310303 36.0
endloop
endfacet
facet normal 0.618859052658081 0.7850189208984375 -0.027545956894755363
outer loop
vertex 5.422189235687256 6.348567962646484 32.0
vertex 4.797939300537109 6.981045246124268 36.0
vertex 5.668101787567139 6.295064449310303 36.0
endloop
endfacet
facet normal 0.5979927778244019 0.8008094429969788 -0.03329918161034584
outer loop
vertex 5.422189235687256 6.348567962646484 32.0
vertex 4.547147274017334 7.001992702484131 32.0
vertex 4.797939300537109 6.981045246124268 36.0
endloop
endfacet
facet normal 0.5110990405082703 0.8590803146362305 -0.027545956894755363
outer loop
vertex 4.547147274017334 7.001992702484131 32.0
vertex 3.8456830978393555 7.54757833480835 36.0
vertex 4.797939300537109 6.981045246124268 36.0
endloop
endfacet
facet normal 0.4883502721786499 0.8720121383666992 -0.03329918161034584
outer loop
vertex 4.547147274017334 7.001992702484131 32.0
vertex 3.5943024158477783 7.535611629486084 32.0
vertex 3.8456830978393555 7.54757833480835 36.0
endloop
endfacet
facet normal 0.39459407329559326 0.9184425473213196 -0.027545956894755363
outer loop
vertex 3.5943024158477783 7.535611629486084 32.0
vertex 2.8276262283325195 7.9849700927734375 36.0
vertex 3.8456830978393555 7.54757833480835 36.0
endloop
endfacet
facet normal 0.3703519403934479 0.9282944798469543 -0.03329918161034584
outer loop
vertex 3.5943024158477783 7.535611629486084 32.0
vertex 2.579957962036133 7.94029426574707 32.0
vertex 2.8276262283325195 7.9849700927734375 36.0
endloop
endfacet
facet normal 0.27133744955062866 0.962090015411377 -0.027545956894755363
outer loop
vertex 2.579957962036133 7.94029426574707 32.0
vertex 1.7611876726150513 8.285737037658691 36.0
vertex 2.8276262283325195 7.9849700927734375 36.0
endloop
endfacet
facet normal 0.24601678550243378 0.9686933755874634 -0.03329918161034584
outer loop
vertex 2.579957962036133 7.94029426574707 32.0
vertex 1.5214697122573853 8.209115982055664 32.0
vertex 1.7611876726150513 8.285737037658691 36.0
endloop
endfacet
facet normal 0.1434381753206253 0.9892758727073669 -0.027545956894755363
outer loop
vertex 1.5214697122573853 8.209115982055664 32.0
vertex 0.6646148562431335 8.444731712341309 36.0
vertex 1.7611876726150513 8.285737037658691 36.0
endloop
endfacet
facet normal 0.11747221648693085 0.9925177097320557 -0.03329918161034584
outer loop
vertex 1.5214697122573853 8.209115982055664 32.0
vertex 0.43694868683815 8.337477684020996 32.0
vertex 0.6646148562431335 8.444731712341309 36.0
endloop
endfacet
facet normal 0.013084628619253635 0.9995349049568176 -0.027545956894755363
outer loop
vertex 0.43694868683815 8.337477684020996 32.0
vertex -0.443329781293869 8.459236145019531 36.0
vertex 0.6646148562431335 8.444731712341309 36.0
endloop
endfacet
facet normal -0.013082336634397507 0.9993597865104675 -0.03329918161034584
outer loop
vertex 0.43694868683815 8.337477684020996 32.0
vertex -0.655048668384552 8.323182106018066 32.0
vertex -0.443329781293869 8.459236145019531 36.0
endloop
endfacet
facet normal -0.11749279499053955 0.9926916360855103 -0.027545956894755363
outer loop
vertex -0.655048668384552 8.323182106018066 32.0
vertex -1.5436888933181763 8.328999519348145 36.0
vertex -0.443329781293869 8.459236145019531 36.0
endloop
endfacet
facet normal -0.14341305196285248 0.9891025424003601 -0.03329918161034584
outer loop
vertex -0.655048668384552 8.323182106018066 32.0
vertex -1.7358379364013672 8.166475296020508 32.0
vertex -1.5436888933181763 8.328999519348145 36.0
endloop
endfacet
facet normal -0.24605989456176758 0.9688631296157837 -0.027545956894755363
outer loop
vertex -1.7358379364013672 8.166475296020508 32.0
vertex -2.6176350116729736 8.056252479553223 36.0
vertex -1.5436888933181763 8.328999519348145 36.0
endloop
endfacet
facet normal -0.2712899148464203 0.9619215130805969 -0.03329918161034584
outer loop
vertex -1.7358379364013672 8.166475296020508 32.0
vertex -2.786926507949829 7.87003755569458 32.0
vertex -2.6176350116729736 8.056252479553223 36.0
endloop
endfacet
facet normal -0.3704168200492859 0.9284570813179016 -0.027545956894755363
outer loop
vertex -2.786926507949829 7.87003755569458 32.0
vertex -3.6467926502227783 7.645659923553467 36.0
vertex -2.6176350116729736 8.056252479553223 36.0
endloop
endfacet
facet normal -0.3945249319076538 0.9182816743850708 -0.03329918161034584
outer loop
vertex -2.786926507949829 7.87003755569458 32.0
vertex -3.790329933166504 7.438941478729248 32.0
vertex -3.6467926502227783 7.645659923553467 36.0
endloop
endfacet
facet normal -0.488435834646225 0.8721649050712585 -0.027545956894755363
outer loop
vertex -3.790329933166504 7.438941478729248 32.0
vertex -4.613553047180176 7.104248523712158 36.0
vertex -3.6467926502227783 7.645659923553467 36.0
endloop
endfacet
facet normal -0.5110095143318176 0.8589298129081726 -0.03329918161034584
outer loop
vertex -3.790329933166504 7.438941478729248 32.0
vertex -4.728879928588867 6.880562782287598 32.0
vertex -4.613553047180176 7.104248523712158 36.0
endloop
endfacet
facet normal -0.598097562789917 0.80094975233078 -0.027545956894755363
outer loop
vertex -4.728879928588867 6.880562782287598 32.0
vertex -5.501373767852783 6.441280841827393 36.0
vertex -4.613553047180176 7.104248523712158 36.0
endloop
endfacet
facet normal -0.6187506318092346 0.7848814129829407 -0.03329918161034584
outer loop
vertex -4.728879928588867 6.880562782287598 32.0
vertex -5.586517333984375 6.204456329345703 32.0
vertex -5.501373767852783 6.441280841827393 36.0
endloop
endfacet
facet normal -0.697525680065155 0.7160301208496094 -0.027545956894755363
outer loop
vertex -5.586517333984375 6.204456329345703 32.0
vertex -6.295064449310303 5.668101787567139 36.0
vertex -5.501373767852783 6.441280841827393 36.0
endloop
endfacet
facet normal -0.715904712677002 0.6974034905433655 -0.03329918161034584
outer loop
vertex -5.586517333984375 6.204456329345703 32.0
vertex -6.348567962646484 5.422189235687256 32.0
vertex -6.295064449310303 5.668101787567139 36.0
endloop
endfacet
facet normal -0.7850189208984375 0.618859052658081 -0.027545956894755363
outer loop
vertex -6.348567962646484 5.422189235687256 32.0
vertex -6.981045246124268 4.797939300537109 36.0
vertex -6.295064449310303 5.668101787567139 36.0
endloop
endfacet
facet normal -0.8008094429969788 0.5979927778244019 -0.03329918161034584
outer loop
vertex -6.348567962646484 5.422189235687256 32.0
vertex -7.001992702484131 4.547147274017334 32.0
vertex -6.981045246124268 4.797939300537109 36.0
endloop
endfacet
facet normal -0.8590803146362305 0.5110990405082703 -0.027545956894755363
outer loop
vertex -7.001992702484131 4.547147274017334 32.0
vertex -7.54757833480835 3.8456830978393555 36.0
vertex -6.981045246124268 4.797939300537109 36.0
endloop
endfacet
facet normal -0.8720121383666992 0.4883502721786499 -0.03329918161034584
outer loop
vertex -7.001992702484131 4.547147274017334 32.0
vertex -7.535611629486084 3.5943024158477783 32.0
vertex -7.54757833480835 3.8456830978393555 36.0
endloop
endfacet
facet normal -0.9184425473213196 0.39459407329559326 -0.027545956894755363
outer loop
vertex -7.535611629486084 3.5943024158477783 32.0
vertex -7.9849700927734375 2.8276262283325195 36.0
vertex -7.54757833480835 3.8456830978393555 36.0
endloop
endfacet
facet normal -0.9282944798469543 0.3703519403934479 -0.03329918161034584
outer loop
vertex -7.535611629486084 3.5943024158477783 32.0
vertex -7.94029426574707 2.579957962036133 32.0
vertex -7.9849700927734375 2.8276262283325195 36.0
endloop
endfacet
facet normal -0.962090015411377 0.27133744955062866 -0.027545956894755363
outer loop
vertex -7.94029426574707 2.579957962036133 32.0
vertex -8.285737037658691 1.7611876726150513 36.0
vertex -7.9849700927734375 2.8276262283325195 36.0
endloop
endfacet
facet normal -0.9686933755874634 0.24601678550243378 -0.03329918161034584
outer loop
vertex -7.94029426574707 2.579957962036133 32.0
vertex -8.209115982055664 1.5214697122573853 32.0
vertex -8.285737037658691 1.7611876726150513 36.0
endloop
endfacet
facet normal -0.9892758727073669 0.1434381753206253 -0.027545956894755363
outer loop
vertex -8.209115982055664 1.5214697122573853 32.0
vertex -8.444731712341309 0.6646148562431335 36.0
vertex -8.285737037658691 1.7611876726150513 36.0
endloop
endfacet
facet normal -0.9925177097320557 0.11747221648693085 -0.03329918161034584
outer loop
vertex -8.209115982055664 1.5214697122573853 32.0
vertex -8.337477684020996 0.43694868683815 32.0
vertex -8.444731712341309 0.6646148562431335 36.0
endloop
endfacet
facet normal -0.9995349049568176 0.013084628619253635 -0.027545956894755363
outer loop
vertex -8.337477684020996 0.43694868683815 32.0
vertex -8.459236145019531 -0.443329781293869 36.0
vertex -8.444731712341309 0.6646148562431335 36.0
endloop
endfacet
facet normal -0.9993597865104675 -0.013082336634397507 -0.03329918161034584
outer loop
vertex -8.337477684020996 0.43694868683815 32.0
vertex -8.323182106018066 -0.655048668384552 32.0
vertex -8.459236145019531 -0.443329781293869 36.0
endloop
endfacet
facet normal -0.9926916360855103 -0.11749279499053955 -0.027545956894755363
outer loop
vertex -8.323182106018066 -0.655048668384552 32.0
vertex -8.328999519348145 -1.5436888933181763 36.0
vertex -8.459236145019531 -0.443329781293869 36.0
endloop
endfacet
facet normal -0.9891025424003601 -0.14341305196285248 -0.03329918161034584
outer loop
vertex -8.323182106018066 -0.655048668384552 32.0
vertex -8.166475296020508 -1.7358379364013672 32.0
vertex -8.328999519348145 -1.5436888933181763 36.0
endloop
endfacet
facet normal -0.9688631296157837 -0.24605989456176758 -0.027545956894755363
outer loop
vertex -8.166475296020508 -1.7358379364013672 32.0
vertex -8.056252479553223 -2.6176350116729736 36.0
vertex -8.328999519348145 -1.5436888933181763 36.0
endloop
endfacet
facet normal -0.9619215130805969 -0.2712899148464203 -0.03329918161034584
outer loop
vertex -8.166475296020508 -1.7358379364013672 32.0
vertex -7.87003755569458 -2.786926507949829 32.0
vertex -8.056252479553223 -2.6176350116729736 36.0
endloop
endfacet
facet normal -0.9284570813179016 -0.3704168200492859 -0.027545956894755363
outer loop
vertex -7.87003755569458 -2.786926507949829 32.0
vertex -7.645659923553467 -3.6467926502227783 36.0
vertex -8.056252479553223 -2.6176350116729736 36.0
endloop
endfacet
facet normal -0.9182816743850708 -0.3945249319076538 -0.03329918161034584
outer loop
vertex -7.87003755569458 -2.786926507949829 32.0
vertex -7.438941478729248 -3.790329933166504 32.0
vertex -7.645659923553467 -3.6467926502227783 36.0
endloop
endfacet
facet normal -0.8721649050712585 -0.488435834646225 -0.027545956894755363
outer loop
vertex -7.438941478729248 -3.790329933166504 32.0
vertex -7.104248523712158 -4.613553047180176 36.0
vertex -7.645659923553467 -3.6467926502227783 36.0
endloop
endfacet
facet normal -0.8589298129081726 -0.5110095143318176 -0.03329918161034584
outer loop
vertex -7.438941478729248 -3.790329933166504 32.0
vertex -6.880562782287598 -4.728879928588867 32.0
vertex -7.104248523712158 -4.613553047180176 36.0
endloop
endfacet
facet normal -0.80094975233078 -0.598097562789917 -0.027545956894755363
outer loop
vertex -6.880562782287598 -4.728879928588867 32.0
vertex -6.441280841827393 -5.501373767852783 36.0
vertex -7.104248523712158 -4.613553047180176 36.0
endloop
endfacet
facet normal -0.7848814129829407 -0.6187506318092346 -0.03329918161034584
outer loop
vertex -6.880562782287598 -4.728879928588867 32.0
vertex -6.204456329345703 -5.586517333984375 32.0
vertex -6.441280841827393 -5.501373767852783 36.0
endloop
endfacet
facet normal -0.7160301208496094 -0.697525680065155 -0.027545956894755363
outer loop
vertex -6.204456329345703 -5.586517333984375 32.0
vertex -5.668101787567139 -6.295064449310303 36.0
vertex -6.441280841827393 -5.501373767852783 36.0
endloop
endfacet
facet normal -0.6974034905433655 -0.715904712677002 -0.03329918161034584
outer loop
vertex -6.204456329345703 -5.586517333984375 32.0
vertex -5.422189235687256 -6.348567962646484 32.0
vertex -5.668101787567139 -6.295064449310303 36.0
endloop
endfacet
facet normal -0.618859052658081 -0.7850189208984375 -0.027545956894755363
outer loop
vertex -5.422189235687256 -6.348567962646484 32.0
vertex -4.797939300537109 -6.981045246124268 36.0
vertex -5.668101787567139 -6.295064449310303 36.0
endloop
endfacet
facet normal -0.5979927778244019 -0.8008094429969788 -0.03329918161034584
outer loop
vertex -5.422189235687256 -6.348567962646484 32.0
vertex -4.547147274017334 -7.001992702484131 32.0
vertex -4.797939300537109 -6.981045246124268 36.0
endloop
endfacet
facet normal -0.5110990405082703 -0.8590803146362305 -0.027545956894755363
outer loop
vertex -4.547147274017334 -7.001992702484131 32.0
vertex -3.8456830978393555 -7.54757833480835 36.0
vertex -4.797939300537109 -6.981045246124268 36.0
endloop
endfacet
facet normal -0.4883502721786499 -0.8720121383666992 -0.03329918161034584
outer loop
vertex -4.547147274017334 -7.001992702484131 32.0
vertex -3.5943024158477783 -7.535611629486084 32.0
vertex -3.8456830978393555 -7.54757833480835 36.0
endloop
endfacet
facet normal -0.39459407329559326 -0.9184425473213196 -0.027545956894755363
outer loop
vertex -3.5943024158477783 -7.535611629486084 32.0
vertex -2.8276262283325195 -7.9849700927734375 36.0
vertex -3.8456830978393555 -7.54757833480835 36.0
endloop
endfacet
facet normal -0.3703519403934479 -0.9282944798469543 -0.03329918161034584
outer loop
vertex -3.5943024158477783 -7.535611629486084 32.0
vertex -2.579957962036133 -7.94029426574707 32.0
vertex -2.8276262283325195 -7.9849700927734375 36.0
endloop
endfacet
facet normal -0.27133744955062866 -0.962090015411377 -0.027545956894755363
outer loop
vertex -2.579957962036133 -7.94029426574707 32.0
vertex -1.7611876726150513 -8.285737037658691 36.0
vertex -2.8276262283325195 -7.9849700927734375 36.0
endloop
endfacet
facet normal -0.24601678550243378 -0.9686933755874634 -0.03329918161034584
outer loop
vertex -2.579957962036133 -7.94029426574707 32.0
vertex -1.5214697122573853 -8.209115982055664 32.0
vertex -1.7611876726150513 -8.285737037658691 36.0
endloop
endfacet
facet normal -0.1434381753206253 -0.9892758727073669 -0.027545956894755363
outer loop
vertex -1.5214697122573853 -8.209115982055664 32.0
vertex -0.6646148562431335 -8.444731712341309 36.0
vertex -1.7611876726150513 -8.285737037658691 36.0
endloop
endfacet
facet normal -0.11747221648693085 -0.9925177097320557 -0.03329918161034584
outer loop
vertex -1.5214697122573853 -8.209115982055664 32.0
vertex -0.43694868683815 -8.337477684020996 32.0
vertex -0.6646148562431335 -8.444731712341309 36.0
endloop
endfacet
facet normal -0.013084628619253635 -0.9995349049568176 -0.027545956894755363
outer loop
vertex -0.43694868683815 -8.337477684020996 32.0
vertex 0.443329781293869 -8.459236145019531 36.0
vertex -0.6646148562431335 -8.444731712341309 36.0
endloop
endfacet
facet normal 0.013082336634397507 -0.9993597865104675 -0.03329918161034584
outer loop
vertex -0.43694868683815 -8.337477684020996 32.0
vertex 0.655048668384552 -8.323182106018066 32.0
vertex 0.443329781293869 -8.459236145019531 36.0
endloop
endfacet
facet normal 0.11749279499053955 -0.9926916360855103 -0.027545956894755363
outer loop
vertex 0.655048668384552 -8.323182106018066 32.0
vertex 1.5436888933181763 -8.328999519348145 36.0
vertex 0.443329781293869 -8.459236145019531 36.0
endloop
endfacet
facet normal 0.14341305196285248 -0.9891025424003601 -0.03329918161034584
outer loop
vertex 0.655048668384552 -8.323182106018066 32.0
vertex 1.7358379364013672 -8.166475296020508 32.0
vertex 1.5436888933181763 -8.328999519348145 36.0
endloop
endfacet
facet normal 0.24605989456176758 -0.9688631296157837 -0.027545956894755363
outer loop
vertex 1.7358379364013672 -8.166475296020508 32.0
vertex 2.6176350116729736 -8.056252479553223 36.0
vertex 1.5436888933181763 -8.328999519348145 36.0
endloop
endfacet
facet normal 0.2712899148464203 -0.9619215130805969 -0.03329918161034584
outer loop
vertex 1.7358379364013672 -8.166475296020508 32.0
vertex 2.786926507949829 -7.87003755569458 32.0
vertex 2.6176350116729736 -8.056252479553223 36.0
endloop
endfacet
facet normal 0.3704168200492859 -0.9284570813179016 -0.027545956894755363
outer loop
vertex 2.786926507949829 -7.87003755569458 32.0
vertex 3.6467926502227783 -7.645659923553467 36.0
vertex 2.6176350116729736 -8.056252479553223 36.0
endloop
endfacet
facet normal 0.3945249319076538 -0.9182816743850708 -0.03329918161034584
outer loop
vertex 2.786926507949829 -7.87003755569458 32.0
vertex 3.790329933166504 -7.438941478729248 32.0
vertex 3.6467926502227783 -7.645659923553467 36.0
endloop
endfacet
facet normal 0.488435834646225 -0.8721649050712585 -0.027545956894755363
outer loop
vertex 3.790329933166504 -7.438941478729248 32.0
vertex 4.613553047180176 -7.104248523712158 36.0
vertex 3.6467926502227783 -7.645659923553467 36.0
endloop
endfacet
facet normal 0.5110095143318176 -0.8589298129081726 -0.03329918161034584
outer loop
vertex 3.790329933166504 -7.438941478729248 32.0
vertex 4.728879928588867 -6.880562782287598 32.0
vertex 4.613553047180176 -7.104248523712158 36.0
endloop
endfacet
facet normal 0.598097562789917 -0.80094975233078 -0.027545956894755363
outer loop
vertex 4.728879928588867 -6.880562782287598 32.0
vertex 5.501373767852783 -6.441280841827393 36.0
vertex 4.613553047180176 -7.104248523712158 36.0
endloop
endfacet
facet normal 0.6187506318092346 -0.7848814129829407 -0.03329918161034584
outer loop
vertex 4.728879928588867 -6.880562782287598 32.0
vertex 5.586517333984375 -6.204456329345703 32.0
vertex 5.501373767852783 -6.441280841827393 36.0
endloop
endfacet
facet normal 0.697525680065155 -0.7160301208496094 -0.027545956894755363
outer loop
vertex 5.586517333984375 -6.204456329345703 32.0
vertex 6.295064449310303 -5.668101787567139 36.0
vertex 5.501373767852783 -6.441280841827393 36.0
endloop
endfacet
facet normal 0.715904712677002 -0.6974034905433655 -0.03329918161034584
outer loop
vertex 5.586517333984375 -6.204456329345703 32.0
vertex 6.348567962646484 -5.422189235687256 32.0
vertex 6.295064449310303 -5.668101787567139 36.0
endloop
endfacet
facet normal 0.7850189208984375 -0.618859052658081 -0.027545956894755363
outer loop
vertex 6.348567962646484 -5.422189235687256 32.0
vertex 6.981045246124268 -4.797939300537109 36.0
vertex 6.295064449310303 -5.668101787567139 36.0
endloop
endfacet
facet normal 0.8008094429969788 -0.5979927778244019 -0.03329918161034584
outer loop
vertex 6.348567962646484 -5.422189235687256 32.0
vertex 7.001992702484131 -4.547147274017334 32.0
vertex 6.981045246124268 -4.797939300537109 36.0
endloop
endfacet
facet normal 0.8590803146362305 -0.5110990405082703 -0.027545956894755363
outer loop
vertex 7.001992702484131 -4.547147274017334 32.0
vertex 7.54757833480835 -3.8456830978393555 36.0
vertex 6.981045246124268 -4.797939300537109 36.0
endloop
endfacet
facet normal 0.8720121383666992 -0.4883502721786499 -0.03329918161034584
outer loop
vertex 7.001992702484131 -4.547147274017334 32.0
vertex 7.535611629486084 -3.5943024158477783 32.0
vertex 7.54757833480835 -3.8456830978393555 36.0
endloop
endfacet
facet normal 0.9184425473213196 -0.39459407329559326 -0.027545956894755363
outer loop
vertex 7.535611629486084 -3.5943024158477783 32.0
vertex 7.9849700927734375 -2.8276262283325195 36.0
vertex 7.54757833480835 -3.8456830978393555 36.0
endloop
endfacet
facet normal 0.9282944798469543 -0.3703519403934479 -0.03329918161034584
outer loop
vertex 7.535611629486084 -3.5943024158477783 32.0
vertex 7.94029426574707 -2.579957962036133 32.0
vertex 7.9849700927734375 -2.8276262283325195 36.0
endloop
endfacet
facet normal 0.962090015411377 -0.27133744955062866 -0.027545956894755363
outer loop
vertex 7.94029426574707 -2.579957962036133 32.0
vertex 8.285737037658691 -1.7611876726150513 36.0
vertex 7.9849700927734375 -2.8276262283325195 36.0
endloop
endfacet
facet normal 0.9686933755874634 -0.24601678550243378 -0.03329918161034584
outer loop
vertex 7.94029426574707 -2.579957962036133 32.0
vertex 8.209115982055664 -1.5214697122573853 32.0
vertex 8.285737037658691 -1.7611876726150513 36.0
endloop
endfacet
facet normal 0.9892758727073669 -0.1434381753206253 -0.027545956894755363
outer loop
vertex 8.209115982055664 -1.5214697122573853 32.0
vertex 8.444731712341309 -0.6646148562431335 36.0
vertex 8.285737037658691 -1.7611876726150513 36.0
endloop
endfacet
facet normal 0.9925177097320557 -0.11747221648693085 -0.03329918161034584
outer loop
vertex 8.209115982055664 -1.5214697122573853 32.0
vertex 8.337477684020996 -0.43694868683815 32.0
vertex 8.444731712341309 -0.6646148562431335 36.0
endloop
endfacet
facet normal 0.9995349049568176 -0.013084628619253635 -0.027545956894755363
outer loop
vertex 8.337477684020996 -0.43694868683815 32.0
vertex 8.459236145019531 0.443329781293869 36.0
vertex 8.444731712341309 -0.6646148562431335 36.0
endloop
endfacet
facet normal 0.9993597865104675 0.013082336634397507 -0.03329918161034584
outer loop
vertex 8.337477684020996 -0.43694868683815 32.0
vertex 8.323182106018066 0.655048668384552 32.0
vertex 8.459236145019531 0.443329781293869 36.0
endloop
endfacet
facet normal 0.9926916360855103 0.11749279499053955 -0.027545956894755363
outer loop
vertex 8.323182106018066 0.655048668384552 32.0
vertex 8.328999519348145 1.5436888933181763 36.0
vertex 8.459236145019531 0.443329781293869 36.0
endloop
endfacet
facet normal 0.9891025424003601 0.14341305196285248 -0.03329918161034584
outer loop
vertex 8.323182106018066 0.655048668384552 32.0
vertex 8.166475296020508 1.7358379364013672 32.0
vertex 8.328999519348145 1.5436888933181763 36.0
endloop
endfacet
facet normal 0.9688631296157837 0.24605989456176758 -0.027545956894755363
outer loop
vertex 8.166475296020508 1.7358379364013672 32.0
vertex 8.056252479553223 2.6176350116729736 36.0
vertex 8.328999519348145 1.5436888933181763 36.0
endloop
endfacet
facet normal 0.9619215130805969 0.2712899148464203 -0.03329918161034584
outer loop
vertex 8.166475296020508 1.7358379364013672 32.0
vertex 7.87003755569458 2.786926507949829 32.0
vertex 8.056252479553223 2.6176350116729736 36.0
endloop
endfacet
facet normal 0.9284570813179016 0.3704168200492859 -0.027545956894755363
outer loop
vertex 7.87003755569458 2.786926507949829 32.0
vertex 7.645659923553467 3.6467926502227783 36.0
vertex 8.056252479553223 2.6176350116729736 36.0
endloop
endfacet
facet normal 0.9182816743850708 0.3945249319076538 -0.03329918161034584
outer loop
vertex 7.87003755569458 2.786926507949829 32.0
vertex 7.438941478729248 3.790329933166504 32.0
vertex 7.645659923553467 3.6467926502227783 36.0
endloop
endfacet
facet normal 0.8721649050712585 0.488435834646225 -0.027545956894755363
outer loop
vertex 7.438941478729248 3.790329933166504 32.0
vertex 7.104248523712158 4.613553047180176 36.0
vertex 7.645659923553467 3.6467926502227783 36.0
endloop
endfacet
facet normal 0.8589298129081726 0.5110095143318176 -0.03329918161034584
outer loop
vertex 7.438941478729248 3.790329933166504 32.0
vertex 6.880562782287598 4.728879928588867 32.0
vertex 7.104248523712158 4.613553047180176 36.0
endloop
endfacet
facet normal 0.80094975233078 0.598097562789917 -0.027545956894755363
outer loop
vertex 6.880562782287598 4.728879928588867 32.0
vertex 6.441280841827393 5.501373767852783 36.0
vertex 7.104248523712158 4.613553047180176 36.0
endloop
endfacet
facet normal 0.7848814129829407 0.6187506318092346 -0.03329918161034584
outer loop
vertex 6.880562782287598 4.728879928588867 32.0
vertex 6.204456329345703 5.586517333984375 32.0
vertex 6.441280841827393 5.501373767852783 36.0
endloop
endfacet
facet normal 0.7160301208496094 0.697525680065155 -0.027545956894755363
outer loop
vertex 6.204456329345703 5.586517333984375 32.0
vertex 5.668101787567139 6.295064449310303 36.0
vertex 6.441280841827393 5.501373767852783 36.0
endloop
endfacet
facet normal 0.6186904311180115 0.7848050594329834 -0.03609997779130936
outer loop
vertex 5.668101787567139 6.295064449310303 36.0
vertex 4.797939300537109 6.981045246124268 36.0
vertex 5.0572075843811035 6.960649013519287 40.0
endloop
endfacet
facet normal 0.5333701372146606 0.8453404903411865 -0.030261097475886345
outer loop
vertex 4.797939300537109 6.981045246124268 36.0
vertex 4.105395317077637 7.561197757720947 40.0
vertex 5.0572075843811035 6.960649013519287 40.0
endloop
endfacet
facet normal 0.510959804058075 0.8588462471961975 -0.03609997779130936
outer loop
vertex 4.797939300537109 6.981045246124268 36.0
vertex 3.8456830978393555 7.54757833480835 36.0
vertex 4.105395317077637 7.561197757720947 40.0
endloop
endfacet
facet normal 0.41846799850463867 0.9077272415161133 -0.030261097475886345
outer loop
vertex 3.8456830978393555 7.54757833480835 36.0
vertex 3.083338975906372 8.03237247467041 40.0
vertex 4.105395317077637 7.561197757720947 40.0
endloop
endfacet
facet normal 0.39448654651641846 0.9181923270225525 -0.03609997779130936
outer loop
vertex 3.8456830978393555 7.54757833480835 36.0
vertex 2.8276262283325195 7.9849700927734375 36.0
vertex 3.083338975906372 8.03237247467041 40.0
endloop
endfacet
facet normal 0.29640576243400574 0.9545825719833374 -0.030261097475886345
outer loop
vertex 2.8276262283325195 7.9849700927734375 36.0
vertex 2.0085256099700928 8.366110801696777 40.0
vertex 3.083338975906372 8.03237247467041 40.0
endloop
endfacet
facet normal 0.2712635099887848 0.9618278741836548 -0.03609997779130936
outer loop
vertex 2.8276262283325195 7.9849700927734375 36.0
vertex 1.7611876726150513 8.285737037658691 36.0
vertex 2.0085256099700928 8.366110801696777 40.0
endloop
endfacet
facet normal 0.16927194595336914 0.9851046800613403 -0.030261097475886345
outer loop
vertex 1.7611876726150513 8.285737037658691 36.0
vertex 0.8993456959724426 8.556702613830566 40.0
vertex 2.0085256099700928 8.366110801696777 40.0
endloop
endfacet
facet normal 0.14339908957481384 0.9890063405036926 -0.03609997779130936
outer loop
vertex 1.7611876726150513 8.285737037658691 36.0
vertex 0.6646148562431335 8.444731712341309 36.0
vertex 0.8993456959724426 8.556702613830566 40.0
endloop
endfacet
facet normal 0.03924183547496796 0.9987714290618896 -0.030261097475886345
outer loop
vertex 0.6646148562431335 8.444731712341309 36.0
vertex -0.2252221554517746 8.600887298583984 40.0
vertex 0.8993456959724426 8.556702613830566 40.0
endloop
endfacet
facet normal 0.013081063516438007 0.9992625713348389 -0.03609997779130936
outer loop
vertex 0.6646148562431335 8.444731712341309 36.0
vertex -0.443329781293869 8.459236145019531 36.0
vertex -0.2252221554517746 8.600887298583984 40.0
endloop
endfacet
facet normal -0.0914597138762474 0.9953488707542419 -0.030261097475886345
outer loop
vertex -0.443329781293869 8.459236145019531 36.0
vertex -1.3459364175796509 8.497907638549805 40.0
vertex -0.2252221554517746 8.600887298583984 40.0
endloop
endfacet
facet normal -0.11746078729629517 0.9924211502075195 -0.03609997779130936
outer loop
vertex -0.443329781293869 8.459236145019531 36.0
vertex -1.5436888933181763 8.328999519348145 36.0
vertex -1.3459364175796509 8.497907638549805 40.0
endloop
endfacet
facet normal -0.22059635818004608 0.9748956561088562 -0.030261097475886345
outer loop
vertex -1.5436888933181763 8.328999519348145 36.0
vertex -2.4436213970184326 8.249526977539062 40.0
vertex -1.3459364175796509 8.497907638549805 40.0
endloop
endfacet
facet normal -0.24599283933639526 0.9685991406440735 -0.03609997779130936
outer loop
vertex -1.5436888933181763 8.328999519348145 36.0
vertex -2.6176350116729736 8.056252479553223 36.0
vertex -2.4436213970184326 8.249526977539062 40.0
endloop
endfacet
facet normal -0.34595853090286255 0.937761664390564 -0.030261097475886345
outer loop
vertex -2.6176350116729736 8.056252479553223 36.0
vertex -3.499495267868042 7.859994888305664 40.0
vertex -2.4436213970184326 8.249526977539062 40.0
endloop
endfacet
facet normal -0.37031590938568115 0.9282041192054749 -0.03609997779130936
outer loop
vertex -2.6176350116729736 8.056252479553223 36.0
vertex -3.6467926502227783 7.645659923553467 36.0
vertex -3.499495267868042 7.859994888305664 40.0
endloop
endfacet
facet normal -0.465401291847229 0.8845823407173157 -0.030261097475886345
outer loop
vertex -3.6467926502227783 7.645659923553467 36.0
vertex -4.4954915046691895 7.335975646972656 40.0
vertex -3.499495267868042 7.859994888305664 40.0
endloop
endfacet
facet normal -0.48830273747444153 0.8719273209571838 -0.03609997779130936
outer loop
vertex -3.6467926502227783 7.645659923553467 36.0
vertex -4.613553047180176 7.104248523712158 36.0
vertex -4.4954915046691895 7.335975646972656 40.0
endloop
endfacet
facet normal -0.5768808722496033 0.8162675499916077 -0.030261097475886345
outer loop
vertex -4.613553047180176 7.104248523712158 36.0
vertex -5.41456937789917 6.686436176300049 40.0
vertex -4.4954915046691895 7.335975646972656 40.0
endloop
endfacet
facet normal -0.5979346036911011 0.8007315397262573 -0.03609997779130936
outer loop
vertex -4.613553047180176 7.104248523712158 36.0
vertex -5.501373767852783 6.441280841827393 36.0
vertex -5.41456937789917 6.686436176300049 40.0
endloop
endfacet
facet normal -0.6784898638725281 0.7339861989021301 -0.030261097475886345
outer loop
vertex -5.501373767852783 6.441280841827393 36.0
vertex -6.241001605987549 5.922489643096924 40.0
vertex -5.41456937789917 6.686436176300049 40.0
endloop
endfacet
facet normal -0.6973356008529663 0.7158350348472595 -0.03609997779130936
outer loop
vertex -5.501373767852783 6.441280841827393 36.0
vertex -6.295064449310303 5.668101787567139 36.0
vertex -6.241001605987549 5.922489643096924 40.0
endloop
endfacet
facet normal -0.7684897184371948 0.6391461491584778 -0.030261097475886345
outer loop
vertex -6.295064449310303 5.668101787567139 36.0
vertex -6.960649013519287 5.0572075843811035 40.0
vertex -6.241001605987549 5.922489643096924 40.0
endloop
endfacet
facet normal -0.7848050594329834 0.6186904311180115 -0.03609997779130936
outer loop
vertex -6.295064449310303 5.668101787567139 36.0
vertex -6.981045246124268 4.797939300537109 36.0
vertex -6.960649013519287 5.0572075843811035 40.0
endloop
endfacet
facet normal -0.8453404903411865 0.5333701372146606 -0.030261097475886345
outer loop
vertex -6.981045246124268 4.797939300537109 36.0
vertex -7.561197757720947 4.105395317077637 40.0
vertex -6.960649013519287 5.0572075843811035 40.0
endloop
endfacet
facet normal -0.8588462471961975 0.510959804058075 -0.03609997779130936
outer loop
vertex -6.981045246124268 4.797939300537109 36.0
vertex -7.54757833480835 3.8456830978393555 36.0
vertex -7.561197757720947 4.105395317077637 40.0
endloop
endfacet
facet normal -0.9077272415161133 0.41846799850463867 -0.030261097475886345
outer loop
vertex -7.54757833480835 3.8456830978393555 36.0
vertex -8.03237247467041 3.083338975906372 40.0
vertex -7.561197757720947 4.105395317077637 40.0
endloop
endfacet
facet normal -0.9181923270225525 0.39448654651641846 -0.03609997779130936
outer loop
vertex -7.54757833480835 3.8456830978393555 36.0
vertex -7.9849700927734375 2.8276262283325195 36.0
vertex -8.03237247467041 3.083338975906372 40.0
endloop
endfacet
facet normal -0.9545825719833374 0.29640576243400574 -0.030261097475886345
outer loop
vertex -7.9849700927734375 2.8276262283325195 36.0
vertex -8.366110801696777 2.0085256099700928 40.0
vertex -8.03237247467041 3.083338975906372 40.0
endloop
endfacet
facet normal -0.9618278741836548 0.2712635099887848 -0.03609997779130936
outer loop
vertex -7.9849700927734375 2.8276262283325195 36.0
vertex -8.285737037658691 1.7611876726150513 36.0
vertex -8.366110801696777 2.0085256099700928 40.0
endloop
endfacet
facet normal -0.9851046800613403 0.16927194595336914 -0.030261097475886345
outer loop
vertex -8.285737037658691 1.7611876726150513 36.0
vertex -8.556702613830566 0.8993456959724426 40.0
vertex -8.366110801696777 2.0085256099700928 40.0
endloop
endfacet
facet normal -0.9890063405036926 0.14339908957481384 -0.03609997779130936
outer loop
vertex -8.285737037658691 1.7611876726150513 36.0
vertex -8.444731712341309 0.6646148562431335 36.0
vertex -8.556702613830566 0.8993456959724426 40.0
endloop
endfacet
facet normal -0.9987714290618896 0.03924183547496796 -0.030261097475886345
outer loop
vertex -8.444731712341309 0.6646148562431335 36.0
vertex -8.600887298583984 -0.2252221554517746 40.0
vertex -8.556702613830566 0.8993456959724426 40.0
endloop
endfacet
facet normal -0.9992625713348389 0.013081063516438007 -0.03609997779130936
outer loop
vertex -8.444731712341309 0.6646148562431335 36.0
vertex -8.459236145019531 -0.443329781293869 36.0
vertex -8.600887298583984 -0.2252221554517746 40.0
endloop
endfacet
facet normal -0.9953488707542419 -0.0914597138762474 -0.030261097475886345
outer loop
vertex -8.459236145019531 -0.443329781293869 36.0
vertex -8.497907638549805 -1.3459364175796509 40.0
vertex -8.600887298583984 -0.2252221554517746 40.0
endloop
endfacet
facet normal -0.9924211502075195 -0.11746078729629517 -0.03609997779130936
outer loop
vertex -8.459236145019531 -0.443329781293869 36.0
vertex -8.328999519348145 -1.5436888933181763 36.0
vertex -8.497907638549805 -1.3459364175796509 40.0
endloop
endfacet
facet normal -0.9748956561088562 -0.22059635818004608 -0.030261097475886345
outer loop
vertex -8.328999519348145 -1.5436888933181763 36.0
vertex -8.249526977539062 -2.4436213970184326 40.0
vertex -8.497907638549805 -1.3459364175796509 40.0
endloop
endfacet
facet normal -0.9685991406440735 -0.24599283933639526 -0.03609997779130936
outer loop
vertex -8.328999519348145 -1.5436888933181763 36.0
vertex -8.056252479553223 -2.6176350116729736 36.0
vertex -8.249526977539062 -2.4436213970184326 40.0
endloop
endfacet
facet normal -0.937761664390564 -0.34595853090286255 -0.030261097475886345
outer loop
vertex -8.056252479553223 -2.6176350116729736 36.0
vertex -7.859994888305664 -3.499495267868042 40.0
vertex -8.249526977539062 -2.4436213970184326 40.0
endloop
endfacet
facet normal -0.9282041192054749 -0.37031590938568115 -0.03609997779130936
outer loop
vertex -8.056252479553223 -2.6176350116729736 36.0
vertex -7.645659923553467 -3.6467926502227783 36.0
vertex -7.859994888305664 -3.499495267868042 40.0
endloop
endfacet
facet normal -0.8845823407173157 -0.465401291847229 -0.030261097475886345
outer loop
vertex -7.645659923553467 -3.6467926502227783 36.0
vertex -7.335975646972656 -4.4954915046691895 40.0
vertex -7.859994888305664 -3.499495267868042 40.0
endloop
endfacet
facet normal -0.8719273209571838 -0.48830273747444153 -0.03609997779130936
outer loop
vertex -7.645659923553467 -3.6467926502227783 36.0
vertex -7.104248523712158 -4.613553047180176 36.0
vertex -7.335975646972656 -4.4954915046691895 40.0
endloop
endfacet
facet normal -0.8162675499916077 -0.5768808722496033 -0.030261097475886345
outer loop
vertex -7.104248523712158 -4.613553047180176 36.0
vertex -6.686436176300049 -5.41456937789917 40.0
vertex -7.335975646972656 -4.4954915046691895 40.0
endloop
endfacet
facet normal -0.8007315397262573 -0.5979346036911011 -0.03609997779130936
outer loop
vertex -7.104248523712158 -4.613553047180176 36.0
vertex -6.441280841827393 -5.501373767852783 36.0
vertex -6.686436176300049 -5.41456937789917 40.0
endloop
endfacet
facet normal -0.7339861989021301 -0.6784898638725281 -0.030261097475886345
outer loop
vertex -6.441280841827393 -5.501373767852783 36.0
vertex -5.922489643096924 -6.241001605987549 40.0
vertex -6.686436176300049 -5.41456937789917 40.0
endloop
endfacet
facet normal -0.7158350348472595 -0.6973356008529663 -0.03609997779130936
outer loop
vertex -6.441280841827393 -5.501373767852783 36.0
vertex -5.668101787567139 -6.295064449310303 36.0
vertex -5.922489643096924 -6.241001605987549 40.0
endloop
endfacet
facet normal -0.6391461491584778 -0.7684897184371948 -0.030261097475886345
outer loop
vertex -5.668101787567139 -6.295064449310303 36.0
vertex -5.0572075843811035 -6.960649013519287 40.0
vertex -5.922489643096924 -6.241001605987549 40.0
endloop
endfacet
facet normal -0.6186904311180115 -0.7848050594329834 -0.03609997779130936
outer loop
vertex -5.668101787567139 -6.295064449310303 36.0
vertex -4.797939300537109 -6.981045246124268 36.0
vertex -5.0572075843811035 -6.960649013519287 40.0
endloop
endfacet
facet normal -0.5333701372146606 -0.8453404903411865 -0.030261097475886345
outer loop
vertex -4.797939300537109 -6.981045246124268 36.0
vertex -4.105395317077637 -7.561197757720947 40.0
vertex -5.0572075843811035 -6.960649013519287 40.0
endloop
endfacet
facet normal -0.510959804058075 -0.8588462471961975 -0.03609997779130936
outer loop
vertex -4.797939300537109 -6.981045246124268 36.0
vertex -3.8456830978393555 -7.54757833480835 36.0
vertex -4.105395317077637 -7.561197757720947 40.0
endloop
endfacet
facet normal -0.41846799850463867 -0.9077272415161133 -0.030261097475886345
outer loop
vertex -3.8456830978393555 -7.54757833480835 36.0
vertex -3.083338975906372 -8.03237247467041 40.0
vertex -4.105395317077637 -7.561197757720947 40.0
endloop
endfacet
facet normal -0.39448654651641846 -0.9181923270225525 -0.03609997779130936
outer loop
vertex -3.8456830978393555 -7.54757833480835 36.0
vertex -2.8276262283325195 -7.9849700927734375 36.0
vertex -3.083338975906372 -8.03237247467041 40.0
endloop
endfacet
facet normal -0.29640576243400574 -0.9545825719833374 -0.030261097475886345
outer loop
vertex -2.8276262283325195 -7.9849700927734375 36.0
vertex -2.0085256099700928 -8.366110801696777 40.0
vertex -3.083338975906372 -8.03237247467041 40.0
endloop
endfacet
facet normal -0.2712635099887848 -0.9618278741836548 -0.03609997779130936
outer loop
vertex -2.8276262283325195 -7.9849700927734375 36.0
vertex -1.7611876726150513 -8.285737037658691 36.0
vertex -2.0085256099700928 -8.366110801696777 40.0
endloop
endfacet
facet normal -0.16927194595336914 -0.9851046800613403 -0.030261097475886345
outer loop
vertex -1.7611876726150513 -8.285737037658691 36.0
vertex -0.8993456959724426 -8.556702613830566 40.0
vertex -2.0085256099700928 -8.366110801696777 40.0
endloop
endfacet
facet normal -0.14339908957481384 -0.9890063405036926 -0.03609997779130936
outer loop
vertex -1.7611876726150513 -8.285737037658691 36.0
vertex -0.6646148562431335 -8.444731712341309 36.0
vertex -0.8993456959724426 -8.556702613830566 40.0
endloop
endfacet
facet normal -0.03924183547496796 -0.9987714290618896 -0.030261097475886345
outer loop
vertex -0.6646148562431335 -8.444731712341309 36.0
vertex 0.2252221554517746 -8.600887298583984 40.0
vertex -0.8993456959724426 -8.556702613830566 40.0
endloop
endfacet
facet normal -0.013081063516438007 -0.9992625713348389 -0.03609997779130936
outer loop
vertex -0.6646148562431335 -8.444731712341309 36.0
vertex 0.443329781293869 -8.459236145019531 36.0
vertex 0.2252221554517746 -8.600887298583984 40.0
endloop
endfacet
facet normal 0.0914597138762474 -0.9953488707542419 -0.030261097475886345
outer loop
vertex 0.443329781293869 -8.459236145019531 36.0
vertex 1.3459364175796509 -8.497907638549805 40.0
vertex 0.2252221554517746 -8.600887298583984 40.0
endloop
endfacet
facet normal 0.11746078729629517 -0.9924211502075195 -0.03609997779130936
outer loop
vertex 0.443329781293869 -8.459236145019531 36.0
vertex 1.5436888933181763 -8.328999519348145 36.0
vertex 1.3459364175796509 -8.497907638549805 40.0
endloop
endfacet
facet normal 0.22059635818004608 -0.9748956561088562 -0.030261097475886345
outer loop
vertex 1.5436888933181763 -8.328999519348145 36.0
vertex 2.4436213970184326 -8.249526977539062 40.0
vertex 1.3459364175796509 -8.497907638549805 40.0
endloop
endfacet
facet normal 0.24599283933639526 -0.9685991406440735 -0.03609997779130936
outer loop
vertex 1.5436888933181763 -8.328999519348145 36.0
vertex 2.6176350116729736 -8.056252479553223 36.0
vertex 2.4436213970184326 -8.249526977539062 40.0
endloop
endfacet
facet normal 0.34595853090286255 -0.937761664390564 -0.030261097475886345
outer loop
vertex 2.6176350116729736 -8.056252479553223 36.0
vertex 3.499495267868042 -7.859994888305664 40.0
vertex 2.4436213970184326 -8.249526977539062 40.0
endloop
endfacet
facet normal 0.37031590938568115 -0.9282041192054749 -0.03609997779130936
outer loop
vertex 2.6176350116729736 -8.056252479553223 36.0
vertex 3.6467926502227783 -7.645659923553467 36.0
vertex 3.499495267868042 -7.859994888305664 40.0
endloop
endfacet
facet normal 0.465401291847229 -0.8845823407173157 -0.030261097475886345
outer loop
vertex 3.6467926502227783 -7.645659923553467 36.0
vertex 4.4954915046691895 -7.335975646972656 40.0
vertex 3.499495267868042 -7.859994888305664 40.0
endloop
endfacet
facet normal 0.48830273747444153 -0.8719273209571838 -0.03609997779130936
outer loop
vertex 3.6467926502227783 -7.645659923553467 36.0
vertex 4.613553047180176 -7.104248523712158 36.0
vertex 4.4954915046691895 -7.335975646972656 40.0
endloop
endfacet
facet normal 0.5768808722496033 -0.8162675499916077 -0.030261097475886345
outer loop
vertex 4.613553047180176 -7.104248523712158 36.0
vertex 5.41456937789917 -6.686436176300049 40.0
vertex 4.4954915046691895 -7.335975646972656 40.0
endloop
endfacet
facet normal 0.5979346036911011 -0.8007315397262573 -0.03609997779130936
outer loop
vertex 4.613553047180176 -7.104248523712158 36.0
vertex 5.501373767852783 -6.441280841827393 36.0
vertex 5.41456937789917 -6.686436176300049 40.0
endloop
endfacet
facet normal 0.6784898638725281 -0.7339861989021301 -0.030261097475886345
outer loop
vertex 5.501373767852783 -6.441280841827393 36.0
vertex 6.241001605987549 -5.922489643096924 40.0
vertex 5.41456937789917 -6.686436176300049 40.0
endloop
endfacet
facet normal 0.6973356008529663 -0.7158350348472595 -0.03609997779130936
outer loop
vertex 5.501373767852783 -6.441280841827393 36.0
vertex 6.295064449310303 -5.668101787567139 36.0
vertex 6.241001605987549 -5.922489643096924 40.0
endloop
endfacet
facet normal 0.7684897184371948 -0.6391461491584778 -0.030261097475886345
outer loop
vertex 6.295064449310303 -5.668101787567139 36.0
vertex 6.960649013519287 -5.0572075843811035 40.0
vertex 6.241001605987549 -5.922489643096924 40.0
endloop
endfacet
facet normal 0.7848050594329834 -0.6186904311180115 -0.03609997779130936
outer loop
vertex 6.295064449310303 -5.668101787567139 36.0
vertex 6.981045246124268 -4.797939300537109 36.0
vertex 6.960649013519287 -5.0572075843811035 40.0
endloop
endfacet
facet normal 0.8453404903411865 -0.5333701372146606 -0.030261097475886345
outer loop
vertex 6.981045246124268 -4.797939300537109 36.0
vertex 7.561197757720947 -4.105395317077637 40.0
vertex 6.960649013519287 -5.0572075843811035 40.0
endloop
endfacet
facet normal 0.8588462471961975 -0.510959804058075 -0.03609997779130936
outer loop
vertex 6.981045246124268 -4.797939300537109 36.0
vertex 7.54757833480835 -3.8456830978393555 36.0
vertex 7.561197757720947 -4.105395317077637 40.0
endloop
endfacet
facet normal 0.9077272415161133 -0.41846799850463867 -0.030261097475886345
outer loop
vertex 7.54757833480835 -3.8456830978393555 36.0
vertex 8.03237247467041 -3.083338975906372 40.0
vertex 7.561197757720947 -4.105395317077637 40.0
endloop
endfacet
facet normal 0.9181923270225525 -0.39448654651641846 -0.03609997779130936
outer loop
vertex 7.54757833480835 -3.8456830978393555 36.0
vertex 7.9849700927734375 -2.8276262283325195 36.0
vertex 8.03237247467041 -3.083338975906372 40.0
endloop
endfacet
facet normal 0.9545825719833374 -0.29640576243400574 -0.030261097475886345
outer loop
vertex 7.9849700927734375 -2.8276262283325195 36.0
vertex 8.366110801696777 -2.0085256099700928 40.0
vertex 8.03237247467041 -3.083338975906372 40.0
endloop
endfacet
facet normal 0.9618278741836548 -0.2712635099887848 -0.03609997779130936
outer loop
vertex 7.9849700927734375 -2.8276262283325195 36.0
vertex 8.285737037658691 -1.7611876726150513 36.0
vertex 8.366110801696777 -2.0085256099700928 40.0
endloop
endfacet
facet normal 0.9851046800613403 -0.16927194595336914 -0.030261097475886345
outer loop
vertex 8.285737037658691 -1.7611876726150513 36.0
vertex 8.556702613830566 -0.8993456959724426 40.0
vertex 8.366110801696777 -2.0085256099700928 40.0
endloop
endfacet
facet normal 0.9890063405036926 -0.14339908957481384 -0.03609997779130936
outer loop
vertex 8.285737037658691 -1.7611876726150513 36.0
vertex 8.444731712341309 -0.6646148562431335 36.0
vertex 8.556702613830566 -0.8993456959724426 40.0
endloop
endfacet
facet normal 0.9987714290618896 -0.03924183547496796 -0.030261097475886345
outer loop
vertex 8.444731712341309 -0.6646148562431335 36.0
vertex 8.600887298583984 0.2252221554517746 40.0
vertex 8.556702613830566 -0.8993456959724426 40.0
endloop
endfacet
facet normal 0.9992625713348389 -0.013081063516438007 -0.03609997779130936
outer loop
vertex 8.444731712341309 -0.6646148562431335 36.0
vertex 8.459236145019531 0.443329781293869 36.0
vertex 8.600887298583984 0.2252221554517746 40.0
endloop
endfacet
facet normal 0.9953488707542419 0.0914597138762474 -0.030261097475886345
outer loop
vertex 8.459236145019531 0.443329781293869 36.0
vertex 8.497907638549805 1.3459364175796509 40.0
vertex 8.600887298583984 0.2252221554517746 40.0
endloop
endfacet
facet normal 0.9924211502075195 0.11746078729629517 -0.03609997779130936
outer loop
vertex 8.459236145019531 0.443329781293869 36.0
vertex 8.328999519348145 1.5436888933181763 36.0
vertex 8.497907638549805 1.3459364175796509 40.0
endloop
endfacet
facet normal 0.9748956561088562 0.22059635818004608 -0.030261097475886345
outer loop
vertex 8.328999519348145 1.5436888933181763 36.0
vertex 8.249526977539062 2.4436213970184326 40.0
vertex 8.497907638549805 1.3459364175796509 40.0
endloop
endfacet
facet normal 0.9685991406440735 0.24599283933639526 -0.03609997779130936
outer loop
vertex 8.328999519348145 1.5436888933181763 36.0
vertex 8.056252479553223 2.6176350116729736 36.0
vertex 8.249526977539062 2.4436213970184326 40.0
endloop
endfacet
facet normal 0.937761664390564 0.34595853090286255 -0.030261097475886345
outer loop
vertex 8.056252479553223 2.6176350116729736 36.0
vertex 7.859994888305664 3.499495267868042 40.0
vertex 8.249526977539062 2.4436213970184326 40.0
endloop
endfacet
facet normal 0.9282041192054749 0.37031590938568115 -0.03609997779130936
outer loop
vertex 8.056252479553223 2.6176350116729736 36.0
vertex 7.645659923553467 3.6467926502227783 36.0
vertex 7.859994888305664 3.499495267868042 40.0
endloop
endfacet
facet normal 0.8845823407173157 0.465401291847229 -0.030261097475886345
outer loop
vertex 7.645659923553467 3.6467926502227783 36.0
vertex 7.335975646972656 4.4954915046691895 40.0
vertex 7.859994888305664 3.499495267868042 40.0
endloop
endfacet
facet normal 0.8719273209571838 0.48830273747444153 -0.03609997779130936
outer loop
vertex 7.645659923553467 3.6467926502227783 36.0
vertex 7.104248523712158 4.613553047180176 36.0
vertex 7.335975646972656 4.4954915046691895 40.0
endloop
endfacet
facet normal 0.8162675499916077 0.5768808722496033 -0.030261097475886345
outer loop
vertex 7.104248523712158 4.613553047180176 36.0
vertex 6.686436176300049 5.41456937789917 40.0
vertex 7.335975646972656 4.4954915046691895 40.0
endloop
endfacet
facet normal 0.8007315397262573 0.5979346036911011 -0.03609997779130936
outer loop
vertex 7.104248523712158 4.613553047180176 36.0
vertex 6.441280841827393 5.501373767852783 36.0
vertex 6.686436176300049 5.41456937789917 40.0
endloop
endfacet
facet normal 0.7339861989021301 0.6784898638725281 -0.030261097475886345
outer loop
vertex 6.441280841827393 5.501373767852783 36.0
vertex 5.922489643096924 6.241001605987549 40.0
vertex 6.686436176300049 5.41456937789917 40.0
endloop
endfacet
facet normal 0.7158350348472595 0.6973356008529663 -0.03609997779130936
outer loop
vertex 6.441280841827393 5.501373767852783 36.0
vertex 5.668101787567139 6.295064449310303 36.0
vertex 5.922489643096924 6.241001605987549 40.0
endloop
endfacet
facet normal 0.6391461491584778 0.7684897184371948 -0.030261097475886345
outer loop
vertex 5.668101787567139 6.295064449310303 36.0
vertex 5.0572075843811035 6.960649013519287 40.0
vertex 5.922489643096924 6.241001605987549 40.0
endloop
endfacet
facet normal 0.5332093834877014 0.8450857400894165 -0.038959089666604996
outer loop
vertex 5.0572075843811035 6.960649013519287 40.0
vertex 4.105395317077637 7.561197757720947 40.0
vertex 4.374056816101074 7.5760884284973145 44.0
endloop
endfacet
facet normal 0.4420473873615265 0.8963834643363953 -0.033027131110429764
outer loop
vertex 4.105395317077637 7.561197757720947 40.0
vertex 3.3477580547332764 8.082202911376953 44.0
vertex 4.374056816101074 7.5760884284973145 44.0
endloop
endfacet
facet normal 0.41834190487861633 0.907453715801239 -0.038959089666604996
outer loop
vertex 4.105395317077637 7.561197757720947 40.0
vertex 3.083338975906372 8.03237247467041 40.0
vertex 3.3477580547332764 8.082202911376953 44.0
endloop
endfacet
facet normal 0.3212641179561615 0.946413516998291 -0.033027131110429764
outer loop
vertex 3.083338975906372 8.03237247467041 40.0
vertex 2.2641782760620117 8.450028419494629 44.0
vertex 3.3477580547332764 8.082202911376953 44.0
endloop
endfacet
facet normal 0.2963164448738098 0.9542949199676514 -0.038959089666604996
outer loop
vertex 3.083338975906372 8.03237247467041 40.0
vertex 2.0085256099700928 8.366110801696777 40.0
vertex 2.2641782760620117 8.450028419494629 44.0
endloop
endfacet
facet normal 0.19498388469219208 0.9802502393722534 -0.033027131110429764
outer loop
vertex 2.0085256099700928 8.366110801696777 40.0
vertex 1.1418578624725342 8.673272132873535 44.0
vertex 2.2641782760620117 8.450028419494629 44.0
endloop
endfacet
facet normal 0.1692209392786026 0.9848078489303589 -0.038959089666604996
outer loop
vertex 2.0085256099700928 8.366110801696777 40.0
vertex 0.8993456959724426 8.556702613830566 40.0
vertex 1.1418578624725342 8.673272132873535 44.0
endloop
endfacet
facet normal 0.0653674453496933 0.9973145723342896 -0.033027131110429764
outer loop
vertex 0.8993456959724426 8.556702613830566 40.0
vertex 5.356674474918822e-16 8.748113632202148 44.0
vertex 1.1418578624725342 8.673272132873535 44.0
endloop
endfacet
facet normal 0.03923001140356064 0.9984704256057739 -0.038959089666604996
outer loop
vertex 0.8993456959724426 8.556702613830566 40.0
vertex -0.2252221554517746 8.600887298583984 40.0
vertex 5.356674474918822e-16 8.748113632202148 44.0
endloop
endfacet
facet normal -0.0653674453496933 0.9973145723342896 -0.033027131110429764
outer loop
vertex -0.2252221554517746 8.600887298583984 40.0
vertex -1.1418578624725342 8.673272132873535 44.0
vertex 5.356674474918822e-16 8.748113632202148 44.0
endloop
endfacet
facet normal -0.09143215417861938 0.9950489401817322 -0.038959089666604996
outer loop
vertex -0.2252221554517746 8.600887298583984 40.0
vertex -1.3459364175796509 8.497907638549805 40.0
vertex -1.1418578624725342 8.673272132873535 44.0
endloop
endfacet
facet normal -0.19498388469219208 0.9802502393722534 -0.033027131110429764
outer loop
vertex -1.3459364175796509 8.497907638549805 40.0
vertex -2.2641782760620117 8.450028419494629 44.0
vertex -1.1418578624725342 8.673272132873535 44.0
endloop
endfacet
facet normal -0.22052988409996033 0.9746018648147583 -0.038959089666604996
outer loop
vertex -1.3459364175796509 8.497907638549805 40.0
vertex -2.4436213970184326 8.249526977539062 40.0
vertex -2.2641782760620117 8.450028419494629 44.0
endloop
endfacet
facet normal -0.3212641179561615 0.946413516998291 -0.033027131110429764
outer loop
vertex -2.4436213970184326 8.249526977539062 40.0
vertex -3.3477580547332764 8.082202911376953 44.0
vertex -2.2641782760620117 8.450028419494629 44.0
endloop
endfacet
facet normal -0.3458542823791504 0.9374790787696838 -0.038959089666604996
outer loop
vertex -2.4436213970184326 8.249526977539062 40.0
vertex -3.499495267868042 7.859994888305664 40.0
vertex -3.3477580547332764 8.082202911376953 44.0
endloop
endfacet
facet normal -0.4420473873615265 0.8963834643363953 -0.033027131110429764
outer loop
vertex -3.499495267868042 7.859994888305664 40.0
vertex -4.374056816101074 7.5760884284973145 44.0
vertex -3.3477580547332764 8.082202911376953 44.0
endloop
endfacet
facet normal -0.4652610421180725 0.8843157887458801 -0.038959089666604996
outer loop
vertex -3.499495267868042 7.859994888305664 40.0
vertex -4.4954915046691895 7.335975646972656 40.0
vertex -4.374056816101074 7.5760884284973145 44.0
endloop
endfacet
facet normal -0.5552671551704407 0.8310160040855408 -0.033027131110429764
outer loop
vertex -4.4954915046691895 7.335975646972656 40.0
vertex -5.32551383972168 6.94034481048584 44.0
vertex -4.374056816101074 7.5760884284973145 44.0
endloop
endfacet
facet normal -0.5767070055007935 0.8160215616226196 -0.038959089666604996
outer loop
vertex -4.4954915046691895 7.335975646972656 40.0
vertex -5.41456937789917 6.686436176300049 40.0
vertex -5.32551383972168 6.94034481048584 44.0
endloop
endfacet
facet normal -0.6589860916137695 0.7514296174049377 -0.033027131110429764
outer loop
vertex -5.41456937789917 6.686436176300049 40.0
vertex -6.185850143432617 6.185850143432617 44.0
vertex -5.32551383972168 6.94034481048584 44.0
endloop
endfacet
facet normal -0.6782854199409485 0.7337650060653687 -0.038959089666604996
outer loop
vertex -5.41456937789917 6.686436176300049 40.0
vertex -6.241001605987549 5.922489643096924 40.0
vertex -6.185850143432617 6.185850143432617 44.0
endloop
endfacet
facet normal -0.7514296174049377 0.6589860916137695 -0.033027131110429764
outer loop
vertex -6.241001605987549 5.922489643096924 40.0
vertex -6.94034481048584 5.32551383972168 44.0
vertex -6.185850143432617 6.185850143432617 44.0
endloop
endfacet
facet normal -0.7682581543922424 0.6389535665512085 -0.038959089666604996
outer loop
vertex -6.241001605987549 5.922489643096924 40.0
vertex -6.960649013519287 5.0572075843811035 40.0
vertex -6.94034481048584 5.32551383972168 44.0
endloop
endfacet
facet normal -0.8310160040855408 0.5552671551704407 -0.033027131110429764
outer loop
vertex -6.960649013519287 5.0572075843811035 40.0
vertex -7.5760884284973145 4.374056816101074 44.0
vertex -6.94034481048584 5.32551383972168 44.0
endloop
endfacet
facet normal -0.8450857400894165 0.5332093834877014 -0.038959089666604996
outer loop
vertex -6.960649013519287 5.0572075843811035 40.0
vertex -7.561197757720947 4.105395317077637 40.0
vertex -7.5760884284973145 4.374056816101074 44.0
endloop
endfacet
facet normal -0.8963834643363953 0.4420473873615265 -0.033027131110429764
outer loop
vertex -7.561197757720947 4.105395317077637 40.0
vertex -8.082202911376953 3.3477580547332764 44.0
vertex -7.5760884284973145 4.374056816101074 44.0
endloop
endfacet
facet normal -0.907453715801239 0.41834190487861633 -0.038959089666604996
outer loop
vertex -7.561197757720947 4.105395317077637 40.0
vertex -8.03237247467041 3.083338975906372 40.0
vertex -8.082202911376953 3.3477580547332764 44.0
endloop
endfacet
facet normal -0.946413516998291 0.3212641179561615 -0.033027131110429764
outer loop
vertex -8.03237247467041 3.083338975906372 40.0
vertex -8.450028419494629 2.2641782760620117 44.0
vertex -8.082202911376953 3.3477580547332764 44.0
endloop
endfacet
facet normal -0.9542949199676514 0.2963164448738098 -0.038959089666604996
outer loop
vertex -8.03237247467041 3.083338975906372 40.0
vertex -8.366110801696777 2.0085256099700928 40.0
vertex -8.450028419494629 2.2641782760620117 44.0
endloop
endfacet
facet normal -0.9802502393722534 0.19498388469219208 -0.033027131110429764
outer loop
vertex -8.366110801696777 2.0085256099700928 40.0
vertex -8.673272132873535 1.1418578624725342 44.0
vertex -8.450028419494629 2.2641782760620117 44.0
endloop
endfacet
facet normal -0.9848078489303589 0.1692209392786026 -0.038959089666604996
outer loop
vertex -8.366110801696777 2.0085256099700928 40.0
vertex -8.556702613830566 0.8993456959724426 40.0
vertex -8.673272132873535 1.1418578624725342 44.0
endloop
endfacet
facet normal -0.9973145723342896 0.0653674453496933 -0.033027131110429764
outer loop
vertex -8.556702613830566 0.8993456959724426 40.0
vertex -8.748113632202148 1.0713348949837644e-15 44.0
vertex -8.673272132873535 1.1418578624725342 44.0
endloop
endfacet
facet normal -0.9984704256057739 0.03923001140356064 -0.038959089666604996
outer loop
vertex -8.556702613830566 0.8993456959724426 40.0
vertex -8.600887298583984 -0.2252221554517746 40.0
vertex -8.748113632202148 1.0713348949837644e-15 44.0
endloop
endfacet
facet normal -0.9973145723342896 -0.0653674453496933 -0.033027131110429764
outer loop
vertex -8.600887298583984 -0.2252221554517746 40.0
vertex -8.673272132873535 -1.1418578624725342 44.0
vertex -8.748113632202148 1.0713348949837644e-15 44.0
endloop
endfacet
facet normal -0.9950489401817322 -0.09143215417861938 -0.038959089666604996
outer loop
vertex -8.600887298583984 -0.2252221554517746 40.0
vertex -8.497907638549805 -1.3459364175796509 40.0
vertex -8.673272132873535 -1.1418578624725342 44.0
endloop
endfacet
facet normal -0.9802502393722534 -0.19498388469219208 -0.033027131110429764
outer loop
vertex -8.497907638549805 -1.3459364175796509 40.0
vertex -8.450028419494629 -2.2641782760620117 44.0
vertex -8.673272132873535 -1.1418578624725342 44.0
endloop
endfacet
facet normal -0.9746018648147583 -0.22052988409996033 -0.038959089666604996
outer loop
vertex -8.497907638549805 -1.3459364175796509 40.0
vertex -8.249526977539062 -2.4436213970184326 40.0
vertex -8.450028419494629 -2.2641782760620117 44.0
endloop
endfacet
facet normal -0.946413516998291 -0.3212641179561615 -0.033027131110429764
outer loop
vertex -8.249526977539062 -2.4436213970184326 40.0
vertex -8.082202911376953 -3.3477580547332764 44.0
vertex -8.450028419494629 -2.2641782760620117 44.0
endloop
endfacet
facet normal -0.9374790787696838 -0.3458542823791504 -0.038959089666604996
outer loop
vertex -8.249526977539062 -2.4436213970184326 40.0
vertex -7.859994888305664 -3.499495267868042 40.0
vertex -8.082202911376953 -3.3477580547332764 44.0
endloop
endfacet
facet normal -0.8963834643363953 -0.4420473873615265 -0.033027131110429764
outer loop
vertex -7.859994888305664 -3.499495267868042 40.0
vertex -7.5760884284973145 -4.374056816101074 44.0
vertex -8.082202911376953 -3.3477580547332764 44.0
endloop
endfacet
facet normal -0.8843157887458801 -0.4652610421180725 -0.038959089666604996
outer loop
vertex -7.859994888305664 -3.499495267868042 40.0
vertex -7.335975646972656 -4.4954915046691895 40.0
vertex -7.5760884284973145 -4.374056816101074 44.0
endloop
endfacet
facet normal -0.8310160040855408 -0.5552671551704407 -0.033027131110429764
outer loop
vertex -7.335975646972656 -4.4954915046691895 40.0
vertex -6.94034481048584 -5.32551383972168 44.0
vertex -7.5760884284973145 -4.374056816101074 44.0
endloop
endfacet
facet normal -0.8160215616226196 -0.5767070055007935 -0.038959089666604996
outer loop
vertex -7.335975646972656 -4.4954915046691895 40.0
vertex -6.686436176300049 -5.41456937789917 40.0
vertex -6.94034481048584 -5.32551383972168 44.0
endloop
endfacet
facet normal -0.7514296174049377 -0.6589860916137695 -0.033027131110429764
outer loop
vertex -6.686436176300049 -5.41456937789917 40.0
vertex -6.185850143432617 -6.185850143432617 44.0
vertex -6.94034481048584 -5.32551383972168 44.0
endloop
endfacet
facet normal -0.7337650060653687 -0.6782854199409485 -0.038959089666604996
outer loop
vertex -6.686436176300049 -5.41456937789917 40.0
vertex -5.922489643096924 -6.241001605987549 40.0
vertex -6.185850143432617 -6.185850143432617 44.0
endloop
endfacet
facet normal -0.6589860916137695 -0.7514296174049377 -0.033027131110429764
outer loop
vertex -5.922489643096924 -6.241001605987549 40.0
vertex -5.32551383972168 -6.94034481048584 44.0
vertex -6.185850143432617 -6.185850143432617 44.0
endloop
endfacet
facet normal -0.6389535665512085 -0.7682581543922424 -0.038959089666604996
outer loop
vertex -5.922489643096924 -6.241001605987549 40.0
vertex -5.0572075843811035 -6.960649013519287 40.0
vertex -5.32551383972168 -6.94034481048584 44.0
endloop
endfacet
facet normal -0.5552671551704407 -0.8310160040855408 -0.033027131110429764
outer loop
vertex -5.0572075843811035 -6.960649013519287 40.0
vertex -4.374056816101074 -7.5760884284973145 44.0
vertex -5.32551383972168 -6.94034481048584 44.0
endloop
endfacet
facet normal -0.5332093834877014 -0.8450857400894165 -0.038959089666604996
outer loop
vertex -5.0572075843811035 -6.960649013519287 40.0
vertex -4.105395317077637 -7.561197757720947 40.0
vertex -4.374056816101074 -7.5760884284973145 44.0
endloop
endfacet
facet normal -0.4420473873615265 -0.8963834643363953 -0.033027131110429764
outer loop
vertex -4.105395317077637 -7.561197757720947 40.0
vertex -3.3477580547332764 -8.082202911376953 44.0
vertex -4.374056816101074 -7.5760884284973145 44.0
endloop
endfacet
facet normal -0.41834190487861633 -0.907453715801239 -0.038959089666604996
outer loop
vertex -4.105395317077637 -7.561197757720947 40.0
vertex -3.083338975906372 -8.03237247467041 40.0
vertex -3.3477580547332764 -8.082202911376953 44.0
endloop
endfacet
facet normal -0.3212641179561615 -0.946413516998291 -0.033027131110429764
outer loop
vertex -3.083338975906372 -8.03237247467041 40.0
vertex -2.2641782760620117 -8.450028419494629 44.0
vertex -3.3477580547332764 -8.082202911376953 44.0
endloop
endfacet
facet normal -0.2963164448738098 -0.9542949199676514 -0.038959089666604996
outer loop
vertex -3.083338975906372 -8.03237247467041 40.0
vertex -2.0085256099700928 -8.366110801696777 40.0
vertex -2.2641782760620117 -8.450028419494629 44.0
endloop
endfacet
facet normal -0.19498388469219208 -0.9802502393722534 -0.033027131110429764
outer loop
vertex -2.0085256099700928 -8.366110801696777 40.0
vertex -1.1418578624725342 -8.673272132873535 44.0
vertex -2.2641782760620117 -8.450028419494629 44.0
endloop
endfacet
facet normal -0.1692209392786026 -0.9848078489303589 -0.038959089666604996
outer loop
vertex -2.0085256099700928 -8.366110801696777 40.0
vertex -0.8993456959724426 -8.556702613830566 40.0
vertex -1.1418578624725342 -8.673272132873535 44.0
endloop
endfacet
facet normal -0.0653674453496933 -0.9973145723342896 -0.033027131110429764
outer loop
vertex -0.8993456959724426 -8.556702613830566 40.0
vertex -1.6070023424756465e-15 -8.748113632202148 44.0
vertex -1.1418578624725342 -8.673272132873535 44.0
endloop
endfacet
facet normal -0.03923001140356064 -0.9984704256057739 -0.038959089666604996
outer loop
vertex -0.8993456959724426 -8.556702613830566 40.0
vertex 0.2252221554517746 -8.600887298583984 40.0
vertex -1.6070023424756465e-15 -8.748113632202148 44.0
endloop
endfacet
facet normal 0.0653674453496933 -0.9973145723342896 -0.033027131110429764
outer loop
vertex 0.2252221554517746 -8.600887298583984 40.0
vertex 1.1418578624725342 -8.673272132873535 44.0
vertex -1.6070023424756465e-15 -8.748113632202148 44.0
endloop
endfacet
facet normal 0.09143215417861938 -0.9950489401817322 -0.038959089666604996
outer loop
vertex 0.2252221554517746 -8.600887298583984 40.0
vertex 1.3459364175796509 -8.497907638549805 40.0
vertex 1.1418578624725342 -8.673272132873535 44.0
endloop
endfacet
facet normal 0.19498388469219208 -0.9802502393722534 -0.033027131110429764
outer loop
vertex 1.3459364175796509 -8.497907638549805 40.0
vertex 2.2641782760620117 -8.450028419494629 44.0
vertex 1.1418578624725342 -8.673272132873535 44.0
endloop
endfacet
facet normal 0.22052988409996033 -0.9746018648147583 -0.038959089666604996
outer loop
vertex 1.3459364175796509 -8.497907638549805 40.0
vertex 2.4436213970184326 -8.249526977539062 40.0
vertex 2.2641782760620117 -8.450028419494629 44.0
endloop
endfacet
facet normal 0.3212641179561615 -0.946413516998291 -0.033027131110429764
outer loop
vertex 2.4436213970184326 -8.249526977539062 40.0
vertex 3.3477580547332764 -8.082202911376953 44.0
vertex 2.2641782760620117 -8.450028419494629 44.0
endloop
endfacet
facet normal 0.3458542823791504 -0.9374790787696838 -0.038959089666604996
outer loop
vertex 2.4436213970184326 -8.249526977539062 40.0
vertex 3.499495267868042 -7.859994888305664 40.0
vertex 3.3477580547332764 -8.082202911376953 44.0
endloop
endfacet
facet normal 0.4420473873615265 -0.8963834643363953 -0.033027131110429764
outer loop
vertex 3.499495267868042 -7.859994888305664 40.0
vertex 4.374056816101074 -7.5760884284973145 44.0
vertex 3.3477580547332764 -8.082202911376953 44.0
endloop
endfacet
facet normal 0.4652610421180725 -0.8843157887458801 -0.038959089666604996
outer loop
vertex 3.499495267868042 -7.859994888305664 40.0
vertex 4.4954915046691895 -7.335975646972656 40.0
vertex 4.374056816101074 -7.5760884284973145 44.0
endloop
endfacet
facet normal 0.5552671551704407 -0.8310160040855408 -0.033027131110429764
outer loop
vertex 4.4954915046691895 -7.335975646972656 40.0
vertex 5.32551383972168 -6.94034481048584 44.0
vertex 4.374056816101074 -7.5760884284973145 44.0
endloop
endfacet
facet normal 0.5767070055007935 -0.8160215616226196 -0.038959089666604996
outer loop
vertex 4.4954915046691895 -7.335975646972656 40.0
vertex 5.41456937789917 -6.686436176300049 40.0
vertex 5.32551383972168 -6.94034481048584 44.0
endloop
endfacet
facet normal 0.6589860916137695 -0.7514296174049377 -0.033027131110429764
outer loop
vertex 5.41456937789917 -6.686436176300049 40.0
vertex 6.185850143432617 -6.185850143432617 44.0
vertex 5.32551383972168 -6.94034481048584 44.0
endloop
endfacet
facet normal 0.6782854199409485 -0.7337650060653687 -0.038959089666604996
outer loop
vertex 5.41456937789917 -6.686436176300049 40.0
vertex 6.241001605987549 -5.922489643096924 40.0
vertex 6.185850143432617 -6.185850143432617 44.0
endloop
endfacet
facet normal 0.7514296174049377 -0.6589860916137695 -0.033027131110429764
outer loop
vertex 6.241001605987549 -5.922489643096924 40.0
vertex 6.94034481048584 -5.32551383972168 44.0
vertex 6.185850143432617 -6.185850143432617 44.0
endloop
endfacet
facet normal 0.7682581543922424 -0.6389535665512085 -0.038959089666604996
outer loop
vertex 6.241001605987549 -5.922489643096924 40.0
vertex 6.960649013519287 -5.0572075843811035 40.0
vertex 6.94034481048584 -5.32551383972168 44.0
endloop
endfacet
facet normal 0.8310160040855408 -0.5552671551704407 -0.033027131110429764
outer loop
vertex 6.960649013519287 -5.0572075843811035 40.0
vertex 7.5760884284973145 -4.374056816101074 44.0
vertex 6.94034481048584 -5.32551383972168 44.0
endloop
endfacet
facet normal 0.8450857400894165 -0.5332093834877014 -0.038959089666604996
outer loop
vertex 6.960649013519287 -5.0572075843811035 40.0
vertex 7.561197757720947 -4.105395317077637 40.0
vertex 7.5760884284973145 -4.374056816101074 44.0
endloop
endfacet
facet normal 0.8963834643363953 -0.4420473873615265 -0.033027131110429764
outer loop
vertex 7.561197757720947 -4.105395317077637 40.0
vertex 8.082202911376953 -3.3477580547332764 44.0
vertex 7.5760884284973145 -4.374056816101074 44.0
endloop
endfacet
facet normal 0.907453715801239 -0.41834190487861633 -0.038959089666604996
outer loop
vertex 7.561197757720947 -4.105395317077637 40.0
vertex 8.03237247467041 -3.083338975906372 40.0
vertex 8.082202911376953 -3.3477580547332764 44.0
endloop
endfacet
facet normal 0.946413516998291 -0.3212641179561615 -0.033027131110429764
outer loop
vertex 8.03237247467041 -3.083338975906372 40.0
vertex 8.450028419494629 -2.2641782760620117 44.0
vertex 8.082202911376953 -3.3477580547332764 44.0
endloop
endfacet
facet normal 0.9542949199676514 -0.2963164448738098 -0.038959089666604996
outer loop
vertex 8.03237247467041 -3.083338975906372 40.0
vertex 8.366110801696777 -2.0085256099700928 40.0
vertex 8.450028419494629 -2.2641782760620117 44.0
endloop
endfacet
facet normal 0.9802502393722534 -0.19498388469219208 -0.033027131110429764
outer loop
vertex 8.366110801696777 -2.0085256099700928 40.0
vertex 8.673272132873535 -1.1418578624725342 44.0
vertex 8.450028419494629 -2.2641782760620117 44.0
endloop
endfacet
facet normal 0.9848078489303589 -0.1692209392786026 -0.038959089666604996
outer loop
vertex 8.366110801696777 -2.0085256099700928 40.0
vertex 8.556702613830566 -0.8993456959724426 40.0
vertex 8.673272132873535 -1.1418578624725342 44.0
endloop
endfacet
facet normal 0.9973145723342896 -0.0653674453496933 -0.033027131110429764
outer loop
vertex 8.556702613830566 -0.8993456959724426 40.0
vertex 8.748113632202148 -2.1426697899675287e-15 44.0
vertex 8.673272132873535 -1.1418578624725342 44.0
endloop
endfacet
facet normal 0.9984704256057739 -0.03923001140356064 -0.038959089666604996
outer loop
vertex 8.556702613830566 -0.8993456959724426 40.0
vertex 8.600887298583984 0.2252221554517746 40.0
vertex 8.748113632202148 -2.1426697899675287e-15 44.0
endloop
endfacet
facet normal 0.9973145723342896 0.0653674453496933 -0.033027131110429764
outer loop
vertex 8.600887298583984 0.2252221554517746 40.0
vertex 8.673272132873535 1.1418578624725342 44.0
vertex 8.748113632202148 -2.1426697899675287e-15 44.0
endloop
endfacet
facet normal 0.9950489401817322 0.09143215417861938 -0.038959089666604996
outer loop
vertex 8.600887298583984 0.2252221554517746 40.0
vertex 8.497907638549805 1.3459364175796509 40.0
vertex 8.673272132873535 1.1418578624725342 44.0
endloop
endfacet
facet normal 0.9802502393722534 0.19498388469219208 -0.033027131110429764
outer loop
vertex 8.497907638549805 1.3459364175796509 40.0
vertex 8.450028419494629 2.2641782760620117 44.0
vertex 8.673272132873535 1.1418578624725342 44.0
endloop
endfacet
facet normal 0.9746018648147583 0.22052988409996033 -0.038959089666604996
outer loop
vertex 8.497907638549805 1.3459364175796509 40.0
vertex 8.249526977539062 2.4436213970184326 40.0
vertex 8.450028419494629 2.2641782760620117 44.0
endloop
endfacet
facet normal 0.946413516998291 0.3212641179561615 -0.033027131110429764
outer loop
vertex 8.249526977539062 2.4436213970184326 40.0
vertex 8.082202911376953 3.3477580547332764 44.0
vertex 8.450028419494629 2.2641782760620117 44.0
endloop
endfacet
facet normal 0.9374790787696838 0.3458542823791504 -0.038959089666604996
outer loop
vertex 8.249526977539062 2.4436213970184326 40.0
vertex 7.859994888305664 3.499495267868042 40.0
vertex 8.082202911376953 3.3477580547332764 44.0
endloop
endfacet
facet normal 0.8963834643363953 0.4420473873615265 -0.033027131110429764
outer loop
vertex 7.859994888305664 3.499495267868042 40.0
vertex 7.5760884284973145 4.374056816101074 44.0
vertex 8.082202911376953 3.3477580547332764 44.0
endloop
endfacet
facet normal 0.8843157887458801 0.4652610421180725 -0.038959089666604996
outer loop
vertex 7.859994888305664 3.499495267868042 40.0
vertex 7.335975646972656 4.4954915046691895 40.0
vertex 7.5760884284973145 4.374056816101074 44.0
endloop
endfacet
facet normal 0.8310160040855408 0.5552671551704407 -0.033027131110429764
outer loop
vertex 7.335975646972656 4.4954915046691895 40.0
vertex 6.94034481048584 5.32551383972168 44.0
vertex 7.5760884284973145 4.374056816101074 44.0
endloop
endfacet
facet normal 0.8160215616226196 0.5767070055007935 -0.038959089666604996
outer loop
vertex 7.335975646972656 4.4954915046691895 40.0
vertex 6.686436176300049 5.41456937789917 40.0
vertex 6.94034481048584 5.32551383972168 44.0
endloop
endfacet
facet normal 0.7514296174049377 0.6589860916137695 -0.033027131110429764
outer loop
vertex 6.686436176300049 5.41456937789917 40.0
vertex 6.185850143432617 6.185850143432617 44.0
vertex 6.94034481048584 5.32551383972168 44.0
endloop
endfacet
facet normal 0.7337650060653687 0.6782854199409485 -0.038959089666604996
outer loop
vertex 6.686436176300049 5.41456937789917 40.0
vertex 5.922489643096924 6.241001605987549 40.0
vertex 6.185850143432617 6.185850143432617 44.0
endloop
endfacet
facet normal 0.6589860916137695 0.7514296174049377 -0.033027131110429764
outer loop
vertex 5.922489643096924 6.241001605987549 40.0
vertex 5.32551383972168 6.94034481048584 44.0
vertex 6.185850143432617 6.185850143432617 44.0
endloop
endfacet
facet normal 0.6389535665512085 0.7682581543922424 -0.038959089666604996
outer loop
vertex 5.922489643096924 6.241001605987549 40.0
vertex 5.0572075843811035 6.960649013519287 40.0
vertex 5.32551383972168 6.94034481048584 44.0
endloop
endfacet
facet normal 0.5552671551704407 0.8310160040855408 -0.033027131110429764
outer loop
vertex 5.0572075843811035 6.960649013519287 40.0
vertex 4.374056816101074 7.5760884284973145 44.0
vertex 5.32551383972168 6.94034481048584 44.0
endloop
endfacet
facet normal 0.441886842250824 0.8960578441619873 -0.04261872172355652
outer loop
vertex 4.374056816101074 7.5760884284973145 44.0
vertex 3.3477580547332764 8.082202911376953 44.0
vertex 3.6227543354034424 8.136839866638184 48.0
endloop
endfacet
facet normal 0.34588533639907837 0.9375632405281067 -0.03658563643693924
outer loop
vertex 3.3477580547332764 8.082202911376953 44.0
vertex 2.5296905040740967 8.540092468261719 48.0
vertex 3.6227543354034424 8.136839866638184 48.0
endloop
endfacet
facet normal 0.3211474120616913 0.9460697770118713 -0.04261872172355652
outer loop
vertex 3.3477580547332764 8.082202911376953 44.0
vertex 2.2641782760620117 8.450028419494629 44.0
vertex 2.5296905040740967 8.540092468261719 48.0
endloop
endfacet
facet normal 0.22054968774318695 0.9746893644332886 -0.03658563643693924
outer loop
vertex 2.2641782760620117 8.450028419494629 44.0
vertex 1.3933429718017578 8.797221183776855 48.0
vertex 2.5296905040740967 8.540092468261719 48.0
endloop
endfacet
facet normal 0.19491305947303772 0.9798941612243652 -0.04261872172355652
outer loop
vertex 2.2641782760620117 8.450028419494629 44.0
vertex 1.1418578624725342 8.673272132873535 44.0
vertex 1.3933429718017578 8.797221183776855 48.0
endloop
endfacet
facet normal 0.0914403572678566 0.9951382279396057 -0.03658563643693924
outer loop
vertex 1.1418578624725342 8.673272132873535 44.0
vertex 0.23315493762493134 8.903827667236328 48.0
vertex 1.3933429718017578 8.797221183776855 48.0
endloop
endfacet
facet normal 0.0653437077999115 0.9969522953033447 -0.04261872172355652
outer loop
vertex 1.1418578624725342 8.673272132873535 44.0
vertex 5.356674474918822e-16 8.748113632202148 44.0
vertex 0.23315493762493134 8.903827667236328 48.0
endloop
endfacet
facet normal -0.039233531802892685 0.9985600709915161 -0.03658563643693924
outer loop
vertex 5.356674474918822e-16 8.748113632202148 44.0
vertex -0.9310224652290344 8.858086585998535 48.0
vertex 0.23315493762493134 8.903827667236328 48.0
endloop
endfacet
facet normal -0.0653437077999115 0.9969522953033447 -0.04261872172355652
outer loop
vertex 5.356674474918822e-16 8.748113632202148 44.0
vertex -1.1418578624725342 8.673272132873535 44.0
vertex -0.9310224652290344 8.858086585998535 48.0
endloop
endfacet
facet normal -0.16923612356185913 0.9848962426185608 -0.03658563643693924
outer loop
vertex -1.1418578624725342 8.673272132873535 44.0
vertex -2.0792698860168457 8.660781860351562 48.0
vertex -0.9310224652290344 8.858086585998535 48.0
endloop
endfacet
facet normal -0.19491305947303772 0.9798941612243652 -0.04261872172355652
outer loop
vertex -1.1418578624725342 8.673272132873535 44.0
vertex -2.2641782760620117 8.450028419494629 44.0
vertex -2.0792698860168457 8.660781860351562 48.0
endloop
endfacet
facet normal -0.296343058347702 0.9543805718421936 -0.03658563643693924
outer loop
vertex -2.2641782760620117 8.450028419494629 44.0
vertex -3.1919403076171875 8.315288543701172 48.0
vertex -2.0792698860168457 8.660781860351562 48.0
endloop
endfacet
facet normal -0.3211474120616913 0.9460697770118713 -0.04261872172355652
outer loop
vertex -2.2641782760620117 8.450028419494629 44.0
vertex -3.3477580547332764 8.082202911376953 44.0
vertex -3.1919403076171875 8.315288543701172 48.0
endloop
endfacet
facet normal -0.41837945580482483 0.907535195350647 -0.03658563643693924
outer loop
vertex -3.3477580547332764 8.082202911376953 44.0
vertex -4.249995708465576 7.827518463134766 48.0
vertex -3.1919403076171875 8.315288543701172 48.0
endloop
endfacet
facet normal -0.441886842250824 0.8960578441619873 -0.04261872172355652
outer loop
vertex -3.3477580547332764 8.082202911376953 44.0
vertex -4.374056816101074 7.5760884284973145 44.0
vertex -4.249995708465576 7.827518463134766 48.0
endloop
endfacet
facet normal -0.533257246017456 0.8451616168022156 -0.03658563643693924
outer loop
vertex -4.374056816101074 7.5760884284973145 44.0
vertex -5.235332489013672 7.205817222595215 48.0
vertex -4.249995708465576 7.827518463134766 48.0
endloop
endfacet
facet normal -0.5550654530525208 0.8307141661643982 -0.04261872172355652
outer loop
vertex -4.374056816101074 7.5760884284973145 44.0
vertex -5.32551383972168 6.94034481048584 44.0
vertex -5.235332489013672 7.205817222595215 48.0
endloop
endfacet
facet normal -0.6390109062194824 0.7683271169662476 -0.03658563643693924
outer loop
vertex -5.32551383972168 6.94034481048584 44.0
vertex -6.131091594696045 6.460822105407715 48.0
vertex -5.235332489013672 7.205817222595215 48.0
endloop
endfacet
facet normal -0.6587467193603516 0.7511566877365112 -0.04261872172355652
outer loop
vertex -5.32551383972168 6.94034481048584 44.0
vertex -6.185850143432617 6.185850143432617 44.0
vertex -6.131091594696045 6.460822105407715 48.0
endloop
endfacet
facet normal -0.7338308691978455 0.6783462762832642 -0.03658563643693924
outer loop
vertex -6.185850143432617 6.185850143432617 44.0
vertex -6.921945571899414 5.605280876159668 48.0
vertex -6.131091594696045 6.460822105407715 48.0
endloop
endfacet
facet normal -0.7511566877365112 0.6587467193603516 -0.04261872172355652
outer loop
vertex -6.185850143432617 6.185850143432617 44.0
vertex -6.94034481048584 5.32551383972168 44.0
vertex -6.921945571899414 5.605280876159668 48.0
endloop
endfacet
facet normal -0.8160948157310486 0.5767588019371033 -0.03658563643693924
outer loop
vertex -6.94034481048584 5.32551383972168 44.0
vertex -7.594363212585449 4.653831958770752 48.0
vertex -6.921945571899414 5.605280876159668 48.0
endloop
endfacet
facet normal -0.8307141661643982 0.5550654530525208 -0.04261872172355652
outer loop
vertex -6.94034481048584 5.32551383972168 44.0
vertex -7.5760884284973145 4.374056816101074 44.0
vertex -7.594363212585449 4.653831958770752 48.0
endloop
endfacet
facet normal -0.884395182132721 0.46530279517173767 -0.03658563643693924
outer loop
vertex -7.5760884284973145 4.374056816101074 44.0
vertex -8.136839866638184 3.6227543354034424 48.0
vertex -7.594363212585449 4.653831958770752 48.0
endloop
endfacet
facet normal -0.8960578441619873 0.441886842250824 -0.04261872172355652
outer loop
vertex -7.5760884284973145 4.374056816101074 44.0
vertex -8.082202911376953 3.3477580547332764 44.0
vertex -8.136839866638184 3.6227543354034424 48.0
endloop
endfacet
facet normal -0.9375632405281067 0.34588533639907837 -0.03658563643693924
outer loop
vertex -8.082202911376953 3.3477580547332764 44.0
vertex -8.540092468261719 2.5296905040740967 48.0
vertex -8.136839866638184 3.6227543354034424 48.0
endloop
endfacet
facet normal -0.9460697770118713 0.3211474120616913 -0.04261872172355652
outer loop
vertex -8.082202911376953 3.3477580547332764 44.0
vertex -8.450028419494629 2.2641782760620117 44.0
vertex -8.540092468261719 2.5296905040740967 48.0
endloop
endfacet
facet normal -0.9746893644332886 0.22054968774318695 -0.03658563643693924
outer loop
vertex -8.450028419494629 2.2641782760620117 44.0
vertex -8.797221183776855 1.3933429718017578 48.0
vertex -8.540092468261719 2.5296905040740967 48.0
endloop
endfacet
facet normal -0.9798941612243652 0.19491305947303772 -0.04261872172355652
outer loop
vertex -8.450028419494629 2.2641782760620117 44.0
vertex -8.673272132873535 1.1418578624725342 44.0
vertex -8.797221183776855 1.3933429718017578 48.0
endloop
endfacet
facet normal -0.9951382279396057 0.0914403572678566 -0.03658563643693924
outer loop
vertex -8.673272132873535 1.1418578624725342 44.0
vertex -8.903827667236328 0.23315493762493134 48.0
vertex -8.797221183776855 1.3933429718017578 48.0
endloop
endfacet
facet normal -0.9969522953033447 0.0653437077999115 -0.04261872172355652
outer loop
vertex -8.673272132873535 1.1418578624725342 44.0
vertex -8.748113632202148 1.0713348949837644e-15 44.0
vertex -8.903827667236328 0.23315493762493134 48.0
endloop
endfacet
facet normal -0.9985600709915161 -0.039233531802892685 -0.03658563643693924
outer loop
vertex -8.748113632202148 1.0713348949837644e-15 44.0
vertex -8.858086585998535 -0.9310224652290344 48.0
vertex -8.903827667236328 0.23315493762493134 48.0
endloop
endfacet
facet normal -0.9969522953033447 -0.0653437077999115 -0.04261872172355652
outer loop
vertex -8.748113632202148 1.0713348949837644e-15 44.0
vertex -8.673272132873535 -1.1418578624725342 44.0
vertex -8.858086585998535 -0.9310224652290344 48.0
endloop
endfacet
facet normal -0.9848962426185608 -0.16923612356185913 -0.03658563643693924
outer loop
vertex -8.673272132873535 -1.1418578624725342 44.0
vertex -8.660781860351562 -2.0792698860168457 48.0
vertex -8.858086585998535 -0.9310224652290344 48.0
endloop
endfacet
facet normal -0.9798941612243652 -0.19491305947303772 -0.04261872172355652
outer loop
vertex -8.673272132873535 -1.1418578624725342 44.0
vertex -8.450028419494629 -2.2641782760620117 44.0
vertex -8.660781860351562 -2.0792698860168457 48.0
endloop
endfacet
facet normal -0.9543805718421936 -0.296343058347702 -0.03658563643693924
outer loop
vertex -8.450028419494629 -2.2641782760620117 44.0
vertex -8.315288543701172 -3.1919403076171875 48.0
vertex -8.660781860351562 -2.0792698860168457 48.0
endloop
endfacet
facet normal -0.9460697770118713 -0.3211474120616913 -0.04261872172355652
outer loop
vertex -8.450028419494629 -2.2641782760620117 44.0
vertex -8.082202911376953 -3.3477580547332764 44.0
vertex -8.315288543701172 -3.1919403076171875 48.0
endloop
endfacet
facet normal -0.907535195350647 -0.41837945580482483 -0.03658563643693924
outer loop
vertex -8.082202911376953 -3.3477580547332764 44.0
vertex -7.827518463134766 -4.249995708465576 48.0
vertex -8.315288543701172 -3.1919403076171875 48.0
endloop
endfacet
facet normal -0.8960578441619873 -0.441886842250824 -0.04261872172355652
outer loop
vertex -8.082202911376953 -3.3477580547332764 44.0
vertex -7.5760884284973145 -4.374056816101074 44.0
vertex -7.827518463134766 -4.249995708465576 48.0
endloop
endfacet
facet normal -0.8451616168022156 -0.533257246017456 -0.03658563643693924
outer loop
vertex -7.5760884284973145 -4.374056816101074 44.0
vertex -7.205817222595215 -5.235332489013672 48.0
vertex -7.827518463134766 -4.249995708465576 48.0
endloop
endfacet
facet normal -0.8307141661643982 -0.5550654530525208 -0.04261872172355652
outer loop
vertex -7.5760884284973145 -4.374056816101074 44.0
vertex -6.94034481048584 -5.32551383972168 44.0
vertex -7.205817222595215 -5.235332489013672 48.0
endloop
endfacet
facet normal -0.7683271169662476 -0.6390109062194824 -0.03658563643693924
outer loop
vertex -6.94034481048584 -5.32551383972168 44.0
vertex -6.460822105407715 -6.131091594696045 48.0
vertex -7.205817222595215 -5.235332489013672 48.0
endloop
endfacet
facet normal -0.7511566877365112 -0.6587467193603516 -0.04261872172355652
outer loop
vertex -6.94034481048584 -5.32551383972168 44.0
vertex -6.185850143432617 -6.185850143432617 44.0
vertex -6.460822105407715 -6.131091594696045 48.0
endloop
endfacet
facet normal -0.6783462762832642 -0.7338308691978455 -0.03658563643693924
outer loop
vertex -6.185850143432617 -6.185850143432617 44.0
vertex -5.605280876159668 -6.921945571899414 48.0
vertex -6.460822105407715 -6.131091594696045 48.0
endloop
endfacet
facet normal -0.6587467193603516 -0.7511566877365112 -0.04261872172355652
outer loop
vertex -6.185850143432617 -6.185850143432617 44.0
vertex -5.32551383972168 -6.94034481048584 44.0
vertex -5.605280876159668 -6.921945571899414 48.0
endloop
endfacet
facet normal -0.5767588019371033 -0.8160948157310486 -0.03658563643693924
outer loop
vertex -5.32551383972168 -6.94034481048584 44.0
vertex -4.653831958770752 -7.594363212585449 48.0
vertex -5.605280876159668 -6.921945571899414 48.0
endloop
endfacet
facet normal -0.5550654530525208 -0.8307141661643982 -0.04261872172355652
outer loop
vertex -5.32551383972168 -6.94034481048584 44.0
vertex -4.374056816101074 -7.5760884284973145 44.0
vertex -4.653831958770752 -7.594363212585449 48.0
endloop
endfacet
facet normal -0.46530279517173767 -0.884395182132721 -0.03658563643693924
outer loop
vertex -4.374056816101074 -7.5760884284973145 44.0
vertex -3.6227543354034424 -8.136839866638184 48.0
vertex -4.653831958770752 -7.594363212585449 48.0
endloop
endfacet
facet normal -0.441886842250824 -0.8960578441619873 -0.04261872172355652
outer loop
vertex -4.374056816101074 -7.5760884284973145 44.0
vertex -3.3477580547332764 -8.082202911376953 44.0
vertex -3.6227543354034424 -8.136839866638184 48.0
endloop
endfacet
facet normal -0.34588533639907837 -0.9375632405281067 -0.03658563643693924
outer loop
vertex -3.3477580547332764 -8.082202911376953 44.0
vertex -2.5296905040740967 -8.540092468261719 48.0
vertex -3.6227543354034424 -8.136839866638184 48.0
endloop
endfacet
facet normal -0.3211474120616913 -0.9460697770118713 -0.04261872172355652
outer loop
vertex -3.3477580547332764 -8.082202911376953 44.0
vertex -2.2641782760620117 -8.450028419494629 44.0
vertex -2.5296905040740967 -8.540092468261719 48.0
endloop
endfacet
facet normal -0.22054968774318695 -0.9746893644332886 -0.03658563643693924
outer loop
vertex -2.2641782760620117 -8.450028419494629 44.0
vertex -1.3933429718017578 -8.797221183776855 48.0
vertex -2.5296905040740967 -8.540092468261719 48.0
endloop
endfacet
facet normal -0.19491305947303772 -0.9798941612243652 -0.04261872172355652
outer loop
vertex -2.2641782760620117 -8.450028419494629 44.0
vertex -1.1418578624725342 -8.673272132873535 44.0
vertex -1.3933429718017578 -8.797221183776855 48.0
endloop
endfacet
facet normal -0.0914403572678566 -0.9951382279396057 -0.03658563643693924
outer loop
vertex -1.1418578624725342 -8.673272132873535 44.0
vertex -0.23315493762493134 -8.903827667236328 48.0
vertex -1.3933429718017578 -8.797221183776855 48.0
endloop
endfacet
facet normal -0.0653437077999115 -0.9969522953033447 -0.04261872172355652
outer loop
vertex -1.1418578624725342 -8.673272132873535 44.0
vertex -1.6070023424756465e-15 -8.748113632202148 44.0
vertex -0.23315493762493134 -8.903827667236328 48.0
endloop
endfacet
facet normal 0.039233531802892685 -0.9985600709915161 -0.03658563643693924
outer loop
vertex -1.6070023424756465e-15 -8.748113632202148 44.0
vertex 0.9310224652290344 -8.858086585998535 48.0
vertex -0.23315493762493134 -8.903827667236328 48.0
endloop
endfacet
facet normal 0.0653437077999115 -0.9969522953033447 -0.04261872172355652
outer loop
vertex -1.6070023424756465e-15 -8.748113632202148 44.0
vertex 1.1418578624725342 -8.673272132873535 44.0
vertex 0.9310224652290344 -8.858086585998535 48.0
endloop
endfacet
facet normal 0.16923612356185913 -0.9848962426185608 -0.03658563643693924
outer loop
vertex 1.1418578624725342 -8.673272132873535 44.0
vertex 2.0792698860168457 -8.660781860351562 48.0
vertex 0.9310224652290344 -8.858086585998535 48.0
endloop
endfacet
facet normal 0.19491305947303772 -0.9798941612243652 -0.04261872172355652
outer loop
vertex 1.1418578624725342 -8.673272132873535 44.0
vertex 2.2641782760620117 -8.450028419494629 44.0
vertex 2.0792698860168457 -8.660781860351562 48.0
endloop
endfacet
facet normal 0.296343058347702 -0.9543805718421936 -0.03658563643693924
outer loop
vertex 2.2641782760620117 -8.450028419494629 44.0
vertex 3.1919403076171875 -8.315288543701172 48.0
vertex 2.0792698860168457 -8.660781860351562 48.0
endloop
endfacet
facet normal 0.3211474120616913 -0.9460697770118713 -0.04261872172355652
outer loop
vertex 2.2641782760620117 -8.450028419494629 44.0
vertex 3.3477580547332764 -8.082202911376953 44.0
vertex 3.1919403076171875 -8.315288543701172 48.0
endloop
endfacet
facet normal 0.41837945580482483 -0.907535195350647 -0.03658563643693924
outer loop
vertex 3.3477580547332764 -8.082202911376953 44.0
vertex 4.249995708465576 -7.827518463134766 48.0
vertex 3.1919403076171875 -8.315288543701172 48.0
endloop
endfacet
facet normal 0.441886842250824 -0.8960578441619873 -0.04261872172355652
outer loop
vertex 3.3477580547332764 -8.082202911376953 44.0
vertex 4.374056816101074 -7.5760884284973145 44.0
vertex 4.249995708465576 -7.827518463134766 48.0
endloop
endfacet
facet normal 0.533257246017456 -0.8451616168022156 -0.03658563643693924
outer loop
vertex 4.374056816101074 -7.5760884284973145 44.0
vertex 5.235332489013672 -7.205817222595215 48.0
vertex 4.249995708465576 -7.827518463134766 48.0
endloop
endfacet
facet normal 0.5550654530525208 -0.8307141661643982 -0.04261872172355652
outer loop
vertex 4.374056816101074 -7.5760884284973145 44.0
vertex 5.32551383972168 -6.94034481048584 44.0
vertex 5.235332489013672 -7.205817222595215 48.0
endloop
endfacet
facet normal 0.6390109062194824 -0.7683271169662476 -0.03658563643693924
outer loop
vertex 5.32551383972168 -6.94034481048584 44.0
vertex 6.131091594696045 -6.460822105407715 48.0
vertex 5.235332489013672 -7.205817222595215 48.0
endloop
endfacet
facet normal 0.6587467193603516 -0.7511566877365112 -0.04261872172355652
outer loop
vertex 5.32551383972168 -6.94034481048584 44.0
vertex 6.185850143432617 -6.185850143432617 44.0
vertex 6.131091594696045 -6.460822105407715 48.0
endloop
endfacet
facet normal 0.7338308691978455 -0.6783462762832642 -0.03658563643693924
outer loop
vertex 6.185850143432617 -6.185850143432617 44.0
vertex 6.921945571899414 -5.605280876159668 48.0
vertex 6.131091594696045 -6.460822105407715 48.0
endloop
endfacet
facet normal 0.7511566877365112 -0.6587467193603516 -0.04261872172355652
outer loop
vertex 6.185850143432617 -6.185850143432617 44.0
vertex 6.94034481048584 -5.32551383972168 44.0
vertex 6.921945571899414 -5.605280876159668 48.0
endloop
endfacet
facet normal 0.8160948157310486 -0.5767588019371033 -0.03658563643693924
outer loop
vertex 6.94034481048584 -5.32551383972168 44.0
vertex 7.594363212585449 -4.653831958770752 48.0
vertex 6.921945571899414 -5.605280876159668 48.0
endloop
endfacet
facet normal 0.8307141661643982 -0.5550654530525208 -0.04261872172355652
outer loop
vertex 6.94034481048584 -5.32551383972168 44.0
vertex 7.5760884284973145 -4.374056816101074 44.0
vertex 7.594363212585449 -4.653831958770752 48.0
endloop
endfacet
facet normal 0.884395182132721 -0.46530279517173767 -0.03658563643693924
outer loop
vertex 7.5760884284973145 -4.374056816101074 44.0
vertex 8.136839866638184 -3.6227543354034424 48.0
vertex 7.594363212585449 -4.653831958770752 48.0
endloop
endfacet
facet normal 0.8960578441619873 -0.441886842250824 -0.04261872172355652
outer loop
vertex 7.5760884284973145 -4.374056816101074 44.0
vertex 8.082202911376953 -3.3477580547332764 44.0
vertex 8.136839866638184 -3.6227543354034424 48.0
endloop
endfacet
facet normal 0.9375632405281067 -0.34588533639907837 -0.03658563643693924
outer loop
vertex 8.082202911376953 -3.3477580547332764 44.0
vertex 8.540092468261719 -2.5296905040740967 48.0
vertex 8.136839866638184 -3.6227543354034424 48.0
endloop
endfacet
facet normal 0.9460697770118713 -0.3211474120616913 -0.04261872172355652
outer loop
vertex 8.082202911376953 -3.3477580547332764 44.0
vertex 8.450028419494629 -2.2641782760620117 44.0
vertex 8.540092468261719 -2.5296905040740967 48.0
endloop
endfacet
facet normal 0.9746893644332886 -0.22054968774318695 -0.03658563643693924
outer loop
vertex 8.450028419494629 -2.2641782760620117 44.0
vertex 8.797221183776855 -1.3933429718017578 48.0
vertex 8.540092468261719 -2.5296905040740967 48.0
endloop
endfacet
facet normal 0.9798941612243652 -0.19491305947303772 -0.04261872172355652
outer loop
vertex 8.450028419494629 -2.2641782760620117 44.0
vertex 8.673272132873535 -1.1418578624725342 44.0
vertex 8.797221183776855 -1.3933429718017578 48.0
endloop
endfacet
facet normal 0.9951382279396057 -0.0914403572678566 -0.03658563643693924
outer loop
vertex 8.673272132873535 -1.1418578624725342 44.0
vertex 8.903827667236328 -0.23315493762493134 48.0
vertex 8.797221183776855 -1.3933429718017578 48.0
endloop
endfacet
facet normal 0.9969522953033447 -0.0653437077999115 -0.04261872172355652
outer loop
vertex 8.673272132873535 -1.1418578624725342 44.0
vertex 8.748113632202148 -2.1426697899675287e-15 44.0
vertex 8.903827667236328 -0.23315493762493134 48.0
endloop
endfacet
facet normal 0.9985600709915161 0.039233531802892685 -0.03658563643693924
outer loop
vertex 8.748113632202148 -2.1426697899675287e-15 44.0
vertex 8.858086585998535 0.9310224652290344 48.0
vertex 8.903827667236328 -0.23315493762493134 48.0
endloop
endfacet
facet normal 0.9969522953033447 0.0653437077999115 -0.04261872172355652
outer loop
vertex 8.748113632202148 -2.1426697899675287e-15 44.0
vertex 8.673272132873535 1.1418578624725342 44.0
vertex 8.858086585998535 0.9310224652290344 48.0
endloop
endfacet
facet normal 0.9848962426185608 0.16923612356185913 -0.03658563643693924
outer loop
vertex 8.673272132873535 1.1418578624725342 44.0
vertex 8.660781860351562 2.0792698860168457 48.0
vertex 8.858086585998535 0.9310224652290344 48.0
endloop
endfacet
facet normal 0.9798941612243652 0.19491305947303772 -0.04261872172355652
outer loop
vertex 8.673272132873535 1.1418578624725342 44.0
vertex 8.450028419494629 2.2641782760620117 44.0
vertex 8.660781860351562 2.0792698860168457 48.0
endloop
endfacet
facet normal 0.9543805718421936 0.296343058347702 -0.03658563643693924
outer loop
vertex 8.450028419494629 2.2641782760620117 44.0
vertex 8.315288543701172 3.1919403076171875 48.0
vertex 8.660781860351562 2.0792698860168457 48.0
endloop
endfacet
facet normal 0.9460697770118713 0.3211474120616913 -0.04261872172355652
outer loop
vertex 8.450028419494629 2.2641782760620117 44.0
vertex 8.082202911376953 3.3477580547332764 44.0
vertex 8.315288543701172 3.1919403076171875 48.0
endloop
endfacet
facet normal 0.907535195350647 0.41837945580482483 -0.03658563643693924
outer loop
vertex 8.082202911376953 3.3477580547332764 44.0
vertex 7.827518463134766 4.249995708465576 48.0
vertex 8.315288543701172 3.1919403076171875 48.0
endloop
endfacet
facet normal 0.8960578441619873 0.441886842250824 -0.04261872172355652
outer loop
vertex 8.082202911376953 3.3477580547332764 44.0
vertex 7.5760884284973145 4.374056816101074 44.0
vertex 7.827518463134766 4.249995708465576 48.0
endloop
endfacet
facet normal 0.8451616168022156 0.533257246017456 -0.03658563643693924
outer loop
vertex 7.5760884284973145 4.374056816101074 44.0
vertex 7.205817222595215 5.235332489013672 48.0
vertex 7.827518463134766 4.249995708465576 48.0
endloop
endfacet
facet normal 0.8307141661643982 0.5550654530525208 -0.04261872172355652
outer loop
vertex 7.5760884284973145 4.374056816101074 44.0
vertex 6.94034481048584 5.32551383972168 44.0
vertex 7.205817222595215 5.235332489013672 48.0
endloop
endfacet
facet normal 0.7683271169662476 0.6390109062194824 -0.03658563643693924
outer loop
vertex 6.94034481048584 5.32551383972168 44.0
vertex 6.460822105407715 6.131091594696045 48.0
vertex 7.205817222595215 5.235332489013672 48.0
endloop
endfacet
facet normal 0.7511566877365112 0.6587467193603516 -0.04261872172355652
outer loop
vertex 6.94034481048584 5.32551383972168 44.0
vertex 6.185850143432617 6.185850143432617 44.0
vertex 6.460822105407715 6.131091594696045 48.0
endloop
endfacet
facet normal 0.6783462762832642 0.7338308691978455 -0.03658563643693924
outer loop
vertex 6.185850143432617 6.185850143432617 44.0
vertex 5.605280876159668 6.921945571899414 48.0
vertex 6.460822105407715 6.131091594696045 48.0
endloop
endfacet
facet normal 0.6587467193603516 0.7511566877365112 -0.04261872172355652
outer loop
vertex 6.185850143432617 6.185850143432617 44.0
vertex 5.32551383972168 6.94034481048584 44.0
vertex 5.605280876159668 6.921945571899414 48.0
endloop
endfacet
facet normal 0.5767588019371033 0.8160948157310486 -0.03658563643693924
outer loop
vertex 5.32551383972168 6.94034481048584 44.0
vertex 4.653831958770752 7.594363212585449 48.0
vertex 5.605280876159668 6.921945571899414 48.0
endloop
endfacet
facet normal 0.5550654530525208 0.8307141661643982 -0.04261872172355652
outer loop
vertex 5.32551383972168 6.94034481048584 44.0
vertex 4.374056816101074 7.5760884284973145 44.0
vertex 4.653831958770752 7.594363212585449 48.0
endloop
endfacet
facet normal 0.46530279517173767 0.884395182132721 -0.03658563643693924
outer loop
vertex 4.374056816101074 7.5760884284973145 44.0
vertex 3.6227543354034424 8.136839866638184 48.0
vertex 4.653831958770752 7.594363212585449 48.0
endloop
endfacet
facet normal 0.34593909978866577 0.9377089738845825 -0.0320630706846714
outer loop
vertex 3.6227543354034424 8.136839866638184 48.0
vertex 2.5296905040740967 8.540092468261719 48.0
vertex 2.7882864475250244 8.581462860107422 52.0
endloop
endfacet
facet normal 0.24607053399085999 0.9689050316810608 -0.025929326191544533
outer loop
vertex 2.5296905040740967 8.540092468261719 48.0
vertex 1.6443264484405518 8.871992111206055 52.0
vertex 2.7882864475250244 8.581462860107422 52.0
endloop
endfacet
facet normal 0.2205839604139328 0.9748408198356628 -0.0320630706846714
outer loop
vertex 2.5296905040740967 8.540092468261719 48.0
vertex 1.3933429718017578 8.797221183776855 48.0
vertex 1.6443264484405518 8.871992111206055 52.0
endloop
endfacet
facet normal 0.11749787628650665 0.9927345514297485 -0.025929326191544533
outer loop
vertex 1.3933429718017578 8.797221183776855 48.0
vertex 0.47223174571990967 9.01071834564209 52.0
vertex 1.6443264484405518 8.871992111206055 52.0
endloop
endfacet
facet normal 0.09145457297563553 0.9952929615974426 -0.0320630706846714
outer loop
vertex 1.3933429718017578 8.797221183776855 48.0
vertex 0.23315493762493134 8.903827667236328 48.0
vertex 0.47223174571990967 9.01071834564209 52.0
endloop
endfacet
facet normal -0.013085194863379002 0.9995781183242798 -0.025929326191544533
outer loop
vertex 0.23315493762493134 8.903827667236328 48.0
vertex -0.7079430222511292 8.995268821716309 52.0
vertex 0.47223174571990967 9.01071834564209 52.0
endloop
endfacet
facet normal -0.03923963010311127 0.9987152814865112 -0.0320630706846714
outer loop
vertex 0.23315493762493134 8.903827667236328 48.0
vertex -0.9310224652290344 8.858086585998535 48.0
vertex -0.7079430222511292 8.995268821716309 52.0
endloop
endfacet
facet normal -0.14344437420368195 0.9893186688423157 -0.025929326191544533
outer loop
vertex -0.9310224652290344 8.858086585998535 48.0
vertex -1.876004695892334 8.825907707214355 52.0
vertex -0.7079430222511292 8.995268821716309 52.0
endloop
endfacet
facet normal -0.16926243901252747 0.985049307346344 -0.0320630706846714
outer loop
vertex -0.9310224652290344 8.858086585998535 48.0
vertex -2.0792698860168457 8.660781860351562 48.0
vertex -1.876004695892334 8.825907707214355 52.0
endloop
endfacet
facet normal -0.2713491916656494 0.9621316194534302 -0.025929326191544533
outer loop
vertex -2.0792698860168457 8.660781860351562 48.0
vertex -3.011967420578003 8.505533218383789 52.0
vertex -1.876004695892334 8.825907707214355 52.0
endloop
endfacet
facet normal -0.296389102935791 0.9545289278030396 -0.0320630706846714
outer loop
vertex -2.0792698860168457 8.660781860351562 48.0
vertex -3.1919403076171875 8.315288543701172 48.0
vertex -3.011967420578003 8.505533218383789 52.0
endloop
endfacet
facet normal -0.394611120223999 0.9184823036193848 -0.025929326191544533
outer loop
vertex -3.1919403076171875 8.315288543701172 48.0
vertex -4.0963945388793945 8.039627075195312 52.0
vertex -3.011967420578003 8.505533218383789 52.0
endloop
endfacet
facet normal -0.4184444844722748 0.9076762795448303 -0.0320630706846714
outer loop
vertex -3.1919403076171875 8.315288543701172 48.0
vertex -4.249995708465576 7.827518463134766 48.0
vertex -4.0963945388793945 8.039627075195312 52.0
endloop
endfacet
facet normal -0.5111211538314819 0.8591174483299255 -0.025929326191544533
outer loop
vertex -4.249995708465576 7.827518463134766 48.0
vertex -5.11073112487793 7.436160087585449 52.0
vertex -4.0963945388793945 8.039627075195312 52.0
endloop
endfacet
facet normal -0.5333401560783386 0.8452929854393005 -0.0320630706846714
outer loop
vertex -4.249995708465576 7.827518463134766 48.0
vertex -5.235332489013672 7.205817222595215 48.0
vertex -5.11073112487793 7.436160087585449 52.0
endloop
endfacet
facet normal -0.6188858151435852 0.7850528955459595 -0.025929326191544533
outer loop
vertex -5.235332489013672 7.205817222595215 48.0
vertex -6.037621974945068 6.705458164215088 52.0
vertex -5.11073112487793 7.436160087585449 52.0
endloop
endfacet
facet normal -0.6391102075576782 0.7684465050697327 -0.0320630706846714
outer loop
vertex -5.235332489013672 7.205817222595215 48.0
vertex -6.131091594696045 6.460822105407715 48.0
vertex -6.037621974945068 6.705458164215088 52.0
endloop
endfacet
facet normal -0.7160611152648926 0.6975558400154114 -0.025929326191544533
outer loop
vertex -6.131091594696045 6.460822105407715 48.0
vertex -6.861207008361816 5.860024452209473 52.0
vertex -6.037621974945068 6.705458164215088 52.0
endloop
endfacet
facet normal -0.7339449524879456 0.6784517168998718 -0.0320630706846714
outer loop
vertex -6.131091594696045 6.460822105407715 48.0
vertex -6.921945571899414 5.605280876159668 48.0
vertex -6.861207008361816 5.860024452209473 52.0
endloop
endfacet
facet normal -0.8009844422340393 0.5981234312057495 -0.025929326191544533
outer loop
vertex -6.921945571899414 5.605280876159668 48.0
vertex -7.567395210266113 4.914323806762695 52.0
vertex -6.861207008361816 5.860024452209473 52.0
endloop
endfacet
facet normal -0.8162216544151306 0.5768484473228455 -0.0320630706846714
outer loop
vertex -6.921945571899414 5.605280876159668 48.0
vertex -7.594363212585449 4.653831958770752 48.0
vertex -7.567395210266113 4.914323806762695 52.0
endloop
endfacet
facet normal -0.8722026348114014 0.48845696449279785 -0.025929326191544533
outer loop
vertex -7.594363212585449 4.653831958770752 48.0
vertex -8.144103050231934 3.884537935256958 52.0
vertex -7.567395210266113 4.914323806762695 52.0
endloop
endfacet
facet normal -0.884532630443573 0.4653751254081726 -0.0320630706846714
outer loop
vertex -7.594363212585449 4.653831958770752 48.0
vertex -8.136839866638184 3.6227543354034424 48.0
vertex -8.144103050231934 3.884537935256958 52.0
endloop
endfacet
facet normal -0.9284972548484802 0.37043285369873047 -0.025929326191544533
outer loop
vertex -8.136839866638184 3.6227543354034424 48.0
vertex -8.581462860107422 2.7882864475250244 52.0
vertex -8.144103050231934 3.884537935256958 52.0
endloop
endfacet
facet normal -0.9377089738845825 0.34593909978866577 -0.0320630706846714
outer loop
vertex -8.136839866638184 3.6227543354034424 48.0
vertex -8.540092468261719 2.5296905040740967 48.0
vertex -8.581462860107422 2.7882864475250244 52.0
endloop
endfacet
facet normal -0.9689050316810608 0.24607053399085999 -0.025929326191544533
outer loop
vertex -8.540092468261719 2.5296905040740967 48.0
vertex -8.871992111206055 1.6443264484405518 52.0
vertex -8.581462860107422 2.7882864475250244 52.0
endloop
endfacet
facet normal -0.9748408198356628 0.2205839604139328 -0.0320630706846714
outer loop
vertex -8.540092468261719 2.5296905040740967 48.0
vertex -8.797221183776855 1.3933429718017578 48.0
vertex -8.871992111206055 1.6443264484405518 52.0
endloop
endfacet
facet normal -0.9927345514297485 0.11749787628650665 -0.025929326191544533
outer loop
vertex -8.797221183776855 1.3933429718017578 48.0
vertex -9.01071834564209 0.47223174571990967 52.0
vertex -8.871992111206055 1.6443264484405518 52.0
endloop
endfacet
facet normal -0.9952929615974426 0.09145457297563553 -0.0320630706846714
outer loop
vertex -8.797221183776855 1.3933429718017578 48.0
vertex -8.903827667236328 0.23315493762493134 48.0
vertex -9.01071834564209 0.47223174571990967 52.0
endloop
endfacet
facet normal -0.9995781183242798 -0.013085194863379002 -0.025929326191544533
outer loop
vertex -8.903827667236328 0.23315493762493134 48.0
vertex -8.995268821716309 -0.7079430222511292 52.0
vertex -9.01071834564209 0.47223174571990967 52.0
endloop
endfacet
facet normal -0.9987152814865112 -0.03923963010311127 -0.0320630706846714
outer loop
vertex -8.903827667236328 0.23315493762493134 48.0
vertex -8.858086585998535 -0.9310224652290344 48.0
vertex -8.995268821716309 -0.7079430222511292 52.0
endloop
endfacet
facet normal -0.9893186688423157 -0.14344437420368195 -0.025929326191544533
outer loop
vertex -8.858086585998535 -0.9310224652290344 48.0
vertex -8.825907707214355 -1.876004695892334 52.0
vertex -8.995268821716309 -0.7079430222511292 52.0
endloop
endfacet
facet normal -0.985049307346344 -0.16926243901252747 -0.0320630706846714
outer loop
vertex -8.858086585998535 -0.9310224652290344 48.0
vertex -8.660781860351562 -2.0792698860168457 48.0
vertex -8.825907707214355 -1.876004695892334 52.0
endloop
endfacet
facet normal -0.9621316194534302 -0.2713491916656494 -0.025929326191544533
outer loop
vertex -8.660781860351562 -2.0792698860168457 48.0
vertex -8.505533218383789 -3.011967420578003 52.0
vertex -8.825907707214355 -1.876004695892334 52.0
endloop
endfacet
facet normal -0.9545289278030396 -0.296389102935791 -0.0320630706846714
outer loop
vertex -8.660781860351562 -2.0792698860168457 48.0
vertex -8.315288543701172 -3.1919403076171875 48.0
vertex -8.505533218383789 -3.011967420578003 52.0
endloop
endfacet
facet normal -0.9184823036193848 -0.394611120223999 -0.025929326191544533
outer loop
vertex -8.315288543701172 -3.1919403076171875 48.0
vertex -8.039627075195312 -4.0963945388793945 52.0
vertex -8.505533218383789 -3.011967420578003 52.0
endloop
endfacet
facet normal -0.9076762795448303 -0.4184444844722748 -0.0320630706846714
outer loop
vertex -8.315288543701172 -3.1919403076171875 48.0
vertex -7.827518463134766 -4.249995708465576 48.0
vertex -8.039627075195312 -4.0963945388793945 52.0
endloop
endfacet
facet normal -0.8591174483299255 -0.5111211538314819 -0.025929326191544533
outer loop
vertex -7.827518463134766 -4.249995708465576 48.0
vertex -7.436160087585449 -5.11073112487793 52.0
vertex -8.039627075195312 -4.0963945388793945 52.0
endloop
endfacet
facet normal -0.8452929854393005 -0.5333401560783386 -0.0320630706846714
outer loop
vertex -7.827518463134766 -4.249995708465576 48.0
vertex -7.205817222595215 -5.235332489013672 48.0
vertex -7.436160087585449 -5.11073112487793 52.0
endloop
endfacet
facet normal -0.7850528955459595 -0.6188858151435852 -0.025929326191544533
outer loop
vertex -7.205817222595215 -5.235332489013672 48.0
vertex -6.705458164215088 -6.037621974945068 52.0
vertex -7.436160087585449 -5.11073112487793 52.0
endloop
endfacet
facet normal -0.7684465050697327 -0.6391102075576782 -0.0320630706846714
outer loop
vertex -7.205817222595215 -5.235332489013672 48.0
vertex -6.460822105407715 -6.131091594696045 48.0
vertex -6.705458164215088 -6.037621974945068 52.0
endloop
endfacet
facet normal -0.6975558400154114 -0.7160611152648926 -0.025929326191544533
outer loop
vertex -6.460822105407715 -6.131091594696045 48.0
vertex -5.860024452209473 -6.861207008361816 52.0
vertex -6.705458164215088 -6.037621974945068 52.0
endloop
endfacet
facet normal -0.6784517168998718 -0.7339449524879456 -0.0320630706846714
outer loop
vertex -6.460822105407715 -6.131091594696045 48.0
vertex -5.605280876159668 -6.921945571899414 48.0
vertex -5.860024452209473 -6.861207008361816 52.0
endloop
endfacet
facet normal -0.5981234312057495 -0.8009844422340393 -0.025929326191544533
outer loop
vertex -5.605280876159668 -6.921945571899414 48.0
vertex -4.914323806762695 -7.567395210266113 52.0
vertex -5.860024452209473 -6.861207008361816 52.0
endloop
endfacet
facet normal -0.5768484473228455 -0.8162216544151306 -0.0320630706846714
outer loop
vertex -5.605280876159668 -6.921945571899414 48.0
vertex -4.653831958770752 -7.594363212585449 48.0
vertex -4.914323806762695 -7.567395210266113 52.0
endloop
endfacet
facet normal -0.48845696449279785 -0.8722026348114014 -0.025929326191544533
outer loop
vertex -4.653831958770752 -7.594363212585449 48.0
vertex -3.884537935256958 -8.144103050231934 52.0
vertex -4.914323806762695 -7.567395210266113 52.0
endloop
endfacet
facet normal -0.4653751254081726 -0.884532630443573 -0.0320630706846714
outer loop
vertex -4.653831958770752 -7.594363212585449 48.0
vertex -3.6227543354034424 -8.136839866638184 48.0
vertex -3.884537935256958 -8.144103050231934 52.0
endloop
endfacet
facet normal -0.37043285369873047 -0.9284972548484802 -0.025929326191544533
outer loop
vertex -3.6227543354034424 -8.136839866638184 48.0
vertex -2.7882864475250244 -8.581462860107422 52.0
vertex -3.884537935256958 -8.144103050231934 52.0
endloop
endfacet
facet normal -0.34593909978866577 -0.9377089738845825 -0.0320630706846714
outer loop
vertex -3.6227543354034424 -8.136839866638184 48.0
vertex -2.5296905040740967 -8.540092468261719 48.0
vertex -2.7882864475250244 -8.581462860107422 52.0
endloop
endfacet
facet normal -0.24607053399085999 -0.9689050316810608 -0.025929326191544533
outer loop
vertex -2.5296905040740967 -8.540092468261719 48.0
vertex -1.6443264484405518 -8.871992111206055 52.0
vertex -2.7882864475250244 -8.581462860107422 52.0
endloop
endfacet
facet normal -0.2205839604139328 -0.9748408198356628 -0.0320630706846714
outer loop
vertex -2.5296905040740967 -8.540092468261719 48.0
vertex -1.3933429718017578 -8.797221183776855 48.0
vertex -1.6443264484405518 -8.871992111206055 52.0
endloop
endfacet
facet normal -0.11749787628650665 -0.9927345514297485 -0.025929326191544533
outer loop
vertex -1.3933429718017578 -8.797221183776855 48.0
vertex -0.47223174571990967 -9.01071834564209 52.0
vertex -1.6443264484405518 -8.871992111206055 52.0
endloop
endfacet
facet normal -0.09145457297563553 -0.9952929615974426 -0.0320630706846714
outer loop
vertex -1.3933429718017578 -8.797221183776855 48.0
vertex -0.23315493762493134 -8.903827667236328 48.0
vertex -0.47223174571990967 -9.01071834564209 52.0
endloop
endfacet
facet normal 0.013085194863379002 -0.9995781183242798 -0.025929326191544533
outer loop
vertex -0.23315493762493134 -8.903827667236328 48.0
vertex 0.7079430222511292 -8.995268821716309 52.0
vertex -0.47223174571990967 -9.01071834564209 52.0
endloop
endfacet
facet normal 0.03923963010311127 -0.9987152814865112 -0.0320630706846714
outer loop
vertex -0.23315493762493134 -8.903827667236328 48.0
vertex 0.9310224652290344 -8.858086585998535 48.0
vertex 0.7079430222511292 -8.995268821716309 52.0
endloop
endfacet
facet normal 0.14344437420368195 -0.9893186688423157 -0.025929326191544533
outer loop
vertex 0.9310224652290344 -8.858086585998535 48.0
vertex 1.876004695892334 -8.825907707214355 52.0
vertex 0.7079430222511292 -8.995268821716309 52.0
endloop
endfacet
facet normal 0.16926243901252747 -0.985049307346344 -0.0320630706846714
outer loop
vertex 0.9310224652290344 -8.858086585998535 48.0
vertex 2.0792698860168457 -8.660781860351562 48.0
vertex 1.876004695892334 -8.825907707214355 52.0
endloop
endfacet
facet normal 0.2713491916656494 -0.9621316194534302 -0.025929326191544533
outer loop
vertex 2.0792698860168457 -8.660781860351562 48.0
vertex 3.011967420578003 -8.505533218383789 52.0
vertex 1.876004695892334 -8.825907707214355 52.0
endloop
endfacet
facet normal 0.296389102935791 -0.9545289278030396 -0.0320630706846714
outer loop
vertex 2.0792698860168457 -8.660781860351562 48.0
vertex 3.1919403076171875 -8.315288543701172 48.0
vertex 3.011967420578003 -8.505533218383789 52.0
endloop
endfacet
facet normal 0.394611120223999 -0.9184823036193848 -0.025929326191544533
outer loop
vertex 3.1919403076171875 -8.315288543701172 48.0
vertex 4.0963945388793945 -8.039627075195312 52.0
vertex 3.011967420578003 -8.505533218383789 52.0
endloop
endfacet
facet normal 0.4184444844722748 -0.9076762795448303 -0.0320630706846714
outer loop
vertex 3.1919403076171875 -8.315288543701172 48.0
vertex 4.249995708465576 -7.827518463134766 48.0
vertex 4.0963945388793945 -8.039627075195312 52.0
endloop
endfacet
facet normal 0.5111211538314819 -0.8591174483299255 -0.025929326191544533
outer loop
vertex 4.249995708465576 -7.827518463134766 48.0
vertex 5.11073112487793 -7.436160087585449 52.0
vertex 4.0963945388793945 -8.039627075195312 52.0
endloop
endfacet
facet normal 0.5333401560783386 -0.8452929854393005 -0.0320630706846714
outer loop
vertex 4.249995708465576 -7.827518463134766 48.0
vertex 5.235332489013672 -7.205817222595215 48.0
vertex 5.11073112487793 -7.436160087585449 52.0
endloop
endfacet
facet normal 0.6188858151435852 -0.7850528955459595 -0.025929326191544533
outer loop
vertex 5.235332489013672 -7.205817222595215 48.0
vertex 6.037621974945068 -6.705458164215088 52.0
vertex 5.11073112487793 -7.436160087585449 52.0
endloop
endfacet
facet normal 0.6391102075576782 -0.7684465050697327 -0.0320630706846714
outer loop
vertex 5.235332489013672 -7.205817222595215 48.0
vertex 6.131091594696045 -6.460822105407715 48.0
vertex 6.037621974945068 -6.705458164215088 52.0
endloop
endfacet
facet normal 0.7160611152648926 -0.6975558400154114 -0.025929326191544533
outer loop
vertex 6.131091594696045 -6.460822105407715 48.0
vertex 6.861207008361816 -5.860024452209473 52.0
vertex 6.037621974945068 -6.705458164215088 52.0
endloop
endfacet
facet normal 0.7339449524879456 -0.6784517168998718 -0.0320630706846714
outer loop
vertex 6.131091594696045 -6.460822105407715 48.0
vertex 6.921945571899414 -5.605280876159668 48.0
vertex 6.861207008361816 -5.860024452209473 52.0
endloop
endfacet
facet normal 0.8009844422340393 -0.5981234312057495 -0.025929326191544533
outer loop
vertex 6.921945571899414 -5.605280876159668 48.0
vertex 7.567395210266113 -4.914323806762695 52.0
vertex 6.861207008361816 -5.860024452209473 52.0
endloop
endfacet
facet normal 0.8162216544151306 -0.5768484473228455 -0.0320630706846714
outer loop
vertex 6.921945571899414 -5.605280876159668 48.0
vertex 7.594363212585449 -4.653831958770752 48.0
vertex 7.567395210266113 -4.914323806762695 52.0
endloop
endfacet
facet normal 0.8722026348114014 -0.48845696449279785 -0.025929326191544533
outer loop
vertex 7.594363212585449 -4.653831958770752 48.0
vertex 8.144103050231934 -3.884537935256958 52.0
vertex 7.567395210266113 -4.914323806762695 52.0
endloop
endfacet
facet normal 0.884532630443573 -0.4653751254081726 -0.0320630706846714
outer loop
vertex 7.594363212585449 -4.653831958770752 48.0
vertex 8.136839866638184 -3.6227543354034424 48.0
vertex 8.144103050231934 -3.884537935256958 52.0
endloop
endfacet
facet normal 0.9284972548484802 -0.37043285369873047 -0.025929326191544533
outer loop
vertex 8.136839866638184 -3.6227543354034424 48.0
vertex 8.581462860107422 -2.7882864475250244 52.0
vertex 8.144103050231934 -3.884537935256958 52.0
endloop
endfacet
facet normal 0.9377089738845825 -0.34593909978866577 -0.0320630706846714
outer loop
vertex 8.136839866638184 -3.6227543354034424 48.0
vertex 8.540092468261719 -2.5296905040740967 48.0
vertex 8.581462860107422 -2.7882864475250244 52.0
endloop
endfacet
facet normal 0.9689050316810608 -0.24607053399085999 -0.025929326191544533
outer loop
vertex 8.540092468261719 -2.5296905040740967 48.0
vertex 8.871992111206055 -1.6443264484405518 52.0
vertex 8.581462860107422 -2.7882864475250244 52.0
endloop
endfacet
facet normal 0.9748408198356628 -0.2205839604139328 -0.0320630706846714
outer loop
vertex 8.540092468261719 -2.5296905040740967 48.0
vertex 8.797221183776855 -1.3933429718017578 48.0
vertex 8.871992111206055 -1.6443264484405518 52.0
endloop
endfacet
facet normal 0.9927345514297485 -0.11749787628650665 -0.025929326191544533
outer loop
vertex 8.797221183776855 -1.3933429718017578 48.0
vertex 9.01071834564209 -0.47223174571990967 52.0
vertex 8.871992111206055 -1.6443264484405518 52.0
endloop
endfacet
facet normal 0.9952929615974426 -0.09145457297563553 -0.0320630706846714
outer loop
vertex 8.797221183776855 -1.3933429718017578 48.0
vertex 8.903827667236328 -0.23315493762493134 48.0
vertex 9.01071834564209 -0.47223174571990967 52.0
endloop
endfacet
facet normal 0.9995781183242798 0.013085194863379002 -0.025929326191544533
outer loop
vertex 8.903827667236328 -0.23315493762493134 48.0
vertex 8.995268821716309 0.7079430222511292 52.0
vertex 9.01071834564209 -0.47223174571990967 52.0
endloop
endfacet
facet normal 0.9987152814865112 0.03923963010311127 -0.0320630706846714
outer loop
vertex 8.903827667236328 -0.23315493762493134 48.0
vertex 8.858086585998535 0.9310224652290344 48.0
vertex 8.995268821716309 0.7079430222511292 52.0
endloop
endfacet
facet normal 0.9893186688423157 0.14344437420368195 -0.025929326191544533
outer loop
vertex 8.858086585998535 0.9310224652290344 48.0
vertex 8.825907707214355 1.876004695892334 52.0
vertex 8.995268821716309 0.7079430222511292 52.0
endloop
endfacet
facet normal 0.985049307346344 0.16926243901252747 -0.0320630706846714
outer loop
vertex 8.858086585998535 0.9310224652290344 48.0
vertex 8.660781860351562 2.0792698860168457 48.0
vertex 8.825907707214355 1.876004695892334 52.0
endloop
endfacet
facet normal 0.9621316194534302 0.2713491916656494 -0.025929326191544533
outer loop
vertex 8.660781860351562 2.0792698860168457 48.0
vertex 8.505533218383789 3.011967420578003 52.0
vertex 8.825907707214355 1.876004695892334 52.0
endloop
endfacet
facet normal 0.9545289278030396 0.296389102935791 -0.0320630706846714
outer loop
vertex 8.660781860351562 2.0792698860168457 48.0
vertex 8.315288543701172 3.1919403076171875 48.0
vertex 8.505533218383789 3.011967420578003 52.0
endloop
endfacet
facet normal 0.9184823036193848 0.394611120223999 -0.025929326191544533
outer loop
vertex 8.315288543701172 3.1919403076171875 48.0
vertex 8.039627075195312 4.0963945388793945 52.0
vertex 8.505533218383789 3.011967420578003 52.0
endloop
endfacet
facet normal 0.9076762795448303 0.4184444844722748 -0.0320630706846714
outer loop
vertex 8.315288543701172 3.1919403076171875 48.0
vertex 7.827518463134766 4.249995708465576 48.0
vertex 8.039627075195312 4.0963945388793945 52.0
endloop
endfacet
facet normal 0.8591174483299255 0.5111211538314819 -0.025929326191544533
outer loop
vertex 7.827518463134766 4.249995708465576 48.0
vertex 7.436160087585449 5.11073112487793 52.0
vertex 8.039627075195312 4.0963945388793945 52.0
endloop
endfacet
facet normal 0.8452929854393005 0.5333401560783386 -0.0320630706846714
outer loop
vertex 7.827518463134766 4.249995708465576 48.0
vertex 7.205817222595215 5.235332489013672 48.0
vertex 7.436160087585449 5.11073112487793 52.0
endloop
endfacet
facet normal 0.7850528955459595 0.6188858151435852 -0.025929326191544533
outer loop
vertex 7.205817222595215 5.235332489013672 48.0
vertex 6.705458164215088 6.037621974945068 52.0
vertex 7.436160087585449 5.11073112487793 52.0
endloop
endfacet
facet normal 0.7684465050697327 0.6391102075576782 -0.0320630706846714
outer loop
vertex 7.205817222595215 5.235332489013672 48.0
vertex 6.460822105407715 6.131091594696045 48.0
vertex 6.705458164215088 6.037621974945068 52.0
endloop
endfacet
facet normal 0.6975558400154114 0.7160611152648926 -0.025929326191544533
outer loop
vertex 6.460822105407715 6.131091594696045 48.0
vertex 5.860024452209473 6.861207008361816 52.0
vertex 6.705458164215088 6.037621974945068 52.0
endloop
endfacet
facet normal 0.6784517168998718 0.7339449524879456 -0.0320630706846714
outer loop
vertex 6.460822105407715 6.131091594696045 48.0
vertex 5.605280876159668 6.921945571899414 48.0
vertex 5.860024452209473 6.861207008361816 52.0
endloop
endfacet
facet normal 0.5981234312057495 0.8009844422340393 -0.025929326191544533
outer loop
vertex 5.605280876159668 6.921945571899414 48.0
vertex 4.914323806762695 7.567395210266113 52.0
vertex 5.860024452209473 6.861207008361816 52.0
endloop
endfacet
facet normal 0.5768484473228455 0.8162216544151306 -0.0320630706846714
outer loop
vertex 5.605280876159668 6.921945571899414 48.0
vertex 4.653831958770752 7.594363212585449 48.0
vertex 4.914323806762695 7.567395210266113 52.0
endloop
endfacet
facet normal 0.48845696449279785 0.8722026348114014 -0.025929326191544533
outer loop
vertex 4.653831958770752 7.594363212585449 48.0
vertex 3.884537935256958 8.144103050231934 52.0
vertex 4.914323806762695 7.567395210266113 52.0
endloop
endfacet
facet normal 0.4653751254081726 0.884532630443573 -0.0320630706846714
outer loop
vertex 4.653831958770752 7.594363212585449 48.0
vertex 3.6227543354034424 8.136839866638184 48.0
vertex 3.884537935256958 8.144103050231934 52.0
endloop
endfacet
facet normal 0.37043285369873047 0.9284972548484802 -0.025929326191544533
outer loop
vertex 3.6227543354034424 8.136839866638184 48.0
vertex 2.7882864475250244 8.581462860107422 52.0
vertex 3.884537935256958 8.144103050231934 52.0
endloop
endfacet
facet normal 0.2459464818239212 0.9684165716171265 -0.04098353534936905
outer loop
vertex 2.7882864475250244 8.581462860107422 52.0
vertex 1.6443264484405518 8.871992111206055 52.0
vertex 1.9075711965560913 8.974416732788086 56.0
endloop
endfacet
facet normal 0.14340588450431824 0.9890531897544861 -0.0347636453807354
outer loop
vertex 1.6443264484405518 8.871992111206055 52.0
vertex 0.7198551893234253 9.146627426147461 56.0
vertex 1.9075711965560913 8.974416732788086 56.0
endloop
endfacet
facet normal 0.11743864417076111 0.9922341108322144 -0.04098353534936905
outer loop
vertex 1.6443264484405518 8.871992111206055 52.0
vertex 0.47223174571990967 9.01071834564209 52.0
vertex 0.7198551893234253 9.146627426147461 56.0
endloop
endfacet
facet normal 0.013081683777272701 0.9993099570274353 -0.0347636453807354
outer loop
vertex 0.47223174571990967 9.01071834564209 52.0
vertex -0.48017773032188416 9.162336349487305 56.0
vertex 0.7198551893234253 9.146627426147461 56.0
endloop
endfacet
facet normal -0.013078598305583 0.9990742206573486 -0.04098353534936905
outer loop
vertex 0.47223174571990967 9.01071834564209 52.0
vertex -0.7079430222511292 8.995268821716309 52.0
vertex -0.48017773032188416 9.162336349487305 56.0
endloop
endfacet
facet normal -0.11746635288000107 0.9924682378768921 -0.0347636453807354
outer loop
vertex -0.7079430222511292 8.995268821716309 52.0
vertex -1.671994686126709 9.021275520324707 56.0
vertex -0.48017773032188416 9.162336349487305 56.0
endloop
endfacet
facet normal -0.1433720588684082 0.9888198971748352 -0.04098353534936905
outer loop
vertex -0.7079430222511292 8.995268821716309 52.0
vertex -1.876004695892334 8.825907707214355 52.0
vertex -1.671994686126709 9.021275520324707 56.0
endloop
endfacet
facet normal -0.24600450694561005 0.9686450958251953 -0.0347636453807354
outer loop
vertex -1.876004695892334 8.825907707214355 52.0
vertex -2.835203170776367 8.725858688354492 56.0
vertex -1.671994686126709 9.021275520324707 56.0
endloop
endfacet
facet normal -0.2712123990058899 0.9616466164588928 -0.04098353534936905
outer loop
vertex -1.876004695892334 8.825907707214355 52.0
vertex -3.011967420578003 8.505533218383789 52.0
vertex -2.835203170776367 8.725858688354492 56.0
endloop
endfacet
facet normal -0.3703334629535675 0.9282481670379639 -0.0347636453807354
outer loop
vertex -3.011967420578003 8.505533218383789 52.0
vertex -3.9499008655548096 8.281139373779297 56.0
vertex -2.835203170776367 8.725858688354492 56.0
endloop
endfacet
facet normal -0.39441218972206116 0.9180192351341248 -0.04098353534936905
outer loop
vertex -3.011967420578003 8.505533218383789 52.0
vertex -4.0963945388793945 8.039627075195312 52.0
vertex -3.9499008655548096 8.281139373779297 56.0
endloop
endfacet
facet normal -0.48832589387893677 0.8719686269760132 -0.0347636453807354
outer loop
vertex -4.0963945388793945 8.039627075195312 52.0
vertex -4.99701452255249 7.694727420806885 56.0
vertex -3.9499008655548096 8.281139373779297 56.0
endloop
endfacet
facet normal -0.5108634829521179 0.8586843609809875 -0.04098353534936905
outer loop
vertex -4.0963945388793945 8.039627075195312 52.0
vertex -5.11073112487793 7.436160087585449 52.0
vertex -4.99701452255249 7.694727420806885 56.0
endloop
endfacet
facet normal -0.5979629755020142 0.8007695078849792 -0.0347636453807354
outer loop
vertex -5.11073112487793 7.436160087585449 52.0
vertex -5.958627700805664 6.976656913757324 56.0
vertex -4.99701452255249 7.694727420806885 56.0
endloop
endfacet
facet normal -0.618573784828186 0.7846571207046509 -0.04098353534936905
outer loop
vertex -5.11073112487793 7.436160087585449 52.0
vertex -6.037621974945068 6.705458164215088 52.0
vertex -5.958627700805664 6.976656913757324 56.0
endloop
endfacet
facet normal -0.6973686814308167 0.7158690094947815 -0.0347636453807354
outer loop
vertex -6.037621974945068 6.705458164215088 52.0
vertex -6.818287372589111 6.139213562011719 56.0
vertex -5.958627700805664 6.976656913757324 56.0
endloop
endfacet
facet normal -0.7157001495361328 0.6972041726112366 -0.04098353534936905
outer loop
vertex -6.037621974945068 6.705458164215088 52.0
vertex -6.861207008361816 5.860024452209473 52.0
vertex -6.818287372589111 6.139213562011719 56.0
endloop
endfacet
facet normal -0.7848422527313232 0.618719756603241 -0.0347636453807354
outer loop
vertex -6.861207008361816 5.860024452209473 52.0
vertex -7.561284065246582 5.1967267990112305 56.0
vertex -6.818287372589111 6.139213562011719 56.0
endloop
endfacet
facet normal -0.800580620765686 0.5978218913078308 -0.04098353534936905
outer loop
vertex -6.861207008361816 5.860024452209473 52.0
vertex -7.567395210266113 4.914323806762695 52.0
vertex -7.561284065246582 5.1967267990112305 56.0
endloop
endfacet
facet normal -0.8588869571685791 0.5109840631484985 -0.0347636453807354
outer loop
vertex -7.567395210266113 4.914323806762695 52.0
vertex -8.174904823303223 4.165322303771973 56.0
vertex -7.561284065246582 5.1967267990112305 56.0
endloop
endfacet
facet normal -0.8717629313468933 0.4882107079029083 -0.04098353534936905
outer loop
vertex -7.567395210266113 4.914323806762695 52.0
vertex -8.144103050231934 3.884537935256958 52.0
vertex -8.174904823303223 4.165322303771973 56.0
endloop
endfacet
facet normal -0.9182358384132385 0.39450526237487793 -0.0347636453807354
outer loop
vertex -8.144103050231934 3.884537935256958 52.0
vertex -8.648651123046875 3.062648057937622 56.0
vertex -8.174904823303223 4.165322303771973 56.0
endloop
endfacet
facet normal -0.9280291795730591 0.37024611234664917 -0.04098353534936905
outer loop
vertex -8.144103050231934 3.884537935256958 52.0
vertex -8.581462860107422 2.7882864475250244 52.0
vertex -8.648651123046875 3.062648057937622 56.0
endloop
endfacet
facet normal -0.961873471736908 0.2712763845920563 -0.0347636453807354
outer loop
vertex -8.581462860107422 2.7882864475250244 52.0
vertex -8.974416732788086 1.9075711965560913 56.0
vertex -8.648651123046875 3.062648057937622 56.0
endloop
endfacet
facet normal -0.9684165716171265 0.2459464818239212 -0.04098353534936905
outer loop
vertex -8.581462860107422 2.7882864475250244 52.0
vertex -8.871992111206055 1.6443264484405518 52.0
vertex -8.974416732788086 1.9075711965560913 56.0
endloop
endfacet
facet normal -0.9890531897544861 0.14340588450431824 -0.0347636453807354
outer loop
vertex -8.871992111206055 1.6443264484405518 52.0
vertex -9.146627426147461 0.7198551893234253 56.0
vertex -8.974416732788086 1.9075711965560913 56.0
endloop
endfacet
facet normal -0.9922341108322144 0.11743864417076111 -0.04098353534936905
outer loop
vertex -8.871992111206055 1.6443264484405518 52.0
vertex -9.01071834564209 0.47223174571990967 52.0
vertex -9.146627426147461 0.7198551893234253 56.0
endloop
endfacet
facet normal -0.9993099570274353 0.013081683777272701 -0.0347636453807354
outer loop
vertex -9.01071834564209 0.47223174571990967 52.0
vertex -9.162336349487305 -0.48017773032188416 56.0
vertex -9.146627426147461 0.7198551893234253 56.0
endloop
endfacet
facet normal -0.9990742206573486 -0.013078598305583 -0.04098353534936905
outer loop
vertex -9.01071834564209 0.47223174571990967 52.0
vertex -8.995268821716309 -0.7079430222511292 52.0
vertex -9.162336349487305 -0.48017773032188416 56.0
endloop
endfacet
facet normal -0.9924682378768921 -0.11746635288000107 -0.0347636453807354
outer loop
vertex -8.995268821716309 -0.7079430222511292 52.0
vertex -9.021275520324707 -1.671994686126709 56.0
vertex -9.162336349487305 -0.48017773032188416 56.0
endloop
endfacet
facet normal -0.9888198971748352 -0.1433720588684082 -0.04098353534936905
outer loop
vertex -8.995268821716309 -0.7079430222511292 52.0
vertex -8.825907707214355 -1.876004695892334 52.0
vertex -9.021275520324707 -1.671994686126709 56.0
endloop
endfacet
facet normal -0.9686450958251953 -0.24600450694561005 -0.0347636453807354
outer loop
vertex -8.825907707214355 -1.876004695892334 52.0
vertex -8.725858688354492 -2.835203170776367 56.0
vertex -9.021275520324707 -1.671994686126709 56.0
endloop
endfacet
facet normal -0.9616466164588928 -0.2712123990058899 -0.04098353534936905
outer loop
vertex -8.825907707214355 -1.876004695892334 52.0
vertex -8.505533218383789 -3.011967420578003 52.0
vertex -8.725858688354492 -2.835203170776367 56.0
endloop
endfacet
facet normal -0.9282481670379639 -0.3703334629535675 -0.0347636453807354
outer loop
vertex -8.505533218383789 -3.011967420578003 52.0
vertex -8.281139373779297 -3.9499008655548096 56.0
vertex -8.725858688354492 -2.835203170776367 56.0
endloop
endfacet
facet normal -0.9180192351341248 -0.39441218972206116 -0.04098353534936905
outer loop
vertex -8.505533218383789 -3.011967420578003 52.0
vertex -8.039627075195312 -4.0963945388793945 52.0
vertex -8.281139373779297 -3.9499008655548096 56.0
endloop
endfacet
facet normal -0.8719686269760132 -0.48832589387893677 -0.0347636453807354
outer loop
vertex -8.039627075195312 -4.0963945388793945 52.0
vertex -7.694727420806885 -4.99701452255249 56.0
vertex -8.281139373779297 -3.9499008655548096 56.0
endloop
endfacet
facet normal -0.8586843609809875 -0.5108634829521179 -0.04098353534936905
outer loop
vertex -8.039627075195312 -4.0963945388793945 52.0
vertex -7.436160087585449 -5.11073112487793 52.0
vertex -7.694727420806885 -4.99701452255249 56.0
endloop
endfacet
facet normal -0.8007695078849792 -0.5979629755020142 -0.0347636453807354
outer loop
vertex -7.436160087585449 -5.11073112487793 52.0
vertex -6.976656913757324 -5.958627700805664 56.0
vertex -7.694727420806885 -4.99701452255249 56.0
endloop
endfacet
facet normal -0.7846571207046509 -0.618573784828186 -0.04098353534936905
outer loop
vertex -7.436160087585449 -5.11073112487793 52.0
vertex -6.705458164215088 -6.037621974945068 52.0
vertex -6.976656913757324 -5.958627700805664 56.0
endloop
endfacet
facet normal -0.7158690094947815 -0.6973686814308167 -0.0347636453807354
outer loop
vertex -6.705458164215088 -6.037621974945068 52.0
vertex -6.139213562011719 -6.818287372589111 56.0
vertex -6.976656913757324 -5.958627700805664 56.0
endloop
endfacet
facet normal -0.6972041726112366 -0.7157001495361328 -0.04098353534936905
outer loop
vertex -6.705458164215088 -6.037621974945068 52.0
vertex -5.860024452209473 -6.861207008361816 52.0
vertex -6.139213562011719 -6.818287372589111 56.0
endloop
endfacet
facet normal -0.618719756603241 -0.7848422527313232 -0.0347636453807354
outer loop
vertex -5.860024452209473 -6.861207008361816 52.0
vertex -5.1967267990112305 -7.561284065246582 56.0
vertex -6.139213562011719 -6.818287372589111 56.0
endloop
endfacet
facet normal -0.5978218913078308 -0.800580620765686 -0.04098353534936905
outer loop
vertex -5.860024452209473 -6.861207008361816 52.0
vertex -4.914323806762695 -7.567395210266113 52.0
vertex -5.1967267990112305 -7.561284065246582 56.0
endloop
endfacet
facet normal -0.5109840631484985 -0.8588869571685791 -0.0347636453807354
outer loop
vertex -4.914323806762695 -7.567395210266113 52.0
vertex -4.165322303771973 -8.174904823303223 56.0
vertex -5.1967267990112305 -7.561284065246582 56.0
endloop
endfacet
facet normal -0.4882107079029083 -0.8717629313468933 -0.04098353534936905
outer loop
vertex -4.914323806762695 -7.567395210266113 52.0
vertex -3.884537935256958 -8.144103050231934 52.0
vertex -4.165322303771973 -8.174904823303223 56.0
endloop
endfacet
facet normal -0.39450526237487793 -0.9182358384132385 -0.0347636453807354
outer loop
vertex -3.884537935256958 -8.144103050231934 52.0
vertex -3.062648057937622 -8.648651123046875 56.0
vertex -4.165322303771973 -8.174904823303223 56.0
endloop
endfacet
facet normal -0.37024611234664917 -0.9280291795730591 -0.04098353534936905
outer loop
vertex -3.884537935256958 -8.144103050231934 52.0
vertex -2.7882864475250244 -8.581462860107422 52.0
vertex -3.062648057937622 -8.648651123046875 56.0
endloop
endfacet
facet normal -0.2712763845920563 -0.961873471736908 -0.0347636453807354
outer loop
vertex -2.7882864475250244 -8.581462860107422 52.0
vertex -1.9075711965560913 -8.974416732788086 56.0
vertex -3.062648057937622 -8.648651123046875 56.0
endloop
endfacet
facet normal -0.2459464818239212 -0.9684165716171265 -0.04098353534936905
outer loop
vertex -2.7882864475250244 -8.581462860107422 52.0
vertex -1.6443264484405518 -8.871992111206055 52.0
vertex -1.9075711965560913 -8.974416732788086 56.0
endloop
endfacet
facet normal -0.14340588450431824 -0.9890531897544861 -0.0347636453807354
outer loop
vertex -1.6443264484405518 -8.871992111206055 52.0
vertex -0.7198551893234253 -9.146627426147461 56.0
vertex -1.9075711965560913 -8.974416732788086 56.0
endloop
endfacet
facet normal -0.11743864417076111 -0.9922341108322144 -0.04098353534936905
outer loop
vertex -1.6443264484405518 -8.871992111206055 52.0
vertex -0.47223174571990967 -9.01071834564209 52.0
vertex -0.7198551893234253 -9.146627426147461 56.0
endloop
endfacet
facet normal -0.013081683777272701 -0.9993099570274353 -0.0347636453807354
outer loop
vertex -0.47223174571990967 -9.01071834564209 52.0
vertex 0.48017773032188416 -9.162336349487305 56.0
vertex -0.7198551893234253 -9.146627426147461 56.0
endloop
endfacet
facet normal 0.013078598305583 -0.9990742206573486 -0.04098353534936905
outer loop
vertex -0.47223174571990967 -9.01071834564209 52.0
vertex 0.7079430222511292 -8.995268821716309 52.0
vertex 0.48017773032188416 -9.162336349487305 56.0
endloop
endfacet
facet normal 0.11746635288000107 -0.9924682378768921 -0.0347636453807354
outer loop
vertex 0.7079430222511292 -8.995268821716309 52.0
vertex 1.671994686126709 -9.021275520324707 56.0
vertex 0.48017773032188416 -9.162336349487305 56.0
endloop
endfacet
facet normal 0.1433720588684082 -0.9888198971748352 -0.04098353534936905
outer loop
vertex 0.7079430222511292 -8.995268821716309 52.0
vertex 1.876004695892334 -8.825907707214355 52.0
vertex 1.671994686126709 -9.021275520324707 56.0
endloop
endfacet
facet normal 0.24600450694561005 -0.9686450958251953 -0.0347636453807354
outer loop
vertex 1.876004695892334 -8.825907707214355 52.0
vertex 2.835203170776367 -8.725858688354492 56.0
vertex 1.671994686126709 -9.021275520324707 56.0
endloop
endfacet
facet normal 0.2712123990058899 -0.9616466164588928 -0.04098353534936905
outer loop
vertex 1.876004695892334 -8.825907707214355 52.0
vertex 3.011967420578003 -8.505533218383789 52.0
vertex 2.835203170776367 -8.725858688354492 56.0
endloop
endfacet
facet normal 0.3703334629535675 -0.9282481670379639 -0.0347636453807354
outer loop
vertex 3.011967420578003 -8.505533218383789 52.0
vertex 3.9499008655548096 -8.281139373779297 56.0
vertex 2.835203170776367 -8.725858688354492 56.0
endloop
endfacet
facet normal 0.39441218972206116 -0.9180192351341248 -0.04098353534936905
outer loop
vertex 3.011967420578003 -8.505533218383789 52.0
vertex 4.0963945388793945 -8.039627075195312 52.0
vertex 3.9499008655548096 -8.281139373779297 56.0
endloop
endfacet
facet normal 0.48832589387893677 -0.8719686269760132 -0.0347636453807354
outer loop
vertex 4.0963945388793945 -8.039627075195312 52.0
vertex 4.99701452255249 -7.694727420806885 56.0
vertex 3.9499008655548096 -8.281139373779297 56.0
endloop
endfacet
facet normal 0.5108634829521179 -0.8586843609809875 -0.04098353534936905
outer loop
vertex 4.0963945388793945 -8.039627075195312 52.0
vertex 5.11073112487793 -7.436160087585449 52.0
vertex 4.99701452255249 -7.694727420806885 56.0
endloop
endfacet
facet normal 0.5979629755020142 -0.8007695078849792 -0.0347636453807354
outer loop
vertex 5.11073112487793 -7.436160087585449 52.0
vertex 5.958627700805664 -6.976656913757324 56.0
vertex 4.99701452255249 -7.694727420806885 56.0
endloop
endfacet
facet normal 0.618573784828186 -0.7846571207046509 -0.04098353534936905
outer loop
vertex 5.11073112487793 -7.436160087585449 52.0
vertex 6.037621974945068 -6.705458164215088 52.0
vertex 5.958627700805664 -6.976656913757324 56.0
endloop
endfacet
facet normal 0.6973686814308167 -0.7158690094947815 -0.0347636453807354
outer loop
vertex 6.037621974945068 -6.705458164215088 52.0
vertex 6.818287372589111 -6.139213562011719 56.0
vertex 5.958627700805664 -6.976656913757324 56.0
endloop
endfacet
facet normal 0.7157001495361328 -0.6972041726112366 -0.04098353534936905
outer loop
vertex 6.037621974945068 -6.705458164215088 52.0
vertex 6.861207008361816 -5.860024452209473 52.0
vertex 6.818287372589111 -6.139213562011719 56.0
endloop
endfacet
facet normal 0.7848422527313232 -0.618719756603241 -0.0347636453807354
outer loop
vertex 6.861207008361816 -5.860024452209473 52.0
vertex 7.561284065246582 -5.1967267990112305 56.0
vertex 6.818287372589111 -6.139213562011719 56.0
endloop
endfacet
facet normal 0.800580620765686 -0.5978218913078308 -0.04098353534936905
outer loop
vertex 6.861207008361816 -5.860024452209473 52.0
vertex 7.567395210266113 -4.914323806762695 52.0
vertex 7.561284065246582 -5.1967267990112305 56.0
endloop
endfacet
facet normal 0.8588869571685791 -0.5109840631484985 -0.0347636453807354
outer loop
vertex 7.567395210266113 -4.914323806762695 52.0
vertex 8.174904823303223 -4.165322303771973 56.0
vertex 7.561284065246582 -5.1967267990112305 56.0
endloop
endfacet
facet normal 0.8717629313468933 -0.4882107079029083 -0.04098353534936905
outer loop
vertex 7.567395210266113 -4.914323806762695 52.0
vertex 8.144103050231934 -3.884537935256958 52.0
vertex 8.174904823303223 -4.165322303771973 56.0
endloop
endfacet
facet normal 0.9182358384132385 -0.39450526237487793 -0.0347636453807354
outer loop
vertex 8.144103050231934 -3.884537935256958 52.0
vertex 8.648651123046875 -3.062648057937622 56.0
vertex 8.174904823303223 -4.165322303771973 56.0
endloop
endfacet
facet normal 0.9280291795730591 -0.37024611234664917 -0.04098353534936905
outer loop
vertex 8.144103050231934 -3.884537935256958 52.0
vertex 8.581462860107422 -2.7882864475250244 52.0
vertex 8.648651123046875 -3.062648057937622 56.0
endloop
endfacet
facet normal 0.961873471736908 -0.2712763845920563 -0.0347636453807354
outer loop
vertex 8.581462860107422 -2.7882864475250244 52.0
vertex 8.974416732788086 -1.9075711965560913 56.0
vertex 8.648651123046875 -3.062648057937622 56.0
endloop
endfacet
facet normal 0.9684165716171265 -0.2459464818239212 -0.04098353534936905
outer loop
vertex 8.581462860107422 -2.7882864475250244 52.0
vertex 8.871992111206055 -1.6443264484405518 52.0
vertex 8.974416732788086 -1.9075711965560913 56.0
endloop
endfacet
facet normal 0.9890531897544861 -0.14340588450431824 -0.0347636453807354
outer loop
vertex 8.871992111206055 -1.6443264484405518 52.0
vertex 9.146627426147461 -0.7198551893234253 56.0
vertex 8.974416732788086 -1.9075711965560913 56.0
endloop
endfacet
facet normal 0.9922341108322144 -0.11743864417076111 -0.04098353534936905
outer loop
vertex 8.871992111206055 -1.6443264484405518 52.0
vertex 9.01071834564209 -0.47223174571990967 52.0
vertex 9.146627426147461 -0.7198551893234253 56.0
endloop
endfacet
facet normal 0.9993099570274353 -0.013081683777272701 -0.0347636453807354
outer loop
vertex 9.01071834564209 -0.47223174571990967 52.0
vertex 9.162336349487305 0.48017773032188416 56.0
vertex 9.146627426147461 -0.7198551893234253 56.0
endloop
endfacet
facet normal 0.9990742206573486 0.013078598305583 -0.04098353534936905
outer loop
vertex 9.01071834564209 -0.47223174571990967 52.0
vertex 8.995268821716309 0.7079430222511292 52.0
vertex 9.162336349487305 0.48017773032188416 56.0
endloop
endfacet
facet normal 0.9924682378768921 0.11746635288000107 -0.0347636453807354
outer loop
vertex 8.995268821716309 0.7079430222511292 52.0
vertex 9.021275520324707 1.671994686126709 56.0
vertex 9.162336349487305 0.48017773032188416 56.0
endloop
endfacet
facet normal 0.9888198971748352 0.1433720588684082 -0.04098353534936905
outer loop
vertex 8.995268821716309 0.7079430222511292 52.0
vertex 8.825907707214355 1.876004695892334 52.0
vertex 9.021275520324707 1.671994686126709 56.0
endloop
endfacet
facet normal 0.9686450958251953 0.24600450694561005 -0.0347636453807354
outer loop
vertex 8.825907707214355 1.876004695892334 52.0
vertex 8.725858688354492 2.835203170776367 56.0
vertex 9.021275520324707 1.671994686126709 56.0
endloop
endfacet
facet normal 0.9616466164588928 0.2712123990058899 -0.04098353534936905
outer loop
vertex 8.825907707214355 1.876004695892334 52.0
vertex 8.505533218383789 3.011967420578003 52.0
vertex 8.725858688354492 2.835203170776367 56.0
endloop
endfacet
facet normal 0.9282481670379639 0.3703334629535675 -0.0347636453807354
outer loop
vertex 8.505533218383789 3.011967420578003 52.0
vertex 8.281139373779297 3.9499008655548096 56.0
vertex 8.725858688354492 2.835203170776367 56.0
endloop
endfacet
facet normal 0.9180192351341248 0.39441218972206116 -0.04098353534936905
outer loop
vertex 8.505533218383789 3.011967420578003 52.0
vertex 8.039627075195312 4.0963945388793945 52.0
vertex 8.281139373779297 3.9499008655548096 56.0
endloop
endfacet
facet normal 0.8719686269760132 0.48832589387893677 -0.0347636453807354
outer loop
vertex 8.039627075195312 4.0963945388793945 52.0
vertex 7.694727420806885 4.99701452255249 56.0
vertex 8.281139373779297 3.9499008655548096 56.0
endloop
endfacet
facet normal 0.8586843609809875 0.5108634829521179 -0.04098353534936905
outer loop
vertex 8.039627075195312 4.0963945388793945 52.0
vertex 7.436160087585449 5.11073112487793 52.0
vertex 7.694727420806885 4.99701452255249 56.0
endloop
endfacet
facet normal 0.8007695078849792 0.5979629755020142 -0.0347636453807354
outer loop
vertex 7.436160087585449 5.11073112487793 52.0
vertex 6.976656913757324 5.958627700805664 56.0
vertex 7.694727420806885 4.99701452255249 56.0
endloop
endfacet
facet normal 0.7846571207046509 0.618573784828186 -0.04098353534936905
outer loop
vertex 7.436160087585449 5.11073112487793 52.0
vertex 6.705458164215088 6.037621974945068 52.0
vertex 6.976656913757324 5.958627700805664 56.0
endloop
endfacet
facet normal 0.7158690094947815 0.6973686814308167 -0.0347636453807354
outer loop
vertex 6.705458164215088 6.037621974945068 52.0
vertex 6.139213562011719 6.818287372589111 56.0
vertex 6.976656913757324 5.958627700805664 56.0
endloop
endfacet
facet normal 0.6972041726112366 0.7157001495361328 -0.04098353534936905
outer loop
vertex 6.705458164215088 6.037621974945068 52.0
vertex 5.860024452209473 6.861207008361816 52.0
vertex 6.139213562011719 6.818287372589111 56.0
endloop
endfacet
facet normal 0.618719756603241 0.7848422527313232 -0.0347636453807354
outer loop
vertex 5.860024452209473 6.861207008361816 52.0
vertex 5.1967267990112305 7.561284065246582 56.0
vertex 6.139213562011719 6.818287372589111 56.0
endloop
endfacet
facet normal 0.5978218913078308 0.800580620765686 -0.04098353534936905
outer loop
vertex 5.860024452209473 6.861207008361816 52.0
vertex 4.914323806762695 7.567395210266113 52.0
vertex 5.1967267990112305 7.561284065246582 56.0
endloop
endfacet
facet normal 0.5109840631484985 0.8588869571685791 -0.0347636453807354
outer loop
vertex 4.914323806762695 7.567395210266113 52.0
vertex 4.165322303771973 8.174904823303223 56.0
vertex 5.1967267990112305 7.561284065246582 56.0
endloop
endfacet
facet normal 0.4882107079029083 0.8717629313468933 -0.04098353534936905
outer loop
vertex 4.914323806762695 7.567395210266113 52.0
vertex 3.884537935256958 8.144103050231934 52.0
vertex 4.165322303771973 8.174904823303223 56.0
endloop
endfacet
facet normal 0.39450526237487793 0.9182358384132385 -0.0347636453807354
outer loop
vertex 3.884537935256958 8.144103050231934 52.0
vertex 3.062648057937622 8.648651123046875 56.0
vertex 4.165322303771973 8.174904823303223 56.0
endloop
endfacet
facet normal 0.37024611234664917 0.9280291795730591 -0.04098353534936905
outer loop
vertex 3.884537935256958 8.144103050231934 52.0
vertex 2.7882864475250244 8.581462860107422 52.0
vertex 3.062648057937622 8.648651123046875 56.0
endloop
endfacet
facet normal 0.2712763845920563 0.961873471736908 -0.0347636453807354
outer loop
vertex 2.7882864475250244 8.581462860107422 52.0
vertex 1.9075711965560913 8.974416732788086 56.0
vertex 3.062648057937622 8.648651123046875 56.0
endloop
endfacet
facet normal 0.1432770937681198 0.9881649613380432 -0.054787855595350266
outer loop
vertex 1.9075711965560913 8.974416732788086 56.0
vertex 0.7198551893234253 9.146627426147461 56.0
vertex 0.9806840419769287 9.330585479736328 60.0
endloop
endfacet
facet normal 0.039213694632053375 0.9980552196502686 -0.04845701903104782
outer loop
vertex 0.7198551893234253 9.146627426147461 56.0
vertex -0.24559162557125092 9.378766059875488 60.0
vertex 0.9806840419769287 9.330585479736328 60.0
endloop
endfacet
facet normal 0.013069935142993927 0.9984124898910522 -0.054787855595350266
outer loop
vertex 0.7198551893234253 9.146627426147461 56.0
vertex -0.48017773032188416 9.162336349487305 56.0
vertex -0.24559162557125092 9.378766059875488 60.0
endloop
endfacet
facet normal -0.09139412641525269 0.9946351051330566 -0.04845701903104782
outer loop
vertex -0.48017773032188416 9.162336349487305 56.0
vertex -1.4676650762557983 9.266472816467285 60.0
vertex -0.24559162557125092 9.378766059875488 60.0
endloop
endfacet
facet normal -0.11736086010932922 0.9915769100189209 -0.054787855595350266
outer loop
vertex -0.48017773032188416 9.162336349487305 56.0
vertex -1.671994686126709 9.021275520324707 56.0
vertex -1.4676650762557983 9.266472816467285 60.0
endloop
endfacet
facet normal -0.2204381674528122 0.9741965532302856 -0.04845701903104782
outer loop
vertex -1.671994686126709 9.021275520324707 56.0
vertex -2.664626359939575 8.995628356933594 60.0
vertex -1.4676650762557983 9.266472816467285 60.0
endloop
endfacet
facet normal -0.24578358232975006 0.9677751660346985 -0.054787855595350266
outer loop
vertex -1.671994686126709 9.021275520324707 56.0
vertex -2.835203170776367 8.725858688354492 56.0
vertex -2.664626359939575 8.995628356933594 60.0
endloop
endfacet
facet normal -0.3457104563713074 0.937089204788208 -0.04845701903104782
outer loop
vertex -2.835203170776367 8.725858688354492 56.0
vertex -3.815995216369629 8.570865631103516 60.0
vertex -2.664626359939575 8.995628356933594 60.0
endloop
endfacet
facet normal -0.3700008690357208 0.9274144768714905 -0.054787855595350266
outer loop
vertex -2.835203170776367 8.725858688354492 56.0
vertex -3.9499008655548096 8.281139373779297 56.0
vertex -3.815995216369629 8.570865631103516 60.0
endloop
endfacet
facet normal -0.4650675356388092 0.883948028087616 -0.04845701903104782
outer loop
vertex -3.9499008655548096 8.281139373779297 56.0
vertex -4.902071475982666 7.999453544616699 60.0
vertex -3.815995216369629 8.570865631103516 60.0
endloop
endfacet
facet normal -0.48788735270500183 0.8711855411529541 -0.054787855595350266
outer loop
vertex -3.9499008655548096 8.281139373779297 56.0
vertex -4.99701452255249 7.694727420806885 56.0
vertex -4.902071475982666 7.999453544616699 60.0
endloop
endfacet
facet normal -0.5764672160148621 0.8156822323799133 -0.04845701903104782
outer loop
vertex -4.99701452255249 7.694727420806885 56.0
vertex -5.904271602630615 7.291168212890625 60.0
vertex -4.902071475982666 7.999453544616699 60.0
endloop
endfacet
facet normal -0.5974259376525879 0.8000503182411194 -0.054787855595350266
outer loop
vertex -4.99701452255249 7.694727420806885 56.0
vertex -5.958627700805664 6.976656913757324 56.0
vertex -5.904271602630615 7.291168212890625 60.0
endloop
endfacet
facet normal -0.6780033111572266 0.7334598898887634 -0.04845701903104782
outer loop
vertex -5.958627700805664 6.976656913757324 56.0
vertex -6.805448055267334 6.458129405975342 60.0
vertex -5.904271602630615 7.291168212890625 60.0
endloop
endfacet
facet normal -0.6967424154281616 0.7152260541915894 -0.054787855595350266
outer loop
vertex -5.958627700805664 6.976656913757324 56.0
vertex -6.818287372589111 6.139213562011719 56.0
vertex -6.805448055267334 6.458129405975342 60.0
endloop
endfacet
facet normal -0.7679386734962463 0.6386878490447998 -0.04845701903104782
outer loop
vertex -6.818287372589111 6.139213562011719 56.0
vertex -7.590181827545166 5.514589786529541 60.0
vertex -6.805448055267334 6.458129405975342 60.0
endloop
endfacet
facet normal -0.7841374278068542 0.6181640625 -0.054787855595350266
outer loop
vertex -6.818287372589111 6.139213562011719 56.0
vertex -7.561284065246582 5.1967267990112305 56.0
vertex -7.590181827545166 5.514589786529541 60.0
endloop
endfacet
facet normal -0.8447343111038208 0.532987654209137 -0.04845701903104782
outer loop
vertex -7.561284065246582 5.1967267990112305 56.0
vertex -8.245044708251953 4.476694107055664 60.0
vertex -7.590181827545166 5.514589786529541 60.0
endloop
endfacet
facet normal -0.8581156134605408 0.510525107383728 -0.054787855595350266
outer loop
vertex -7.561284065246582 5.1967267990112305 56.0
vertex -8.174904823303223 4.165322303771973 56.0
vertex -8.245044708251953 4.476694107055664 60.0
endloop
endfacet
facet normal -0.907076358795166 0.41816791892051697 -0.04845701903104782
outer loop
vertex -8.174904823303223 4.165322303771973 56.0
vertex -8.758833885192871 3.36220121383667 60.0
vertex -8.245044708251953 4.476694107055664 60.0
endloop
endfacet
facet normal -0.917411208152771 0.394150972366333 -0.054787855595350266
outer loop
vertex -8.174904823303223 4.165322303771973 56.0
vertex -8.648651123046875 3.062648057937622 56.0
vertex -8.758833885192871 3.36220121383667 60.0
endloop
endfacet
facet normal -0.9538980722427368 0.2961932122707367 -0.04845701903104782
outer loop
vertex -8.648651123046875 3.062648057937622 56.0
vertex -9.122756004333496 2.1901798248291016 60.0
vertex -8.758833885192871 3.36220121383667 60.0
endloop
endfacet
facet normal -0.9610096216201782 0.27103275060653687 -0.054787855595350266
outer loop
vertex -8.648651123046875 3.062648057937622 56.0
vertex -8.974416732788086 1.9075711965560913 56.0
vertex -9.122756004333496 2.1901798248291016 60.0
endloop
endfacet
facet normal -0.9843983054161072 0.16915056109428406 -0.04845701903104782
outer loop
vertex -8.974416732788086 1.9075711965560913 56.0
vertex -9.330585479736328 0.9806840419769287 60.0
vertex -9.122756004333496 2.1901798248291016 60.0
endloop
endfacet
facet normal -0.9881649613380432 0.1432770937681198 -0.054787855595350266
outer loop
vertex -8.974416732788086 1.9075711965560913 56.0
vertex -9.146627426147461 0.7198551893234253 56.0
vertex -9.330585479736328 0.9806840419769287 60.0
endloop
endfacet
facet normal -0.9980552196502686 0.039213694632053375 -0.04845701903104782
outer loop
vertex -9.146627426147461 0.7198551893234253 56.0
vertex -9.378766059875488 -0.24559162557125092 60.0
vertex -9.330585479736328 0.9806840419769287 60.0
endloop
endfacet
facet normal -0.9984124898910522 0.013069935142993927 -0.054787855595350266
outer loop
vertex -9.146627426147461 0.7198551893234253 56.0
vertex -9.162336349487305 -0.48017773032188416 56.0
vertex -9.378766059875488 -0.24559162557125092 60.0
endloop
endfacet
facet normal -0.9946351051330566 -0.09139412641525269 -0.04845701903104782
outer loop
vertex -9.162336349487305 -0.48017773032188416 56.0
vertex -9.266472816467285 -1.4676650762557983 60.0
vertex -9.378766059875488 -0.24559162557125092 60.0
endloop
endfacet
facet normal -0.9915769100189209 -0.11736086010932922 -0.054787855595350266
outer loop
vertex -9.162336349487305 -0.48017773032188416 56.0
vertex -9.021275520324707 -1.671994686126709 56.0
vertex -9.266472816467285 -1.4676650762557983 60.0
endloop
endfacet
facet normal -0.9741965532302856 -0.2204381674528122 -0.04845701903104782
outer loop
vertex -9.021275520324707 -1.671994686126709 56.0
vertex -8.995628356933594 -2.664626359939575 60.0
vertex -9.266472816467285 -1.4676650762557983 60.0
endloop
endfacet
facet normal -0.9677751660346985 -0.24578358232975006 -0.054787855595350266
outer loop
vertex -9.021275520324707 -1.671994686126709 56.0
vertex -8.725858688354492 -2.835203170776367 56.0
vertex -8.995628356933594 -2.664626359939575 60.0
endloop
endfacet
facet normal -0.937089204788208 -0.3457104563713074 -0.04845701903104782
outer loop
vertex -8.725858688354492 -2.835203170776367 56.0
vertex -8.570865631103516 -3.815995216369629 60.0
vertex -8.995628356933594 -2.664626359939575 60.0
endloop
endfacet
facet normal -0.9274144768714905 -0.3700008690357208 -0.054787855595350266
outer loop
vertex -8.725858688354492 -2.835203170776367 56.0
vertex -8.281139373779297 -3.9499008655548096 56.0
vertex -8.570865631103516 -3.815995216369629 60.0
endloop
endfacet
facet normal -0.883948028087616 -0.4650675356388092 -0.04845701903104782
outer loop
vertex -8.281139373779297 -3.9499008655548096 56.0
vertex -7.999453544616699 -4.902071475982666 60.0
vertex -8.570865631103516 -3.815995216369629 60.0
endloop
endfacet
facet normal -0.8711855411529541 -0.48788735270500183 -0.054787855595350266
outer loop
vertex -8.281139373779297 -3.9499008655548096 56.0
vertex -7.694727420806885 -4.99701452255249 56.0
vertex -7.999453544616699 -4.902071475982666 60.0
endloop
endfacet
facet normal -0.8156822323799133 -0.5764672160148621 -0.04845701903104782
outer loop
vertex -7.694727420806885 -4.99701452255249 56.0
vertex -7.291168212890625 -5.904271602630615 60.0
vertex -7.999453544616699 -4.902071475982666 60.0
endloop
endfacet
facet normal -0.8000503182411194 -0.5974259376525879 -0.054787855595350266
outer loop
vertex -7.694727420806885 -4.99701452255249 56.0
vertex -6.976656913757324 -5.958627700805664 56.0
vertex -7.291168212890625 -5.904271602630615 60.0
endloop
endfacet
facet normal -0.7334598898887634 -0.6780033111572266 -0.04845701903104782
outer loop
vertex -6.976656913757324 -5.958627700805664 56.0
vertex -6.458129405975342 -6.805448055267334 60.0
vertex -7.291168212890625 -5.904271602630615 60.0
endloop
endfacet
facet normal -0.7152260541915894 -0.6967424154281616 -0.054787855595350266
outer loop
vertex -6.976656913757324 -5.958627700805664 56.0
vertex -6.139213562011719 -6.818287372589111 56.0
vertex -6.458129405975342 -6.805448055267334 60.0
endloop
endfacet
facet normal -0.6386878490447998 -0.7679386734962463 -0.04845701903104782
outer loop
vertex -6.139213562011719 -6.818287372589111 56.0
vertex -5.514589786529541 -7.590181827545166 60.0
vertex -6.458129405975342 -6.805448055267334 60.0
endloop
endfacet
facet normal -0.6181640625 -0.7841374278068542 -0.054787855595350266
outer loop
vertex -6.139213562011719 -6.818287372589111 56.0
vertex -5.1967267990112305 -7.561284065246582 56.0
vertex -5.514589786529541 -7.590181827545166 60.0
endloop
endfacet
facet normal -0.532987654209137 -0.8447343111038208 -0.04845701903104782
outer loop
vertex -5.1967267990112305 -7.561284065246582 56.0
vertex -4.476694107055664 -8.245044708251953 60.0
vertex -5.514589786529541 -7.590181827545166 60.0
endloop
endfacet
facet normal -0.510525107383728 -0.8581156134605408 -0.054787855595350266
outer loop
vertex -5.1967267990112305 -7.561284065246582 56.0
vertex -4.165322303771973 -8.174904823303223 56.0
vertex -4.476694107055664 -8.245044708251953 60.0
endloop
endfacet
facet normal -0.41816791892051697 -0.907076358795166 -0.04845701903104782
outer loop
vertex -4.165322303771973 -8.174904823303223 56.0
vertex -3.36220121383667 -8.758833885192871 60.0
vertex -4.476694107055664 -8.245044708251953 60.0
endloop
endfacet
facet normal -0.394150972366333 -0.917411208152771 -0.054787855595350266
outer loop
vertex -4.165322303771973 -8.174904823303223 56.0
vertex -3.062648057937622 -8.648651123046875 56.0
vertex -3.36220121383667 -8.758833885192871 60.0
endloop
endfacet
facet normal -0.2961932122707367 -0.9538980722427368 -0.04845701903104782
outer loop
vertex -3.062648057937622 -8.648651123046875 56.0
vertex -2.1901798248291016 -9.122756004333496 60.0
vertex -3.36220121383667 -8.758833885192871 60.0
endloop
endfacet
facet normal -0.27103275060653687 -0.9610096216201782 -0.054787855595350266
outer loop
vertex -3.062648057937622 -8.648651123046875 56.0
vertex -1.9075711965560913 -8.974416732788086 56.0
vertex -2.1901798248291016 -9.122756004333496 60.0
endloop
endfacet
facet normal -0.16915056109428406 -0.9843983054161072 -0.04845701903104782
outer loop
vertex -1.9075711965560913 -8.974416732788086 56.0
vertex -0.9806840419769287 -9.330585479736328 60.0
vertex -2.1901798248291016 -9.122756004333496 60.0
endloop
endfacet
facet normal -0.1432770937681198 -0.9881649613380432 -0.054787855595350266
outer loop
vertex -1.9075711965560913 -8.974416732788086 56.0
vertex -0.7198551893234253 -9.146627426147461 56.0
vertex -0.9806840419769287 -9.330585479736328 60.0
endloop
endfacet
facet normal -0.039213694632053375 -0.9980552196502686 -0.04845701903104782
outer loop
vertex -0.7198551893234253 -9.146627426147461 56.0
vertex 0.24559162557125092 -9.378766059875488 60.0
vertex -0.9806840419769287 -9.330585479736328 60.0
endloop
endfacet
facet normal -0.013069935142993927 -0.9984124898910522 -0.054787855595350266
outer loop
vertex -0.7198551893234253 -9.146627426147461 56.0
vertex 0.48017773032188416 -9.162336349487305 56.0
vertex 0.24559162557125092 -9.378766059875488 60.0
endloop
endfacet
facet normal 0.09139412641525269 -0.9946351051330566 -0.04845701903104782
outer loop
vertex 0.48017773032188416 -9.162336349487305 56.0
vertex 1.4676650762557983 -9.266472816467285 60.0
vertex 0.24559162557125092 -9.378766059875488 60.0
endloop
endfacet
facet normal 0.11736086010932922 -0.9915769100189209 -0.054787855595350266
outer loop
vertex 0.48017773032188416 -9.162336349487305 56.0
vertex 1.671994686126709 -9.021275520324707 56.0
vertex 1.4676650762557983 -9.266472816467285 60.0
endloop
endfacet
facet normal 0.2204381674528122 -0.9741965532302856 -0.04845701903104782
outer loop
vertex 1.671994686126709 -9.021275520324707 56.0
vertex 2.664626359939575 -8.995628356933594 60.0
vertex 1.4676650762557983 -9.266472816467285 60.0
endloop
endfacet
facet normal 0.24578358232975006 -0.9677751660346985 -0.054787855595350266
outer loop
vertex 1.671994686126709 -9.021275520324707 56.0
vertex 2.835203170776367 -8.725858688354492 56.0
vertex 2.664626359939575 -8.995628356933594 60.0
endloop
endfacet
facet normal 0.3457104563713074 -0.937089204788208 -0.04845701903104782
outer loop
vertex 2.835203170776367 -8.725858688354492 56.0
vertex 3.815995216369629 -8.570865631103516 60.0
vertex 2.664626359939575 -8.995628356933594 60.0
endloop
endfacet
facet normal 0.3700008690357208 -0.9274144768714905 -0.054787855595350266
outer loop
vertex 2.835203170776367 -8.725858688354492 56.0
vertex 3.9499008655548096 -8.281139373779297 56.0
vertex 3.815995216369629 -8.570865631103516 60.0
endloop
endfacet
facet normal 0.4650675356388092 -0.883948028087616 -0.04845701903104782
outer loop
vertex 3.9499008655548096 -8.281139373779297 56.0
vertex 4.902071475982666 -7.999453544616699 60.0
vertex 3.815995216369629 -8.570865631103516 60.0
endloop
endfacet
facet normal 0.48788735270500183 -0.8711855411529541 -0.054787855595350266
outer loop
vertex 3.9499008655548096 -8.281139373779297 56.0
vertex 4.99701452255249 -7.694727420806885 56.0
vertex 4.902071475982666 -7.999453544616699 60.0
endloop
endfacet
facet normal 0.5764672160148621 -0.8156822323799133 -0.04845701903104782
outer loop
vertex 4.99701452255249 -7.694727420806885 56.0
vertex 5.904271602630615 -7.291168212890625 60.0
vertex 4.902071475982666 -7.999453544616699 60.0
endloop
endfacet
facet normal 0.5974259376525879 -0.8000503182411194 -0.054787855595350266
outer loop
vertex 4.99701452255249 -7.694727420806885 56.0
vertex 5.958627700805664 -6.976656913757324 56.0
vertex 5.904271602630615 -7.291168212890625 60.0
endloop
endfacet
facet normal 0.6780033111572266 -0.7334598898887634 -0.04845701903104782
outer loop
vertex 5.958627700805664 -6.976656913757324 56.0
vertex 6.805448055267334 -6.458129405975342 60.0
vertex 5.904271602630615 -7.291168212890625 60.0
endloop
endfacet
facet normal 0.6967424154281616 -0.7152260541915894 -0.054787855595350266
outer loop
vertex 5.958627700805664 -6.976656913757324 56.0
vertex 6.818287372589111 -6.139213562011719 56.0
vertex 6.805448055267334 -6.458129405975342 60.0
endloop
endfacet
facet normal 0.7679386734962463 -0.6386878490447998 -0.04845701903104782
outer loop
vertex 6.818287372589111 -6.139213562011719 56.0
vertex 7.590181827545166 -5.514589786529541 60.0
vertex 6.805448055267334 -6.458129405975342 60.0
endloop
endfacet
facet normal 0.7841374278068542 -0.6181640625 -0.054787855595350266
outer loop
vertex 6.818287372589111 -6.139213562011719 56.0
vertex 7.561284065246582 -5.1967267990112305 56.0
vertex 7.590181827545166 -5.514589786529541 60.0
endloop
endfacet
facet normal 0.8447343111038208 -0.532987654209137 -0.04845701903104782
outer loop
vertex 7.561284065246582 -5.1967267990112305 56.0
vertex 8.245044708251953 -4.476694107055664 60.0
vertex 7.590181827545166 -5.514589786529541 60.0
endloop
endfacet
facet normal 0.8581156134605408 -0.510525107383728 -0.054787855595350266
outer loop
vertex 7.561284065246582 -5.1967267990112305 56.0
vertex 8.174904823303223 -4.165322303771973 56.0
vertex 8.245044708251953 -4.476694107055664 60.0
endloop
endfacet
facet normal 0.907076358795166 -0.41816791892051697 -0.04845701903104782
outer loop
vertex 8.174904823303223 -4.165322303771973 56.0
vertex 8.758833885192871 -3.36220121383667 60.0
vertex 8.245044708251953 -4.476694107055664 60.0
endloop
endfacet
facet normal 0.917411208152771 -0.394150972366333 -0.054787855595350266
outer loop
vertex 8.174904823303223 -4.165322303771973 56.0
vertex 8.648651123046875 -3.062648057937622 56.0
vertex 8.758833885192871 -3.36220121383667 60.0
endloop
endfacet
facet normal 0.9538980722427368 -0.2961932122707367 -0.04845701903104782
outer loop
vertex 8.648651123046875 -3.062648057937622 56.0
vertex 9.122756004333496 -2.1901798248291016 60.0
vertex 8.758833885192871 -3.36220121383667 60.0
endloop
endfacet
facet normal 0.9610096216201782 -0.27103275060653687 -0.054787855595350266
outer loop
vertex 8.648651123046875 -3.062648057937622 56.0
vertex 8.974416732788086 -1.9075711965560913 56.0
vertex 9.122756004333496 -2.1901798248291016 60.0
endloop
endfacet
facet normal 0.9843983054161072 -0.16915056109428406 -0.04845701903104782
outer loop
vertex 8.974416732788086 -1.9075711965560913 56.0
vertex 9.330585479736328 -0.9806840419769287 60.0
vertex 9.122756004333496 -2.1901798248291016 60.0
endloop
endfacet
facet normal 0.9881649613380432 -0.1432770937681198 -0.054787855595350266
outer loop
vertex 8.974416732788086 -1.9075711965560913 56.0
vertex 9.146627426147461 -0.7198551893234253 56.0
vertex 9.330585479736328 -0.9806840419769287 60.0
endloop
endfacet
facet normal 0.9980552196502686 -0.039213694632053375 -0.04845701903104782
outer loop
vertex 9.146627426147461 -0.7198551893234253 56.0
vertex 9.378766059875488 0.24559162557125092 60.0
vertex 9.330585479736328 -0.9806840419769287 60.0
endloop
endfacet
facet normal 0.9984124898910522 -0.013069935142993927 -0.054787855595350266
outer loop
vertex 9.146627426147461 -0.7198551893234253 56.0
vertex 9.162336349487305 0.48017773032188416 56.0
vertex 9.378766059875488 0.24559162557125092 60.0
endloop
endfacet
facet normal 0.9946351051330566 0.09139412641525269 -0.04845701903104782
outer loop
vertex 9.162336349487305 0.48017773032188416 56.0
vertex 9.266472816467285 1.4676650762557983 60.0
vertex 9.378766059875488 0.24559162557125092 60.0
endloop
endfacet
facet normal 0.9915769100189209 0.11736086010932922 -0.054787855595350266
outer loop
vertex 9.162336349487305 0.48017773032188416 56.0
vertex 9.021275520324707 1.671994686126709 56.0
vertex 9.266472816467285 1.4676650762557983 60.0
endloop
endfacet
facet normal 0.9741965532302856 0.2204381674528122 -0.04845701903104782
outer loop
vertex 9.021275520324707 1.671994686126709 56.0
vertex 8.995628356933594 2.664626359939575 60.0
vertex 9.266472816467285 1.4676650762557983 60.0
endloop
endfacet
facet normal 0.9677751660346985 0.24578358232975006 -0.054787855595350266
outer loop
vertex 9.021275520324707 1.671994686126709 56.0
vertex 8.725858688354492 2.835203170776367 56.0
vertex 8.995628356933594 2.664626359939575 60.0
endloop
endfacet
facet normal 0.937089204788208 0.3457104563713074 -0.04845701903104782
outer loop
vertex 8.725858688354492 2.835203170776367 56.0
vertex 8.570865631103516 3.815995216369629 60.0
vertex 8.995628356933594 2.664626359939575 60.0
endloop
endfacet
facet normal 0.9274144768714905 0.3700008690357208 -0.054787855595350266
outer loop
vertex 8.725858688354492 2.835203170776367 56.0
vertex 8.281139373779297 3.9499008655548096 56.0
vertex 8.570865631103516 3.815995216369629 60.0
endloop
endfacet
facet normal 0.883948028087616 0.4650675356388092 -0.04845701903104782
outer loop
vertex 8.281139373779297 3.9499008655548096 56.0
vertex 7.999453544616699 4.902071475982666 60.0
vertex 8.570865631103516 3.815995216369629 60.0
endloop
endfacet
facet normal 0.8711855411529541 0.48788735270500183 -0.054787855595350266
outer loop
vertex 8.281139373779297 3.9499008655548096 56.0
vertex 7.694727420806885 4.99701452255249 56.0
vertex 7.999453544616699 4.902071475982666 60.0
endloop
endfacet
facet normal 0.8156822323799133 0.5764672160148621 -0.04845701903104782
outer loop
vertex 7.694727420806885 4.99701452255249 56.0
vertex 7.291168212890625 5.904271602630615 60.0
vertex 7.999453544616699 4.902071475982666 60.0
endloop
endfacet
facet normal 0.8000503182411194 0.5974259376525879 -0.054787855595350266
outer loop
vertex 7.694727420806885 4.99701452255249 56.0
vertex 6.976656913757324 5.958627700805664 56.0
vertex 7.291168212890625 5.904271602630615 60.0
endloop
endfacet
facet normal 0.7334598898887634 0.6780033111572266 -0.04845701903104782
outer loop
vertex 6.976656913757324 5.958627700805664 56.0
vertex 6.458129405975342 6.805448055267334 60.0
vertex 7.291168212890625 5.904271602630615 60.0
endloop
endfacet
facet normal 0.7152260541915894 0.6967424154281616 -0.054787855595350266
outer loop
vertex 6.976656913757324 5.958627700805664 56.0
vertex 6.139213562011719 6.818287372589111 56.0
vertex 6.458129405975342 6.805448055267334 60.0
endloop
endfacet
facet normal 0.6386878490447998 0.7679386734962463 -0.04845701903104782
outer loop
vertex 6.139213562011719 6.818287372589111 56.0
vertex 5.514589786529541 7.590181827545166 60.0
vertex 6.458129405975342 6.805448055267334 60.0
endloop
endfacet
facet normal 0.6181640625 0.7841374278068542 -0.054787855595350266
outer loop
vertex 6.139213562011719 6.818287372589111 56.0
vertex 5.1967267990112305 7.561284065246582 56.0
vertex 5.514589786529541 7.590181827545166 60.0
endloop
endfacet
facet normal 0.532987654209137 0.8447343111038208 -0.04845701903104782
outer loop
vertex 5.1967267990112305 7.561284065246582 56.0
vertex 4.476694107055664 8.245044708251953 60.0
vertex 5.514589786529541 7.590181827545166 60.0
endloop
endfacet
facet normal 0.510525107383728 0.8581156134605408 -0.054787855595350266
outer loop
vertex 5.1967267990112305 7.561284065246582 56.0
vertex 4.165322303771973 8.174904823303223 56.0
vertex 4.476694107055664 8.245044708251953 60.0
endloop
endfacet
facet normal 0.41816791892051697 0.907076358795166 -0.04845701903104782
outer loop
vertex 4.165322303771973 8.174904823303223 56.0
vertex 3.36220121383667 8.758833885192871 60.0
vertex 4.476694107055664 8.245044708251953 60.0
endloop
endfacet
facet normal 0.394150972366333 0.917411208152771 -0.054787855595350266
outer loop
vertex 4.165322303771973 8.174904823303223 56.0
vertex 3.062648057937622 8.648651123046875 56.0
vertex 3.36220121383667 8.758833885192871 60.0
endloop
endfacet
facet normal 0.2961932122707367 0.9538980722427368 -0.04845701903104782
outer loop
vertex 3.062648057937622 8.648651123046875 56.0
vertex 2.1901798248291016 9.122756004333496 60.0
vertex 3.36220121383667 8.758833885192871 60.0
endloop
endfacet
facet normal 0.27103275060653687 0.9610096216201782 -0.054787855595350266
outer loop
vertex 3.062648057937622 8.648651123046875 56.0
vertex 1.9075711965560913 8.974416732788086 56.0
vertex 2.1901798248291016 9.122756004333496 60.0
endloop
endfacet
facet normal 0.16915056109428406 0.9843983054161072 -0.04845701903104782
outer loop
vertex 1.9075711965560913 8.974416732788086 56.0
vertex 0.9806840419769287 9.330585479736328 60.0
vertex 2.1901798248291016 9.122756004333496 60.0
endloop
endfacet
facet normal 0.03915225714445114 0.9964914321899414 -0.07397230714559555
outer loop
vertex 0.9806840419769287 9.330585479736328 60.0
vertex -0.24559162557125092 9.378766059875488 60.0
vertex 5.918747009871054e-16 9.666047096252441 64.0
endloop
endfacet
facet normal -0.06525398045778275 0.9955832958221436 -0.06749676167964935
outer loop
vertex -0.24559162557125092 9.378766059875488 60.0
vertex -1.2616723775863647 9.583353042602539 64.0
vertex 5.918747009871054e-16 9.666047096252441 64.0
endloop
endfacet
facet normal -0.0912509337067604 0.993076741695404 -0.07397230714559555
outer loop
vertex -0.24559162557125092 9.378766059875488 60.0
vertex -1.4676650762557983 9.266472816467285 60.0
vertex -1.2616723775863647 9.583353042602539 64.0
endloop
endfacet
facet normal -0.19464541971683502 0.9785485863685608 -0.06749676167964935
outer loop
vertex -1.4676650762557983 9.266472816467285 60.0
vertex -2.5017571449279785 9.336685180664062 64.0
vertex -1.2616723775863647 9.583353042602539 64.0
endloop
endfacet
facet normal -0.2200927883386612 0.9726701974868774 -0.07397230714559555
outer loop
vertex -1.4676650762557983 9.266472816467285 60.0
vertex -2.664626359939575 8.995628356933594 60.0
vertex -2.5017571449279785 9.336685180664062 64.0
endloop
endfacet
facet normal -0.32070642709732056 0.9447706341743469 -0.06749676167964935
outer loop
vertex -2.664626359939575 8.995628356933594 60.0
vertex -3.699036121368408 8.93026351928711 64.0
vertex -2.5017571449279785 9.336685180664062 64.0
endloop
endfacet
facet normal -0.345168799161911 0.9356209635734558 -0.07397230714559555
outer loop
vertex -2.664626359939575 8.995628356933594 60.0
vertex -3.815995216369629 8.570865631103516 60.0
vertex -3.699036121368408 8.93026351928711 64.0
endloop
endfacet
facet normal -0.4412800371646881 0.8948274254798889 -0.06749676167964935
outer loop
vertex -3.815995216369629 8.570865631103516 60.0
vertex -4.833023548126221 8.371042251586914 64.0
vertex -3.699036121368408 8.93026351928711 64.0
endloop
endfacet
facet normal -0.46433886885643005 0.882563054561615 -0.07397230714559555
outer loop
vertex -3.815995216369629 8.570865631103516 60.0
vertex -4.902071475982666 7.999453544616699 60.0
vertex -4.833023548126221 8.371042251586914 64.0
endloop
endfacet
facet normal -0.5543032288551331 0.8295734524726868 -0.06749676167964935
outer loop
vertex -4.902071475982666 7.999453544616699 60.0
vertex -5.884316921234131 7.668591022491455 64.0
vertex -4.833023548126221 8.371042251586914 64.0
endloop
endfacet
facet normal -0.5755639672279358 0.8144041895866394 -0.07397230714559555
outer loop
vertex -4.902071475982666 7.999453544616699 60.0
vertex -5.904271602630615 7.291168212890625 60.0
vertex -5.884316921234131 7.668591022491455 64.0
endloop
endfacet
facet normal -0.6578421592712402 0.7501252293586731 -0.06749676167964935
outer loop
vertex -5.904271602630615 7.291168212890625 60.0
vertex -6.834927558898926 6.834927558898926 64.0
vertex -5.884316921234131 7.668591022491455 64.0
endloop
endfacet
facet normal -0.6769410371780396 0.7323107123374939 -0.07397230714559555
outer loop
vertex -5.904271602630615 7.291168212890625 60.0
vertex -6.805448055267334 6.458129405975342 60.0
vertex -6.834927558898926 6.834927558898926 64.0
endloop
endfacet
facet normal -0.7501252293586731 0.6578421592712402 -0.06749676167964935
outer loop
vertex -6.805448055267334 6.458129405975342 60.0
vertex -7.668591022491455 5.884316921234131 64.0
vertex -6.834927558898926 6.834927558898926 64.0
endloop
endfacet
facet normal -0.7667354345321655 0.6376871466636658 -0.07397230714559555
outer loop
vertex -6.805448055267334 6.458129405975342 60.0
vertex -7.590181827545166 5.514589786529541 60.0
vertex -7.668591022491455 5.884316921234131 64.0
endloop
endfacet
facet normal -0.8295734524726868 0.5543032288551331 -0.06749676167964935
outer loop
vertex -7.590181827545166 5.514589786529541 60.0
vertex -8.371042251586914 4.833023548126221 64.0
vertex -7.668591022491455 5.884316921234131 64.0
endloop
endfacet
facet normal -0.8434107899665833 0.5321525931358337 -0.07397230714559555
outer loop
vertex -7.590181827545166 5.514589786529541 60.0
vertex -8.245044708251953 4.476694107055664 60.0
vertex -8.371042251586914 4.833023548126221 64.0
endloop
endfacet
facet normal -0.8948274254798889 0.4412800371646881 -0.06749676167964935
outer loop
vertex -8.245044708251953 4.476694107055664 60.0
vertex -8.93026351928711 3.699036121368408 64.0
vertex -8.371042251586914 4.833023548126221 64.0
endloop
endfacet
facet normal -0.9056551456451416 0.4175127446651459 -0.07397230714559555
outer loop
vertex -8.245044708251953 4.476694107055664 60.0
vertex -8.758833885192871 3.36220121383667 60.0
vertex -8.93026351928711 3.699036121368408 64.0
endloop
endfacet
facet normal -0.9447706341743469 0.32070642709732056 -0.06749676167964935
outer loop
vertex -8.758833885192871 3.36220121383667 60.0
vertex -9.336685180664062 2.5017571449279785 64.0
vertex -8.93026351928711 3.699036121368408 64.0
endloop
endfacet
facet normal -0.9524034857749939 0.2957291305065155 -0.07397230714559555
outer loop
vertex -8.758833885192871 3.36220121383667 60.0
vertex -9.122756004333496 2.1901798248291016 60.0
vertex -9.336685180664062 2.5017571449279785 64.0
endloop
endfacet
facet normal -0.9785485863685608 0.19464541971683502 -0.06749676167964935
outer loop
vertex -9.122756004333496 2.1901798248291016 60.0
vertex -9.583353042602539 1.2616723775863647 64.0
vertex -9.336685180664062 2.5017571449279785 64.0
endloop
endfacet
facet normal -0.9828559160232544 0.16888552904129028 -0.07397230714559555
outer loop
vertex -9.122756004333496 2.1901798248291016 60.0
vertex -9.330585479736328 0.9806840419769287 60.0
vertex -9.583353042602539 1.2616723775863647 64.0
endloop
endfacet
facet normal -0.9955832958221436 0.06525398045778275 -0.06749676167964935
outer loop
vertex -9.330585479736328 0.9806840419769287 60.0
vertex -9.666047096252441 1.1837494019742109e-15 64.0
vertex -9.583353042602539 1.2616723775863647 64.0
endloop
endfacet
facet normal -0.9964914321899414 0.03915225714445114 -0.07397230714559555
outer loop
vertex -9.330585479736328 0.9806840419769287 60.0
vertex -9.378766059875488 -0.24559162557125092 60.0
vertex -9.666047096252441 1.1837494019742109e-15 64.0
endloop
endfacet
facet normal -0.9955832958221436 -0.06525398045778275 -0.06749676167964935
outer loop
vertex -9.378766059875488 -0.24559162557125092 60.0
vertex -9.583353042602539 -1.2616723775863647 64.0
vertex -9.666047096252441 1.1837494019742109e-15 64.0
endloop
endfacet
facet normal -0.993076741695404 -0.0912509337067604 -0.07397230714559555
outer loop
vertex -9.378766059875488 -0.24559162557125092 60.0
vertex -9.266472816467285 -1.4676650762557983 60.0
vertex -9.583353042602539 -1.2616723775863647 64.0
endloop
endfacet
facet normal -0.9785485863685608 -0.19464541971683502 -0.06749676167964935
outer loop
vertex -9.266472816467285 -1.4676650762557983 60.0
vertex -9.336685180664062 -2.5017571449279785 64.0
vertex -9.583353042602539 -1.2616723775863647 64.0
endloop
endfacet
facet normal -0.9726701974868774 -0.2200927883386612 -0.07397230714559555
outer loop
vertex -9.266472816467285 -1.4676650762557983 60.0
vertex -8.995628356933594 -2.664626359939575 60.0
vertex -9.336685180664062 -2.5017571449279785 64.0
endloop
endfacet
facet normal -0.9447706341743469 -0.32070642709732056 -0.06749676167964935
outer loop
vertex -8.995628356933594 -2.664626359939575 60.0
vertex -8.93026351928711 -3.699036121368408 64.0
vertex -9.336685180664062 -2.5017571449279785 64.0
endloop
endfacet
facet normal -0.9356209635734558 -0.345168799161911 -0.07397230714559555
outer loop
vertex -8.995628356933594 -2.664626359939575 60.0
vertex -8.570865631103516 -3.815995216369629 60.0
vertex -8.93026351928711 -3.699036121368408 64.0
endloop
endfacet
facet normal -0.8948274254798889 -0.4412800371646881 -0.06749676167964935
outer loop
vertex -8.570865631103516 -3.815995216369629 60.0
vertex -8.371042251586914 -4.833023548126221 64.0
vertex -8.93026351928711 -3.699036121368408 64.0
endloop
endfacet
facet normal -0.882563054561615 -0.46433886885643005 -0.07397230714559555
outer loop
vertex -8.570865631103516 -3.815995216369629 60.0
vertex -7.999453544616699 -4.902071475982666 60.0
vertex -8.371042251586914 -4.833023548126221 64.0
endloop
endfacet
facet normal -0.8295734524726868 -0.5543032288551331 -0.06749676167964935
outer loop
vertex -7.999453544616699 -4.902071475982666 60.0
vertex -7.668591022491455 -5.884316921234131 64.0
vertex -8.371042251586914 -4.833023548126221 64.0
endloop
endfacet
facet normal -0.8144041895866394 -0.5755639672279358 -0.07397230714559555
outer loop
vertex -7.999453544616699 -4.902071475982666 60.0
vertex -7.291168212890625 -5.904271602630615 60.0
vertex -7.668591022491455 -5.884316921234131 64.0
endloop
endfacet
facet normal -0.7501252293586731 -0.6578421592712402 -0.06749676167964935
outer loop
vertex -7.291168212890625 -5.904271602630615 60.0
vertex -6.834927558898926 -6.834927558898926 64.0
vertex -7.668591022491455 -5.884316921234131 64.0
endloop
endfacet
facet normal -0.7323107123374939 -0.6769410371780396 -0.07397230714559555
outer loop
vertex -7.291168212890625 -5.904271602630615 60.0
vertex -6.458129405975342 -6.805448055267334 60.0
vertex -6.834927558898926 -6.834927558898926 64.0
endloop
endfacet
facet normal -0.6578421592712402 -0.7501252293586731 -0.06749676167964935
outer loop
vertex -6.458129405975342 -6.805448055267334 60.0
vertex -5.884316921234131 -7.668591022491455 64.0
vertex -6.834927558898926 -6.834927558898926 64.0
endloop
endfacet
facet normal -0.6376871466636658 -0.7667354345321655 -0.07397230714559555
outer loop
vertex -6.458129405975342 -6.805448055267334 60.0
vertex -5.514589786529541 -7.590181827545166 60.0
vertex -5.884316921234131 -7.668591022491455 64.0
endloop
endfacet
facet normal -0.5543032288551331 -0.8295734524726868 -0.06749676167964935
outer loop
vertex -5.514589786529541 -7.590181827545166 60.0
vertex -4.833023548126221 -8.371042251586914 64.0
vertex -5.884316921234131 -7.668591022491455 64.0
endloop
endfacet
facet normal -0.5321525931358337 -0.8434107899665833 -0.07397230714559555
outer loop
vertex -5.514589786529541 -7.590181827545166 60.0
vertex -4.476694107055664 -8.245044708251953 60.0
vertex -4.833023548126221 -8.371042251586914 64.0
endloop
endfacet
facet normal -0.4412800371646881 -0.8948274254798889 -0.06749676167964935
outer loop
vertex -4.476694107055664 -8.245044708251953 60.0
vertex -3.699036121368408 -8.93026351928711 64.0
vertex -4.833023548126221 -8.371042251586914 64.0
endloop
endfacet
facet normal -0.4175127446651459 -0.9056551456451416 -0.07397230714559555
outer loop
vertex -4.476694107055664 -8.245044708251953 60.0
vertex -3.36220121383667 -8.758833885192871 60.0
vertex -3.699036121368408 -8.93026351928711 64.0
endloop
endfacet
facet normal -0.32070642709732056 -0.9447706341743469 -0.06749676167964935
outer loop
vertex -3.36220121383667 -8.758833885192871 60.0
vertex -2.5017571449279785 -9.336685180664062 64.0
vertex -3.699036121368408 -8.93026351928711 64.0
endloop
endfacet
facet normal -0.2957291305065155 -0.9524034857749939 -0.07397230714559555
outer loop
vertex -3.36220121383667 -8.758833885192871 60.0
vertex -2.1901798248291016 -9.122756004333496 60.0
vertex -2.5017571449279785 -9.336685180664062 64.0
endloop
endfacet
facet normal -0.19464541971683502 -0.9785485863685608 -0.06749676167964935
outer loop
vertex -2.1901798248291016 -9.122756004333496 60.0
vertex -1.2616723775863647 -9.583353042602539 64.0
vertex -2.5017571449279785 -9.336685180664062 64.0
endloop
endfacet
facet normal -0.16888552904129028 -0.9828559160232544 -0.07397230714559555
outer loop
vertex -2.1901798248291016 -9.122756004333496 60.0
vertex -0.9806840419769287 -9.330585479736328 60.0
vertex -1.2616723775863647 -9.583353042602539 64.0
endloop
endfacet
facet normal -0.06525398045778275 -0.9955832958221436 -0.06749676167964935
outer loop
vertex -0.9806840419769287 -9.330585479736328 60.0
vertex -1.775624050021757e-15 -9.666047096252441 64.0
vertex -1.2616723775863647 -9.583353042602539 64.0
endloop
endfacet
facet normal -0.03915225714445114 -0.9964914321899414 -0.07397230714559555
outer loop
vertex -0.9806840419769287 -9.330585479736328 60.0
vertex 0.24559162557125092 -9.378766059875488 60.0
vertex -1.775624050021757e-15 -9.666047096252441 64.0
endloop
endfacet
facet normal 0.06525398045778275 -0.9955832958221436 -0.06749676167964935
outer loop
vertex 0.24559162557125092 -9.378766059875488 60.0
vertex 1.2616723775863647 -9.583353042602539 64.0
vertex -1.775624050021757e-15 -9.666047096252441 64.0
endloop
endfacet
facet normal 0.0912509337067604 -0.993076741695404 -0.07397230714559555
outer loop
vertex 0.24559162557125092 -9.378766059875488 60.0
vertex 1.4676650762557983 -9.266472816467285 60.0
vertex 1.2616723775863647 -9.583353042602539 64.0
endloop
endfacet
facet normal 0.19464541971683502 -0.9785485863685608 -0.06749676167964935
outer loop
vertex 1.4676650762557983 -9.266472816467285 60.0
vertex 2.5017571449279785 -9.336685180664062 64.0
vertex 1.2616723775863647 -9.583353042602539 64.0
endloop
endfacet
facet normal 0.2200927883386612 -0.9726701974868774 -0.07397230714559555
outer loop
vertex 1.4676650762557983 -9.266472816467285 60.0
vertex 2.664626359939575 -8.995628356933594 60.0
vertex 2.5017571449279785 -9.336685180664062 64.0
endloop
endfacet
facet normal 0.32070642709732056 -0.9447706341743469 -0.06749676167964935
outer loop
vertex 2.664626359939575 -8.995628356933594 60.0
vertex 3.699036121368408 -8.93026351928711 64.0
vertex 2.5017571449279785 -9.336685180664062 64.0
endloop
endfacet
facet normal 0.345168799161911 -0.9356209635734558 -0.07397230714559555
outer loop
vertex 2.664626359939575 -8.995628356933594 60.0
vertex 3.815995216369629 -8.570865631103516 60.0
vertex 3.699036121368408 -8.93026351928711 64.0
endloop
endfacet
facet normal 0.4412800371646881 -0.8948274254798889 -0.06749676167964935
outer loop
vertex 3.815995216369629 -8.570865631103516 60.0
vertex 4.833023548126221 -8.371042251586914 64.0
vertex 3.699036121368408 -8.93026351928711 64.0
endloop
endfacet
facet normal 0.46433886885643005 -0.882563054561615 -0.07397230714559555
outer loop
vertex 3.815995216369629 -8.570865631103516 60.0
vertex 4.902071475982666 -7.999453544616699 60.0
vertex 4.833023548126221 -8.371042251586914 64.0
endloop
endfacet
facet normal 0.5543032288551331 -0.8295734524726868 -0.06749676167964935
outer loop
vertex 4.902071475982666 -7.999453544616699 60.0
vertex 5.884316921234131 -7.668591022491455 64.0
vertex 4.833023548126221 -8.371042251586914 64.0
endloop
endfacet
facet normal 0.5755639672279358 -0.8144041895866394 -0.07397230714559555
outer loop
vertex 4.902071475982666 -7.999453544616699 60.0
vertex 5.904271602630615 -7.291168212890625 60.0
vertex 5.884316921234131 -7.668591022491455 64.0
endloop
endfacet
facet normal 0.6578421592712402 -0.7501252293586731 -0.06749676167964935
outer loop
vertex 5.904271602630615 -7.291168212890625 60.0
vertex 6.834927558898926 -6.834927558898926 64.0
vertex 5.884316921234131 -7.668591022491455 64.0
endloop
endfacet
facet normal 0.6769410371780396 -0.7323107123374939 -0.07397230714559555
outer loop
vertex 5.904271602630615 -7.291168212890625 60.0
vertex 6.805448055267334 -6.458129405975342 60.0
vertex 6.834927558898926 -6.834927558898926 64.0
endloop
endfacet
facet normal 0.7501252293586731 -0.6578421592712402 -0.06749676167964935
outer loop
vertex 6.805448055267334 -6.458129405975342 60.0
vertex 7.668591022491455 -5.884316921234131 64.0
vertex 6.834927558898926 -6.834927558898926 64.0
endloop
endfacet
facet normal 0.7667354345321655 -0.6376871466636658 -0.07397230714559555
outer loop
vertex 6.805448055267334 -6.458129405975342 60.0
vertex 7.590181827545166 -5.514589786529541 60.0
vertex 7.668591022491455 -5.884316921234131 64.0
endloop
endfacet
facet normal 0.8295734524726868 -0.5543032288551331 -0.06749676167964935
outer loop
vertex 7.590181827545166 -5.514589786529541 60.0
vertex 8.371042251586914 -4.833023548126221 64.0
vertex 7.668591022491455 -5.884316921234131 64.0
endloop
endfacet
facet normal 0.8434107899665833 -0.5321525931358337 -0.07397230714559555
outer loop
vertex 7.590181827545166 -5.514589786529541 60.0
vertex 8.245044708251953 -4.476694107055664 60.0
vertex 8.371042251586914 -4.833023548126221 64.0
endloop
endfacet
facet normal 0.8948274254798889 -0.4412800371646881 -0.06749676167964935
outer loop
vertex 8.245044708251953 -4.476694107055664 60.0
vertex 8.93026351928711 -3.699036121368408 64.0
vertex 8.371042251586914 -4.833023548126221 64.0
endloop
endfacet
facet normal 0.9056551456451416 -0.4175127446651459 -0.07397230714559555
outer loop
vertex 8.245044708251953 -4.476694107055664 60.0
vertex 8.758833885192871 -3.36220121383667 60.0
vertex 8.93026351928711 -3.699036121368408 64.0
endloop
endfacet
facet normal 0.9447706341743469 -0.32070642709732056 -0.06749676167964935
outer loop
vertex 8.758833885192871 -3.36220121383667 60.0
vertex 9.336685180664062 -2.5017571449279785 64.0
vertex 8.93026351928711 -3.699036121368408 64.0
endloop
endfacet
facet normal 0.9524034857749939 -0.2957291305065155 -0.07397230714559555
outer loop
vertex 8.758833885192871 -3.36220121383667 60.0
vertex 9.122756004333496 -2.1901798248291016 60.0
vertex 9.336685180664062 -2.5017571449279785 64.0
endloop
endfacet
facet normal 0.9785485863685608 -0.19464541971683502 -0.06749676167964935
outer loop
vertex 9.122756004333496 -2.1901798248291016 60.0
vertex 9.583353042602539 -1.2616723775863647 64.0
vertex 9.336685180664062 -2.5017571449279785 64.0
endloop
endfacet
facet normal 0.9828559160232544 -0.16888552904129028 -0.07397230714559555
outer loop
vertex 9.122756004333496 -2.1901798248291016 60.0
vertex 9.330585479736328 -0.9806840419769287 60.0
vertex 9.583353042602539 -1.2616723775863647 64.0
endloop
endfacet
facet normal 0.9955832958221436 -0.06525398045778275 -0.06749676167964935
outer loop
vertex 9.330585479736328 -0.9806840419769287 60.0
vertex 9.666047096252441 -2.3674988039484217e-15 64.0
vertex 9.583353042602539 -1.2616723775863647 64.0
endloop
endfacet
facet normal 0.9964914321899414 -0.03915225714445114 -0.07397230714559555
outer loop
vertex 9.330585479736328 -0.9806840419769287 60.0
vertex 9.378766059875488 0.24559162557125092 60.0
vertex 9.666047096252441 -2.3674988039484217e-15 64.0
endloop
endfacet
facet normal 0.9955832958221436 0.06525398045778275 -0.06749676167964935
outer loop
vertex 9.378766059875488 0.24559162557125092 60.0
vertex 9.583353042602539 1.2616723775863647 64.0
vertex 9.666047096252441 -2.3674988039484217e-15 64.0
endloop
endfacet
facet normal 0.993076741695404 0.0912509337067604 -0.07397230714559555
outer loop
vertex 9.378766059875488 0.24559162557125092 60.0
vertex 9.266472816467285 1.4676650762557983 60.0
vertex 9.583353042602539 1.2616723775863647 64.0
endloop
endfacet
facet normal 0.9785485863685608 0.19464541971683502 -0.06749676167964935
outer loop
vertex 9.266472816467285 1.4676650762557983 60.0
vertex 9.336685180664062 2.5017571449279785 64.0
vertex 9.583353042602539 1.2616723775863647 64.0
endloop
endfacet
facet normal 0.9726701974868774 0.2200927883386612 -0.07397230714559555
outer loop
vertex 9.266472816467285 1.4676650762557983 60.0
vertex 8.995628356933594 2.664626359939575 60.0
vertex 9.336685180664062 2.5017571449279785 64.0
endloop
endfacet
facet normal 0.9447706341743469 0.32070642709732056 -0.06749676167964935
outer loop
vertex 8.995628356933594 2.664626359939575 60.0
vertex 8.93026351928711 3.699036121368408 64.0
vertex 9.336685180664062 2.5017571449279785 64.0
endloop
endfacet
facet normal 0.9356209635734558 0.345168799161911 -0.07397230714559555
outer loop
vertex 8.995628356933594 2.664626359939575 60.0
vertex 8.570865631103516 3.815995216369629 60.0
vertex 8.93026351928711 3.699036121368408 64.0
endloop
endfacet
facet normal 0.8948274254798889 0.4412800371646881 -0.06749676167964935
outer loop
vertex 8.570865631103516 3.815995216369629 60.0
vertex 8.371042251586914 4.833023548126221 64.0
vertex 8.93026351928711 3.699036121368408 64.0
endloop
endfacet
facet normal 0.882563054561615 0.46433886885643005 -0.07397230714559555
outer loop
vertex 8.570865631103516 3.815995216369629 60.0
vertex 7.999453544616699 4.902071475982666 60.0
vertex 8.371042251586914 4.833023548126221 64.0
endloop
endfacet
facet normal 0.8295734524726868 0.5543032288551331 -0.06749676167964935
outer loop
vertex 7.999453544616699 4.902071475982666 60.0
vertex 7.668591022491455 5.884316921234131 64.0
vertex 8.371042251586914 4.833023548126221 64.0
endloop
endfacet
facet normal 0.8144041895866394 0.5755639672279358 -0.07397230714559555
outer loop
vertex 7.999453544616699 4.902071475982666 60.0
vertex 7.291168212890625 5.904271602630615 60.0
vertex 7.668591022491455 5.884316921234131 64.0
endloop
endfacet
facet normal 0.7501252293586731 0.6578421592712402 -0.06749676167964935
outer loop
vertex 7.291168212890625 5.904271602630615 60.0
vertex 6.834927558898926 6.834927558898926 64.0
vertex 7.668591022491455 5.884316921234131 64.0
endloop
endfacet
facet normal 0.7323107123374939 0.6769410371780396 -0.07397230714559555
outer loop
vertex 7.291168212890625 5.904271602630615 60.0
vertex 6.458129405975342 6.805448055267334 60.0
vertex 6.834927558898926 6.834927558898926 64.0
endloop
endfacet
facet normal 0.6578421592712402 0.7501252293586731 -0.06749676167964935
outer loop
vertex 6.458129405975342 6.805448055267334 60.0
vertex 5.884316921234131 7.668591022491455 64.0
vertex 6.834927558898926 6.834927558898926 64.0
endloop
endfacet
facet normal 0.6376871466636658 0.7667354345321655 -0.07397230714559555
outer loop
vertex 6.458129405975342 6.805448055267334 60.0
vertex 5.514589786529541 7.590181827545166 60.0
vertex 5.884316921234131 7.668591022491455 64.0
endloop
endfacet
facet normal 0.5543032288551331 0.8295734524726868 -0.06749676167964935
outer loop
vertex 5.514589786529541 7.590181827545166 60.0
vertex 4.833023548126221 8.371042251586914 64.0
vertex 5.884316921234131 7.668591022491455 64.0
endloop
endfacet
facet normal 0.5321525931358337 0.8434107899665833 -0.07397230714559555
outer loop
vertex 5.514589786529541 7.590181827545166 60.0
vertex 4.476694107055664 8.245044708251953 60.0
vertex 4.833023548126221 8.371042251586914 64.0
endloop
endfacet
facet normal 0.4412800371646881 0.8948274254798889 -0.06749676167964935
outer loop
vertex 4.476694107055664 8.245044708251953 60.0
vertex 3.699036121368408 8.93026351928711 64.0
vertex 4.833023548126221 8.371042251586914 64.0
endloop
endfacet
facet normal 0.4175127446651459 0.9056551456451416 -0.07397230714559555
outer loop
vertex 4.476694107055664 8.245044708251953 60.0
vertex 3.36220121383667 8.758833885192871 60.0
vertex 3.699036121368408 8.93026351928711 64.0
endloop
endfacet
facet normal 0.32070642709732056 0.9447706341743469 -0.06749676167964935
outer loop
vertex 3.36220121383667 8.758833885192871 60.0
vertex 2.5017571449279785 9.336685180664062 64.0
vertex 3.699036121368408 8.93026351928711 64.0
endloop
endfacet
facet normal 0.2957291305065155 0.9524034857749939 -0.07397230714559555
outer loop
vertex 3.36220121383667 8.758833885192871 60.0
vertex 2.1901798248291016 9.122756004333496 60.0
vertex 2.5017571449279785 9.336685180664062 64.0
endloop
endfacet
facet normal 0.19464541971683502 0.9785485863685608 -0.06749676167964935
outer loop
vertex 2.1901798248291016 9.122756004333496 60.0
vertex 1.2616723775863647 9.583353042602539 64.0
vertex 2.5017571449279785 9.336685180664062 64.0
endloop
endfacet
facet normal 0.16888552904129028 0.9828559160232544 -0.07397230714559555
outer loop
vertex 2.1901798248291016 9.122756004333496 60.0
vertex 0.9806840419769287 9.330585479736328 60.0
vertex 1.2616723775863647 9.583353042602539 64.0
endloop
endfacet
facet normal 0.06525398045778275 0.9955832958221436 -0.06749676167964935
outer loop
vertex 0.9806840419769287 9.330585479736328 60.0
vertex 5.918747009871054e-16 9.666047096252441 64.0
vertex 1.2616723775863647 9.583353042602539 64.0
endloop
endfacet
facet normal -0.0650637149810791 0.9926804900169373 -0.10174556076526642
outer loop
vertex 5.918747009871054e-16 9.666047096252441 64.0
vertex -1.2616723775863647 9.583353042602539 64.0
vertex -1.0517878532409668 10.007092475891113 68.0
endloop
endfacet
facet normal -0.16858218610286713 0.9810905456542969 -0.09508605301380157
outer loop
vertex -1.2616723775863647 9.583353042602539 64.0
vertex -2.3489773273468018 9.784194946289062 68.0
vertex -1.0517878532409668 10.007092475891113 68.0
endloop
endfacet
facet normal -0.19407789409160614 0.9756954312324524 -0.10174556076526642
outer loop
vertex -1.2616723775863647 9.583353042602539 64.0
vertex -2.5017571449279785 9.336685180664062 64.0
vertex -2.3489773273468018 9.784194946289062 68.0
endloop
endfacet
facet normal -0.2951979637145996 0.9506928324699402 -0.09508605301380157
outer loop
vertex -2.5017571449279785 9.336685180664062 64.0
vertex -3.6059751510620117 9.39388656616211 68.0
vertex -2.3489773273468018 9.784194946289062 68.0
endloop
endfacet
facet normal -0.31977134943008423 0.9420160055160522 -0.10174556076526642
outer loop
vertex -2.5017571449279785 9.336685180664062 64.0
vertex -3.699036121368408 8.93026351928711 64.0
vertex -3.6059751510620117 9.39388656616211 68.0
endloop
endfacet
facet normal -0.4167628288269043 0.9040284156799316 -0.09508605301380157
outer loop
vertex -3.699036121368408 8.93026351928711 64.0
vertex -4.801273822784424 8.842845916748047 68.0
vertex -3.6059751510620117 9.39388656616211 68.0
endloop
endfacet
facet normal -0.43999341130256653 0.8922183513641357 -0.10174556076526642
outer loop
vertex -3.699036121368408 8.93026351928711 64.0
vertex -4.833023548126221 8.371042251586914 64.0
vertex -4.801273822784424 8.842845916748047 68.0
endloop
endfacet
facet normal -0.5311967134475708 0.8418958783149719 -0.09508605301380157
outer loop
vertex -4.833023548126221 8.371042251586914 64.0
vertex -5.914421081542969 8.1405029296875 68.0
vertex -4.801273822784424 8.842845916748047 68.0
endloop
endfacet
facet normal -0.5526870489120483 0.8271546363830566 -0.10174556076526642
outer loop
vertex -4.833023548126221 8.371042251586914 64.0
vertex -5.884316921234131 7.668591022491455 64.0
vertex -5.914421081542969 8.1405029296875 68.0
endloop
endfacet
facet normal -0.6365417242050171 0.7653582692146301 -0.09508605301380157
outer loop
vertex -5.884316921234131 7.668591022491455 64.0
vertex -6.9263715744018555 7.298872470855713 68.0
vertex -5.914421081542969 8.1405029296875 68.0
endloop
endfacet
facet normal -0.6559240818023682 0.7479380965232849 -0.10174556076526642
outer loop
vertex -5.884316921234131 7.668591022491455 64.0
vertex -6.834927558898926 6.834927558898926 64.0
vertex -6.9263715744018555 7.298872470855713 68.0
endloop
endfacet
facet normal -0.7309953570365906 0.6757251620292664 -0.09508605301380157
outer loop
vertex -6.834927558898926 6.834927558898926 64.0
vertex -7.819809436798096 6.332356929779053 68.0
vertex -6.9263715744018555 7.298872470855713 68.0
endloop
endfacet
facet normal -0.7479380965232849 0.6559240818023682 -0.10174556076526642
outer loop
vertex -6.834927558898926 6.834927558898926 64.0
vertex -7.668591022491455 5.884316921234131 64.0
vertex -7.819809436798096 6.332356929779053 68.0
endloop
endfacet
facet normal -0.8129413723945618 0.5745301842689514 -0.09508605301380157
outer loop
vertex -7.668591022491455 5.884316921234131 64.0
vertex -8.579448699951172 5.257492542266846 68.0
vertex -7.819809436798096 6.332356929779053 68.0
endloop
endfacet
facet normal -0.8271546363830566 0.5526870489120483 -0.10174556076526642
outer loop
vertex -7.668591022491455 5.884316921234131 64.0
vertex -8.371042251586914 4.833023548126221 64.0
vertex -8.579448699951172 5.257492542266846 68.0
endloop
endfacet
facet normal -0.8809778094291687 0.4635048508644104 -0.09508605301380157
outer loop
vertex -8.371042251586914 4.833023548126221 64.0
vertex -9.192290306091309 4.0926713943481445 68.0
vertex -8.579448699951172 5.257492542266846 68.0
endloop
endfacet
facet normal -0.8922183513641357 0.43999341130256653 -0.10174556076526642
outer loop
vertex -8.371042251586914 4.833023548126221 64.0
vertex -8.93026351928711 3.699036121368408 64.0
vertex -9.192290306091309 4.0926713943481445 68.0
endloop
endfacet
facet normal -0.9339404702186584 0.3445488214492798 -0.09508605301380157
outer loop
vertex -8.93026351928711 3.699036121368408 64.0
vertex -9.647850036621094 2.857823371887207 68.0
vertex -9.192290306091309 4.0926713943481445 68.0
endloop
endfacet
facet normal -0.9420160055160522 0.31977134943008423 -0.10174556076526642
outer loop
vertex -8.93026351928711 3.699036121368408 64.0
vertex -9.336685180664062 2.5017571449279785 64.0
vertex -9.647850036621094 2.857823371887207 68.0
endloop
endfacet
facet normal -0.970923125743866 0.21969746053218842 -0.09508605301380157
outer loop
vertex -9.336685180664062 2.5017571449279785 64.0
vertex -9.938331604003906 1.5740771293640137 68.0
vertex -9.647850036621094 2.857823371887207 68.0
endloop
endfacet
facet normal -0.9756954312324524 0.19407789409160614 -0.10174556076526642
outer loop
vertex -9.336685180664062 2.5017571449279785 64.0
vertex -9.583353042602539 1.2616723775863647 64.0
vertex -9.938331604003906 1.5740771293640137 68.0
endloop
endfacet
facet normal -0.9912930130958557 0.09108702838420868 -0.09508605301380157
outer loop
vertex -9.583353042602539 1.2616723775863647 64.0
vertex -10.05876636505127 0.26339808106422424 68.0
vertex -9.938331604003906 1.5740771293640137 68.0
endloop
endfacet
facet normal -0.9926804900169373 0.0650637149810791 -0.10174556076526642
outer loop
vertex -9.583353042602539 1.2616723775863647 64.0
vertex -9.666047096252441 1.1837494019742109e-15 64.0
vertex -10.05876636505127 0.26339808106422424 68.0
endloop
endfacet
facet normal -0.9947015643119812 -0.03908193111419678 -0.09508605301380157
outer loop
vertex -9.666047096252441 1.1837494019742109e-15 64.0
vertex -10.007092475891113 -1.0517878532409668 68.0
vertex -10.05876636505127 0.26339808106422424 68.0
endloop
endfacet
facet normal -0.9926804900169373 -0.0650637149810791 -0.10174556076526642
outer loop
vertex -9.666047096252441 1.1837494019742109e-15 64.0
vertex -9.583353042602539 -1.2616723775863647 64.0
vertex -10.007092475891113 -1.0517878532409668 68.0
endloop
endfacet
facet normal -0.9810905456542969 -0.16858218610286713 -0.09508605301380157
outer loop
vertex -9.583353042602539 -1.2616723775863647 64.0
vertex -9.784194946289062 -2.3489773273468018 68.0
vertex -10.007092475891113 -1.0517878532409668 68.0
endloop
endfacet
facet normal -0.9756954312324524 -0.19407789409160614 -0.10174556076526642
outer loop
vertex -9.583353042602539 -1.2616723775863647 64.0
vertex -9.336685180664062 -2.5017571449279785 64.0
vertex -9.784194946289062 -2.3489773273468018 68.0
endloop
endfacet
facet normal -0.9506928324699402 -0.2951979637145996 -0.09508605301380157
outer loop
vertex -9.336685180664062 -2.5017571449279785 64.0
vertex -9.39388656616211 -3.6059751510620117 68.0
vertex -9.784194946289062 -2.3489773273468018 68.0
endloop
endfacet
facet normal -0.9420160055160522 -0.31977134943008423 -0.10174556076526642
outer loop
vertex -9.336685180664062 -2.5017571449279785 64.0
vertex -8.93026351928711 -3.699036121368408 64.0
vertex -9.39388656616211 -3.6059751510620117 68.0
endloop
endfacet
facet normal -0.9040284156799316 -0.4167628288269043 -0.09508605301380157
outer loop
vertex -8.93026351928711 -3.699036121368408 64.0
vertex -8.842845916748047 -4.801273822784424 68.0
vertex -9.39388656616211 -3.6059751510620117 68.0
endloop
endfacet
facet normal -0.8922183513641357 -0.43999341130256653 -0.10174556076526642
outer loop
vertex -8.93026351928711 -3.699036121368408 64.0
vertex -8.371042251586914 -4.833023548126221 64.0
vertex -8.842845916748047 -4.801273822784424 68.0
endloop
endfacet
facet normal -0.8418958783149719 -0.5311967134475708 -0.09508605301380157
outer loop
vertex -8.371042251586914 -4.833023548126221 64.0
vertex -8.1405029296875 -5.914421081542969 68.0
vertex -8.842845916748047 -4.801273822784424 68.0
endloop
endfacet
facet normal -0.8271546363830566 -0.5526870489120483 -0.10174556076526642
outer loop
vertex -8.371042251586914 -4.833023548126221 64.0
vertex -7.668591022491455 -5.884316921234131 64.0
vertex -8.1405029296875 -5.914421081542969 68.0
endloop
endfacet
facet normal -0.7653582692146301 -0.6365417242050171 -0.09508605301380157
outer loop
vertex -7.668591022491455 -5.884316921234131 64.0
vertex -7.298872470855713 -6.9263715744018555 68.0
vertex -8.1405029296875 -5.914421081542969 68.0
endloop
endfacet
facet normal -0.7479380965232849 -0.6559240818023682 -0.10174556076526642
outer loop
vertex -7.668591022491455 -5.884316921234131 64.0
vertex -6.834927558898926 -6.834927558898926 64.0
vertex -7.298872470855713 -6.9263715744018555 68.0
endloop
endfacet
facet normal -0.6757251620292664 -0.7309953570365906 -0.09508605301380157
outer loop
vertex -6.834927558898926 -6.834927558898926 64.0
vertex -6.332356929779053 -7.819809436798096 68.0
vertex -7.298872470855713 -6.9263715744018555 68.0
endloop
endfacet
facet normal -0.6559240818023682 -0.7479380965232849 -0.10174556076526642
outer loop
vertex -6.834927558898926 -6.834927558898926 64.0
vertex -5.884316921234131 -7.668591022491455 64.0
vertex -6.332356929779053 -7.819809436798096 68.0
endloop
endfacet
facet normal -0.5745301842689514 -0.8129413723945618 -0.09508605301380157
outer loop
vertex -5.884316921234131 -7.668591022491455 64.0
vertex -5.257492542266846 -8.579448699951172 68.0
vertex -6.332356929779053 -7.819809436798096 68.0
endloop
endfacet
facet normal -0.5526870489120483 -0.8271546363830566 -0.10174556076526642
outer loop
vertex -5.884316921234131 -7.668591022491455 64.0
vertex -4.833023548126221 -8.371042251586914 64.0
vertex -5.257492542266846 -8.579448699951172 68.0
endloop
endfacet
facet normal -0.4635048508644104 -0.8809778094291687 -0.09508605301380157
outer loop
vertex -4.833023548126221 -8.371042251586914 64.0
vertex -4.0926713943481445 -9.192290306091309 68.0
vertex -5.257492542266846 -8.579448699951172 68.0
endloop
endfacet
facet normal -0.43999341130256653 -0.8922183513641357 -0.10174556076526642
outer loop
vertex -4.833023548126221 -8.371042251586914 64.0
vertex -3.699036121368408 -8.93026351928711 64.0
vertex -4.0926713943481445 -9.192290306091309 68.0
endloop
endfacet
facet normal -0.3445488214492798 -0.9339404702186584 -0.09508605301380157
outer loop
vertex -3.699036121368408 -8.93026351928711 64.0
vertex -2.857823371887207 -9.647850036621094 68.0
vertex -4.0926713943481445 -9.192290306091309 68.0
endloop
endfacet
facet normal -0.31977134943008423 -0.9420160055160522 -0.10174556076526642
outer loop
vertex -3.699036121368408 -8.93026351928711 64.0
vertex -2.5017571449279785 -9.336685180664062 64.0
vertex -2.857823371887207 -9.647850036621094 68.0
endloop
endfacet
facet normal -0.21969746053218842 -0.970923125743866 -0.09508605301380157
outer loop
vertex -2.5017571449279785 -9.336685180664062 64.0
vertex -1.5740771293640137 -9.938331604003906 68.0
vertex -2.857823371887207 -9.647850036621094 68.0
endloop
endfacet
facet normal -0.19407789409160614 -0.9756954312324524 -0.10174556076526642
outer loop
vertex -2.5017571449279785 -9.336685180664062 64.0
vertex -1.2616723775863647 -9.583353042602539 64.0
vertex -1.5740771293640137 -9.938331604003906 68.0
endloop
endfacet
facet normal -0.09108702838420868 -0.9912930130958557 -0.09508605301380157
outer loop
vertex -1.2616723775863647 -9.583353042602539 64.0
vertex -0.26339808106422424 -10.05876636505127 68.0
vertex -1.5740771293640137 -9.938331604003906 68.0
endloop
endfacet
facet normal -0.0650637149810791 -0.9926804900169373 -0.10174556076526642
outer loop
vertex -1.2616723775863647 -9.583353042602539 64.0
vertex -1.775624050021757e-15 -9.666047096252441 64.0
vertex -0.26339808106422424 -10.05876636505127 68.0
endloop
endfacet
facet normal 0.03908193111419678 -0.9947015643119812 -0.09508605301380157
outer loop
vertex -1.775624050021757e-15 -9.666047096252441 64.0
vertex 1.0517878532409668 -10.007092475891113 68.0
vertex -0.26339808106422424 -10.05876636505127 68.0
endloop
endfacet
facet normal 0.0650637149810791 -0.9926804900169373 -0.10174556076526642
outer loop
vertex -1.775624050021757e-15 -9.666047096252441 64.0
vertex 1.2616723775863647 -9.583353042602539 64.0
vertex 1.0517878532409668 -10.007092475891113 68.0
endloop
endfacet
facet normal 0.16858218610286713 -0.9810905456542969 -0.09508605301380157
outer loop
vertex 1.2616723775863647 -9.583353042602539 64.0
vertex 2.3489773273468018 -9.784194946289062 68.0
vertex 1.0517878532409668 -10.007092475891113 68.0
endloop
endfacet
facet normal 0.19407789409160614 -0.9756954312324524 -0.10174556076526642
outer loop
vertex 1.2616723775863647 -9.583353042602539 64.0
vertex 2.5017571449279785 -9.336685180664062 64.0
vertex 2.3489773273468018 -9.784194946289062 68.0
endloop
endfacet
facet normal 0.2951979637145996 -0.9506928324699402 -0.09508605301380157
outer loop
vertex 2.5017571449279785 -9.336685180664062 64.0
vertex 3.6059751510620117 -9.39388656616211 68.0
vertex 2.3489773273468018 -9.784194946289062 68.0
endloop
endfacet
facet normal 0.31977134943008423 -0.9420160055160522 -0.10174556076526642
outer loop
vertex 2.5017571449279785 -9.336685180664062 64.0
vertex 3.699036121368408 -8.93026351928711 64.0
vertex 3.6059751510620117 -9.39388656616211 68.0
endloop
endfacet
facet normal 0.4167628288269043 -0.9040284156799316 -0.09508605301380157
outer loop
vertex 3.699036121368408 -8.93026351928711 64.0
vertex 4.801273822784424 -8.842845916748047 68.0
vertex 3.6059751510620117 -9.39388656616211 68.0
endloop
endfacet
facet normal 0.43999341130256653 -0.8922183513641357 -0.10174556076526642
outer loop
vertex 3.699036121368408 -8.93026351928711 64.0
vertex 4.833023548126221 -8.371042251586914 64.0
vertex 4.801273822784424 -8.842845916748047 68.0
endloop
endfacet
facet normal 0.5311967134475708 -0.8418958783149719 -0.09508605301380157
outer loop
vertex 4.833023548126221 -8.371042251586914 64.0
vertex 5.914421081542969 -8.1405029296875 68.0
vertex 4.801273822784424 -8.842845916748047 68.0
endloop
endfacet
facet normal 0.5526870489120483 -0.8271546363830566 -0.10174556076526642
outer loop
vertex 4.833023548126221 -8.371042251586914 64.0
vertex 5.884316921234131 -7.668591022491455 64.0
vertex 5.914421081542969 -8.1405029296875 68.0
endloop
endfacet
facet normal 0.6365417242050171 -0.7653582692146301 -0.09508605301380157
outer loop
vertex 5.884316921234131 -7.668591022491455 64.0
vertex 6.9263715744018555 -7.298872470855713 68.0
vertex 5.914421081542969 -8.1405029296875 68.0
endloop
endfacet
facet normal 0.6559240818023682 -0.7479380965232849 -0.10174556076526642
outer loop
vertex 5.884316921234131 -7.668591022491455 64.0
vertex 6.834927558898926 -6.834927558898926 64.0
vertex 6.9263715744018555 -7.298872470855713 68.0
endloop
endfacet
facet normal 0.7309953570365906 -0.6757251620292664 -0.09508605301380157
outer loop
vertex 6.834927558898926 -6.834927558898926 64.0
vertex 7.819809436798096 -6.332356929779053 68.0
vertex 6.9263715744018555 -7.298872470855713 68.0
endloop
endfacet
facet normal 0.7479380965232849 -0.6559240818023682 -0.10174556076526642
outer loop
vertex 6.834927558898926 -6.834927558898926 64.0
vertex 7.668591022491455 -5.884316921234131 64.0
vertex 7.819809436798096 -6.332356929779053 68.0
endloop
endfacet
facet normal 0.8129413723945618 -0.5745301842689514 -0.09508605301380157
outer loop
vertex 7.668591022491455 -5.884316921234131 64.0
vertex 8.579448699951172 -5.257492542266846 68.0
vertex 7.819809436798096 -6.332356929779053 68.0
endloop
endfacet
facet normal 0.8271546363830566 -0.5526870489120483 -0.10174556076526642
outer loop
vertex 7.668591022491455 -5.884316921234131 64.0
vertex 8.371042251586914 -4.833023548126221 64.0
vertex 8.579448699951172 -5.257492542266846 68.0
endloop
endfacet
facet normal 0.8809778094291687 -0.4635048508644104 -0.09508605301380157
outer loop
vertex 8.371042251586914 -4.833023548126221 64.0
vertex 9.192290306091309 -4.0926713943481445 68.0
vertex 8.579448699951172 -5.257492542266846 68.0
endloop
endfacet
facet normal 0.8922183513641357 -0.43999341130256653 -0.10174556076526642
outer loop
vertex 8.371042251586914 -4.833023548126221 64.0
vertex 8.93026351928711 -3.699036121368408 64.0
vertex 9.192290306091309 -4.0926713943481445 68.0
endloop
endfacet
facet normal 0.9339404702186584 -0.3445488214492798 -0.09508605301380157
outer loop
vertex 8.93026351928711 -3.699036121368408 64.0
vertex 9.647850036621094 -2.857823371887207 68.0
vertex 9.192290306091309 -4.0926713943481445 68.0
endloop
endfacet
facet normal 0.9420160055160522 -0.31977134943008423 -0.10174556076526642
outer loop
vertex 8.93026351928711 -3.699036121368408 64.0
vertex 9.336685180664062 -2.5017571449279785 64.0
vertex 9.647850036621094 -2.857823371887207 68.0
endloop
endfacet
facet normal 0.970923125743866 -0.21969746053218842 -0.09508605301380157
outer loop
vertex 9.336685180664062 -2.5017571449279785 64.0
vertex 9.938331604003906 -1.5740771293640137 68.0
vertex 9.647850036621094 -2.857823371887207 68.0
endloop
endfacet
facet normal 0.9756954312324524 -0.19407789409160614 -0.10174556076526642
outer loop
vertex 9.336685180664062 -2.5017571449279785 64.0
vertex 9.583353042602539 -1.2616723775863647 64.0
vertex 9.938331604003906 -1.5740771293640137 68.0
endloop
endfacet
facet normal 0.9912930130958557 -0.09108702838420868 -0.09508605301380157
outer loop
vertex 9.583353042602539 -1.2616723775863647 64.0
vertex 10.05876636505127 -0.26339808106422424 68.0
vertex 9.938331604003906 -1.5740771293640137 68.0
endloop
endfacet
facet normal 0.9926804900169373 -0.0650637149810791 -0.10174556076526642
outer loop
vertex 9.583353042602539 -1.2616723775863647 64.0
vertex 9.666047096252441 -2.3674988039484217e-15 64.0
vertex 10.05876636505127 -0.26339808106422424 68.0
endloop
endfacet
facet normal 0.9947015643119812 0.03908193111419678 -0.09508605301380157
outer loop
vertex 9.666047096252441 -2.3674988039484217e-15 64.0
vertex 10.007092475891113 1.0517878532409668 68.0
vertex 10.05876636505127 -0.26339808106422424 68.0
endloop
endfacet
facet normal 0.9926804900169373 0.0650637149810791 -0.10174556076526642
outer loop
vertex 9.666047096252441 -2.3674988039484217e-15 64.0
vertex 9.583353042602539 1.2616723775863647 64.0
vertex 10.007092475891113 1.0517878532409668 68.0
endloop
endfacet
facet normal 0.9810905456542969 0.16858218610286713 -0.09508605301380157
outer loop
vertex 9.583353042602539 1.2616723775863647 64.0
vertex 9.784194946289062 2.3489773273468018 68.0
vertex 10.007092475891113 1.0517878532409668 68.0
endloop
endfacet
facet normal 0.9756954312324524 0.19407789409160614 -0.10174556076526642
outer loop
vertex 9.583353042602539 1.2616723775863647 64.0
vertex 9.336685180664062 2.5017571449279785 64.0
vertex 9.784194946289062 2.3489773273468018 68.0
endloop
endfacet
facet normal 0.9506928324699402 0.2951979637145996 -0.09508605301380157
outer loop
vertex 9.336685180664062 2.5017571449279785 64.0
vertex 9.39388656616211 3.6059751510620117 68.0
vertex 9.784194946289062 2.3489773273468018 68.0
endloop
endfacet
facet normal 0.9420160055160522 0.31977134943008423 -0.10174556076526642
outer loop
vertex 9.336685180664062 2.5017571449279785 64.0
vertex 8.93026351928711 3.699036121368408 64.0
vertex 9.39388656616211 3.6059751510620117 68.0
endloop
endfacet
facet normal 0.9040284156799316 0.4167628288269043 -0.09508605301380157
outer loop
vertex 8.93026351928711 3.699036121368408 64.0
vertex 8.842845916748047 4.801273822784424 68.0
vertex 9.39388656616211 3.6059751510620117 68.0
endloop
endfacet
facet normal 0.8922183513641357 0.43999341130256653 -0.10174556076526642
outer loop
vertex 8.93026351928711 3.699036121368408 64.0
vertex 8.371042251586914 4.833023548126221 64.0
vertex 8.842845916748047 4.801273822784424 68.0
endloop
endfacet
facet normal 0.8418958783149719 0.5311967134475708 -0.09508605301380157
outer loop
vertex 8.371042251586914 4.833023548126221 64.0
vertex 8.1405029296875 5.914421081542969 68.0
vertex 8.842845916748047 4.801273822784424 68.0
endloop
endfacet
facet normal 0.8271546363830566 0.5526870489120483 -0.10174556076526642
outer loop
vertex 8.371042251586914 4.833023548126221 64.0
vertex 7.668591022491455 5.884316921234131 64.0
vertex 8.1405029296875 5.914421081542969 68.0
endloop
endfacet
facet normal 0.7653582692146301 0.6365417242050171 -0.09508605301380157
outer loop
vertex 7.668591022491455 5.884316921234131 64.0
vertex 7.298872470855713 6.9263715744018555 68.0
vertex 8.1405029296875 5.914421081542969 68.0
endloop
endfacet
facet normal 0.7479380965232849 0.6559240818023682 -0.10174556076526642
outer loop
vertex 7.668591022491455 5.884316921234131 64.0
vertex 6.834927558898926 6.834927558898926 64.0
vertex 7.298872470855713 6.9263715744018555 68.0
endloop
endfacet
facet normal 0.6757251620292664 0.7309953570365906 -0.09508605301380157
outer loop
vertex 6.834927558898926 6.834927558898926 64.0
vertex 6.332356929779053 7.819809436798096 68.0
vertex 7.298872470855713 6.9263715744018555 68.0
endloop
endfacet
facet normal 0.6559240818023682 0.7479380965232849 -0.10174556076526642
outer loop
vertex 6.834927558898926 6.834927558898926 64.0
vertex 5.884316921234131 7.668591022491455 64.0
vertex 6.332356929779053 7.819809436798096 68.0
endloop
endfacet
facet normal 0.5745301842689514 0.8129413723945618 -0.09508605301380157
outer loop
vertex 5.884316921234131 7.668591022491455 64.0
vertex 5.257492542266846 8.579448699951172 68.0
vertex 6.332356929779053 7.819809436798096 68.0
endloop
endfacet
facet normal 0.5526870489120483 0.8271546363830566 -0.10174556076526642
outer loop
vertex 5.884316921234131 7.668591022491455 64.0
vertex 4.833023548126221 8.371042251586914 64.0
vertex 5.257492542266846 8.579448699951172 68.0
endloop
endfacet
facet normal 0.4635048508644104 0.8809778094291687 -0.09508605301380157
outer loop
vertex 4.833023548126221 8.371042251586914 64.0
vertex 4.0926713943481445 9.192290306091309 68.0
vertex 5.257492542266846 8.579448699951172 68.0
endloop
endfacet
facet normal 0.43999341130256653 0.8922183513641357 -0.10174556076526642
outer loop
vertex 4.833023548126221 8.371042251586914 64.0
vertex 3.699036121368408 8.93026351928711 64.0
vertex 4.0926713943481445 9.192290306091309 68.0
endloop
endfacet
facet normal 0.3445488214492798 0.9339404702186584 -0.09508605301380157
outer loop
vertex 3.699036121368408 8.93026351928711 64.0
vertex 2.857823371887207 9.647850036621094 68.0
vertex 4.0926713943481445 9.192290306091309 68.0
endloop
endfacet
facet normal 0.31977134943008423 0.9420160055160522 -0.10174556076526642
outer loop
vertex 3.699036121368408 8.93026351928711 64.0
vertex 2.5017571449279785 9.336685180664062 64.0
vertex 2.857823371887207 9.647850036621094 68.0
endloop
endfacet
facet normal 0.21969746053218842 0.970923125743866 -0.09508605301380157
outer loop
vertex 2.5017571449279785 9.336685180664062 64.0
vertex 1.5740771293640137 9.938331604003906 68.0
vertex 2.857823371887207 9.647850036621094 68.0
endloop
endfacet
facet normal 0.19407789409160614 0.9756954312324524 -0.10174556076526642
outer loop
vertex 2.5017571449279785 9.336685180664062 64.0
vertex 1.2616723775863647 9.583353042602539 64.0
vertex 1.5740771293640137 9.938331604003906 68.0
endloop
endfacet
facet normal 0.09108702838420868 0.9912930130958557 -0.09508605301380157
outer loop
vertex 1.2616723775863647 9.583353042602539 64.0
vertex 0.26339808106422424 10.05876636505127 68.0
vertex 1.5740771293640137 9.938331604003906 68.0
endloop
endfacet
facet normal 0.0650637149810791 0.9926804900169373 -0.10174556076526642
outer loop
vertex 1.2616723775863647 9.583353042602539 64.0
vertex 5.918747009871054e-16 9.666047096252441 64.0
vertex 0.26339808106422424 10.05876636505127 68.0
endloop
endfacet
facet normal -0.03908193111419678 0.9947015643119812 -0.09508605301380157
outer loop
vertex 5.918747009871054e-16 9.666047096252441 64.0
vertex -1.0517878532409668 10.007092475891113 68.0
vertex 0.26339808106422424 10.05876636505127 68.0
endloop
endfacet
facet normal -0.16756369173526764 0.9751632809638977 -0.14484122395515442
outer loop
vertex -1.0517878532409668 10.007092475891113 68.0
vertex -2.3489773273468018 9.784194946289062 68.0
vertex -2.2110178470611572 10.402021408081055 72.0
endloop
endfacet
facet normal -0.26884475350379944 0.9532515406608582 -0.1379636526107788
outer loop
vertex -2.3489773273468018 9.784194946289062 68.0
vertex -3.5498385429382324 10.024435043334961 72.0
vertex -2.2110178470611572 10.402021408081055 72.0
endloop
endfacet
facet normal -0.29341450333595276 0.9449491500854492 -0.14484122395515442
outer loop
vertex -2.3489773273468018 9.784194946289062 68.0
vertex -3.6059751510620117 9.39388656616211 68.0
vertex -3.5498385429382324 10.024435043334961 72.0
endloop
endfacet
facet normal -0.39096903800964355 0.9100050926208496 -0.1379636526107788
outer loop
vertex -3.6059751510620117 9.39388656616211 68.0
vertex -4.827920436859131 9.475327491760254 72.0
vertex -3.5498385429382324 10.024435043334961 72.0
endloop
endfacet
facet normal -0.4142449200153351 0.898566722869873 -0.14484122395515442
outer loop
vertex -3.6059751510620117 9.39388656616211 68.0
vertex -4.801273822784424 8.842845916748047 68.0
vertex -4.827920436859131 9.475327491760254 72.0
endloop
endfacet
facet normal -0.5064037442207336 0.8511881828308105 -0.1379636526107788
outer loop
vertex -4.801273822784424 8.842845916748047 68.0
vertex -6.023395538330078 8.764094352722168 72.0
vertex -4.827920436859131 9.475327491760254 72.0
endloop
endfacet
facet normal -0.5279874801635742 0.836809515953064 -0.14484122395515442
outer loop
vertex -4.801273822784424 8.842845916748047 68.0
vertex -5.914421081542969 8.1405029296875 68.0
vertex -6.023395538330078 8.764094352722168 72.0
endloop
endfacet
facet normal -0.6131737232208252 0.7778071761131287 -0.1379636526107788
outer loop
vertex -5.914421081542969 8.1405029296875 68.0
vertex -7.115808486938477 7.9029059410095215 72.0
vertex -6.023395538330078 8.764094352722168 72.0
endloop
endfacet
facet normal -0.6326960325241089 0.7607343196868896 -0.14484122395515442
outer loop
vertex -5.914421081542969 8.1405029296875 68.0
vertex -6.9263715744018555 7.298872470855713 68.0
vertex -7.115808486938477 7.9029059410095215 72.0
endloop
endfacet
facet normal -0.7094521522521973 0.6911177039146423 -0.1379636526107788
outer loop
vertex -6.9263715744018555 7.298872470855713 68.0
vertex -8.086467742919922 6.906496047973633 72.0
vertex -7.115808486938477 7.9029059410095215 72.0
endloop
endfacet
facet normal -0.7265790104866028 0.6716427206993103 -0.14484122395515442
outer loop
vertex -6.9263715744018555 7.298872470855713 68.0
vertex -7.819809436798096 6.332356929779053 68.0
vertex -8.086467742919922 6.906496047973633 72.0
endloop
endfacet
facet normal -0.7935916781425476 0.5926029682159424 -0.1379636526107788
outer loop
vertex -7.819809436798096 6.332356929779053 68.0
vertex -8.918766021728516 5.791913986206055 72.0
vertex -8.086467742919922 6.906496047973633 72.0
endloop
endfacet
facet normal -0.8080300092697144 0.5710591673851013 -0.14484122395515442
outer loop
vertex -7.819809436798096 6.332356929779053 68.0
vertex -8.579448699951172 5.257492542266846 68.0
vertex -8.918766021728516 5.791913986206055 72.0
endloop
endfacet
facet normal -0.8641526103019714 0.4839487075805664 -0.1379636526107788
outer loop
vertex -8.579448699951172 5.257492542266846 68.0
vertex -9.598461151123047 4.578230857849121 72.0
vertex -8.918766021728516 5.791913986206055 72.0
endloop
endfacet
facet normal -0.8756553530693054 0.4607045650482178 -0.14484122395515442
outer loop
vertex -8.579448699951172 5.257492542266846 68.0
vertex -9.192290306091309 4.0926713943481445 68.0
vertex -9.598461151123047 4.578230857849121 72.0
endloop
endfacet
facet normal -0.9199275970458984 0.3670139014720917 -0.1379636526107788
outer loop
vertex -9.192290306091309 4.0926713943481445 68.0
vertex -10.113924026489258 3.286212921142578 72.0
vertex -9.598461151123047 4.578230857849121 72.0
endloop
endfacet
facet normal -0.9282979965209961 0.34246721863746643 -0.14484122395515442
outer loop
vertex -9.192290306091309 4.0926713943481445 68.0
vertex -9.647850036621094 2.857823371887207 68.0
vertex -10.113924026489258 3.286212921142578 72.0
endloop
endfacet
facet normal -0.9599624276161194 0.24379940330982208 -0.1379636526107788
outer loop
vertex -9.647850036621094 2.857823371887207 68.0
vertex -10.456335067749023 1.93796706199646 72.0
vertex -10.113924026489258 3.286212921142578 72.0
endloop
endfacet
facet normal -0.9650572538375854 0.21837015450000763 -0.14484122395515442
outer loop
vertex -9.647850036621094 2.857823371887207 68.0
vertex -9.938331604003906 1.5740771293640137 68.0
vertex -10.456335067749023 1.93796706199646 72.0
endloop
endfacet
facet normal -0.9835720062255859 0.1164134219288826 -0.1379636526107788
outer loop
vertex -9.938331604003906 1.5740771293640137 68.0
vertex -10.619834899902344 0.5565619468688965 72.0
vertex -10.456335067749023 1.93796706199646 72.0
endloop
endfacet
facet normal -0.985304057598114 0.09053672850131989 -0.14484122395515442
outer loop
vertex -9.938331604003906 1.5740771293640137 68.0
vertex -10.05876636505127 0.26339808106422424 68.0
vertex -10.619834899902344 0.5565619468688965 72.0
endloop
endfacet
facet normal -0.9903524518013 -0.01296442374587059 -0.1379636526107788
outer loop
vertex -10.05876636505127 0.26339808106422424 68.0
vertex -10.6016263961792 -0.8343660831451416 72.0
vertex -10.619834899902344 0.5565619468688965 72.0
endloop
endfacet
facet normal -0.9886921048164368 -0.03884581848978996 -0.14484122395515442
outer loop
vertex -10.05876636505127 0.26339808106422424 68.0
vertex -10.007092475891113 -1.0517878532409668 68.0
vertex -10.6016263961792 -0.8343660831451416 72.0
endloop
endfacet
facet normal -0.9801876544952393 -0.14212045073509216 -0.1379636526107788
outer loop
vertex -10.007092475891113 -1.0517878532409668 68.0
vertex -10.402021408081055 -2.2110178470611572 72.0
vertex -10.6016263961792 -0.8343660831451416 72.0
endloop
endfacet
facet normal -0.9751632809638977 -0.16756369173526764 -0.14484122395515442
outer loop
vertex -10.007092475891113 -1.0517878532409668 68.0
vertex -9.784194946289062 -2.3489773273468018 68.0
vertex -10.402021408081055 -2.2110178470611572 72.0
endloop
endfacet
facet normal -0.9532515406608582 -0.26884475350379944 -0.1379636526107788
outer loop
vertex -9.784194946289062 -2.3489773273468018 68.0
vertex -10.024435043334961 -3.5498385429382324 72.0
vertex -10.402021408081055 -2.2110178470611572 72.0
endloop
endfacet
facet normal -0.9449491500854492 -0.29341450333595276 -0.14484122395515442
outer loop
vertex -9.784194946289062 -2.3489773273468018 68.0
vertex -9.39388656616211 -3.6059751510620117 68.0
vertex -10.024435043334961 -3.5498385429382324 72.0
endloop
endfacet
facet normal -0.9100050926208496 -0.39096903800964355 -0.1379636526107788
outer loop
vertex -9.39388656616211 -3.6059751510620117 68.0
vertex -9.475327491760254 -4.827920436859131 72.0
vertex -10.024435043334961 -3.5498385429382324 72.0
endloop
endfacet
facet normal -0.898566722869873 -0.4142449200153351 -0.14484122395515442
outer loop
vertex -9.39388656616211 -3.6059751510620117 68.0
vertex -8.842845916748047 -4.801273822784424 68.0
vertex -9.475327491760254 -4.827920436859131 72.0
endloop
endfacet
facet normal -0.8511881828308105 -0.5064037442207336 -0.1379636526107788
outer loop
vertex -8.842845916748047 -4.801273822784424 68.0
vertex -8.764094352722168 -6.023395538330078 72.0
vertex -9.475327491760254 -4.827920436859131 72.0
endloop
endfacet
facet normal -0.836809515953064 -0.5279874801635742 -0.14484122395515442
outer loop
vertex -8.842845916748047 -4.801273822784424 68.0
vertex -8.1405029296875 -5.914421081542969 68.0
vertex -8.764094352722168 -6.023395538330078 72.0
endloop
endfacet
facet normal -0.7778071761131287 -0.6131737232208252 -0.1379636526107788
outer loop
vertex -8.1405029296875 -5.914421081542969 68.0
vertex -7.9029059410095215 -7.115808486938477 72.0
vertex -8.764094352722168 -6.023395538330078 72.0
endloop
endfacet
facet normal -0.7607343196868896 -0.6326960325241089 -0.14484122395515442
outer loop
vertex -8.1405029296875 -5.914421081542969 68.0
vertex -7.298872470855713 -6.9263715744018555 68.0
vertex -7.9029059410095215 -7.115808486938477 72.0
endloop
endfacet
facet normal -0.6911177039146423 -0.7094521522521973 -0.1379636526107788
outer loop
vertex -7.298872470855713 -6.9263715744018555 68.0
vertex -6.906496047973633 -8.086467742919922 72.0
vertex -7.9029059410095215 -7.115808486938477 72.0
endloop
endfacet
facet normal -0.6716427206993103 -0.7265790104866028 -0.14484122395515442
outer loop
vertex -7.298872470855713 -6.9263715744018555 68.0
vertex -6.332356929779053 -7.819809436798096 68.0
vertex -6.906496047973633 -8.086467742919922 72.0
endloop
endfacet
facet normal -0.5926029682159424 -0.7935916781425476 -0.1379636526107788
outer loop
vertex -6.332356929779053 -7.819809436798096 68.0
vertex -5.791913986206055 -8.918766021728516 72.0
vertex -6.906496047973633 -8.086467742919922 72.0
endloop
endfacet
facet normal -0.5710591673851013 -0.8080300092697144 -0.14484122395515442
outer loop
vertex -6.332356929779053 -7.819809436798096 68.0
vertex -5.257492542266846 -8.579448699951172 68.0
vertex -5.791913986206055 -8.918766021728516 72.0
endloop
endfacet
facet normal -0.4839487075805664 -0.8641526103019714 -0.1379636526107788
outer loop
vertex -5.257492542266846 -8.579448699951172 68.0
vertex -4.578230857849121 -9.598461151123047 72.0
vertex -5.791913986206055 -8.918766021728516 72.0
endloop
endfacet
facet normal -0.4607045650482178 -0.8756553530693054 -0.14484122395515442
outer loop
vertex -5.257492542266846 -8.579448699951172 68.0
vertex -4.0926713943481445 -9.192290306091309 68.0
vertex -4.578230857849121 -9.598461151123047 72.0
endloop
endfacet
facet normal -0.3670139014720917 -0.9199275970458984 -0.1379636526107788
outer loop
vertex -4.0926713943481445 -9.192290306091309 68.0
vertex -3.286212921142578 -10.113924026489258 72.0
vertex -4.578230857849121 -9.598461151123047 72.0
endloop
endfacet
facet normal -0.34246721863746643 -0.9282979965209961 -0.14484122395515442
outer loop
vertex -4.0926713943481445 -9.192290306091309 68.0
vertex -2.857823371887207 -9.647850036621094 68.0
vertex -3.286212921142578 -10.113924026489258 72.0
endloop
endfacet
facet normal -0.24379940330982208 -0.9599624276161194 -0.1379636526107788
outer loop
vertex -2.857823371887207 -9.647850036621094 68.0
vertex -1.93796706199646 -10.456335067749023 72.0
vertex -3.286212921142578 -10.113924026489258 72.0
endloop
endfacet
facet normal -0.21837015450000763 -0.9650572538375854 -0.14484122395515442
outer loop
vertex -2.857823371887207 -9.647850036621094 68.0
vertex -1.5740771293640137 -9.938331604003906 68.0
vertex -1.93796706199646 -10.456335067749023 72.0
endloop
endfacet
facet normal -0.1164134219288826 -0.9835720062255859 -0.1379636526107788
outer loop
vertex -1.5740771293640137 -9.938331604003906 68.0
vertex -0.5565619468688965 -10.619834899902344 72.0
vertex -1.93796706199646 -10.456335067749023 72.0
endloop
endfacet
facet normal -0.09053672850131989 -0.985304057598114 -0.14484122395515442
outer loop
vertex -1.5740771293640137 -9.938331604003906 68.0
vertex -0.26339808106422424 -10.05876636505127 68.0
vertex -0.5565619468688965 -10.619834899902344 72.0
endloop
endfacet
facet normal 0.01296442374587059 -0.9903524518013 -0.1379636526107788
outer loop
vertex -0.26339808106422424 -10.05876636505127 68.0
vertex 0.8343660831451416 -10.6016263961792 72.0
vertex -0.5565619468688965 -10.619834899902344 72.0
endloop
endfacet
facet normal 0.03884581848978996 -0.9886921048164368 -0.14484122395515442
outer loop
vertex -0.26339808106422424 -10.05876636505127 68.0
vertex 1.0517878532409668 -10.007092475891113 68.0
vertex 0.8343660831451416 -10.6016263961792 72.0
endloop
endfacet
facet normal 0.14212045073509216 -0.9801876544952393 -0.1379636526107788
outer loop
vertex 1.0517878532409668 -10.007092475891113 68.0
vertex 2.2110178470611572 -10.402021408081055 72.0
vertex 0.8343660831451416 -10.6016263961792 72.0
endloop
endfacet
facet normal 0.16756369173526764 -0.9751632809638977 -0.14484122395515442
outer loop
vertex 1.0517878532409668 -10.007092475891113 68.0
vertex 2.3489773273468018 -9.784194946289062 68.0
vertex 2.2110178470611572 -10.402021408081055 72.0
endloop
endfacet
facet normal 0.26884475350379944 -0.9532515406608582 -0.1379636526107788
outer loop
vertex 2.3489773273468018 -9.784194946289062 68.0
vertex 3.5498385429382324 -10.024435043334961 72.0
vertex 2.2110178470611572 -10.402021408081055 72.0
endloop
endfacet
facet normal 0.29341450333595276 -0.9449491500854492 -0.14484122395515442
outer loop
vertex 2.3489773273468018 -9.784194946289062 68.0
vertex 3.6059751510620117 -9.39388656616211 68.0
vertex 3.5498385429382324 -10.024435043334961 72.0
endloop
endfacet
facet normal 0.39096903800964355 -0.9100050926208496 -0.1379636526107788
outer loop
vertex 3.6059751510620117 -9.39388656616211 68.0
vertex 4.827920436859131 -9.475327491760254 72.0
vertex 3.5498385429382324 -10.024435043334961 72.0
endloop
endfacet
facet normal 0.4142449200153351 -0.898566722869873 -0.14484122395515442
outer loop
vertex 3.6059751510620117 -9.39388656616211 68.0
vertex 4.801273822784424 -8.842845916748047 68.0
vertex 4.827920436859131 -9.475327491760254 72.0
endloop
endfacet
facet normal 0.5064037442207336 -0.8511881828308105 -0.1379636526107788
outer loop
vertex 4.801273822784424 -8.842845916748047 68.0
vertex 6.023395538330078 -8.764094352722168 72.0
vertex 4.827920436859131 -9.475327491760254 72.0
endloop
endfacet
facet normal 0.5279874801635742 -0.836809515953064 -0.14484122395515442
outer loop
vertex 4.801273822784424 -8.842845916748047 68.0
vertex 5.914421081542969 -8.1405029296875 68.0
vertex 6.023395538330078 -8.764094352722168 72.0
endloop
endfacet
facet normal 0.6131737232208252 -0.7778071761131287 -0.1379636526107788
outer loop
vertex 5.914421081542969 -8.1405029296875 68.0
vertex 7.115808486938477 -7.9029059410095215 72.0
vertex 6.023395538330078 -8.764094352722168 72.0
endloop
endfacet
facet normal 0.6326960325241089 -0.7607343196868896 -0.14484122395515442
outer loop
vertex 5.914421081542969 -8.1405029296875 68.0
vertex 6.9263715744018555 -7.298872470855713 68.0
vertex 7.115808486938477 -7.9029059410095215 72.0
endloop
endfacet
facet normal 0.7094521522521973 -0.6911177039146423 -0.1379636526107788
outer loop
vertex 6.9263715744018555 -7.298872470855713 68.0
vertex 8.086467742919922 -6.906496047973633 72.0
vertex 7.115808486938477 -7.9029059410095215 72.0
endloop
endfacet
facet normal 0.7265790104866028 -0.6716427206993103 -0.14484122395515442
outer loop
vertex 6.9263715744018555 -7.298872470855713 68.0
vertex 7.819809436798096 -6.332356929779053 68.0
vertex 8.086467742919922 -6.906496047973633 72.0
endloop
endfacet
facet normal 0.7935916781425476 -0.5926029682159424 -0.1379636526107788
outer loop
vertex 7.819809436798096 -6.332356929779053 68.0
vertex 8.918766021728516 -5.791913986206055 72.0
vertex 8.086467742919922 -6.906496047973633 72.0
endloop
endfacet
facet normal 0.8080300092697144 -0.5710591673851013 -0.14484122395515442
outer loop
vertex 7.819809436798096 -6.332356929779053 68.0
vertex 8.579448699951172 -5.257492542266846 68.0
vertex 8.918766021728516 -5.791913986206055 72.0
endloop
endfacet
facet normal 0.8641526103019714 -0.4839487075805664 -0.1379636526107788
outer loop
vertex 8.579448699951172 -5.257492542266846 68.0
vertex 9.598461151123047 -4.578230857849121 72.0
vertex 8.918766021728516 -5.791913986206055 72.0
endloop
endfacet
facet normal 0.8756553530693054 -0.4607045650482178 -0.14484122395515442
outer loop
vertex 8.579448699951172 -5.257492542266846 68.0
vertex 9.192290306091309 -4.0926713943481445 68.0
vertex 9.598461151123047 -4.578230857849121 72.0
endloop
endfacet
facet normal 0.9199275970458984 -0.3670139014720917 -0.1379636526107788
outer loop
vertex 9.192290306091309 -4.0926713943481445 68.0
vertex 10.113924026489258 -3.286212921142578 72.0
vertex 9.598461151123047 -4.578230857849121 72.0
endloop
endfacet
facet normal 0.9282979965209961 -0.34246721863746643 -0.14484122395515442
outer loop
vertex 9.192290306091309 -4.0926713943481445 68.0
vertex 9.647850036621094 -2.857823371887207 68.0
vertex 10.113924026489258 -3.286212921142578 72.0
endloop
endfacet
facet normal 0.9599624276161194 -0.24379940330982208 -0.1379636526107788
outer loop
vertex 9.647850036621094 -2.857823371887207 68.0
vertex 10.456335067749023 -1.93796706199646 72.0
vertex 10.113924026489258 -3.286212921142578 72.0
endloop
endfacet
facet normal 0.9650572538375854 -0.21837015450000763 -0.14484122395515442
outer loop
vertex 9.647850036621094 -2.857823371887207 68.0
vertex 9.938331604003906 -1.5740771293640137 68.0
vertex 10.456335067749023 -1.93796706199646 72.0
endloop
endfacet
facet normal 0.9835720062255859 -0.1164134219288826 -0.1379636526107788
outer loop
vertex 9.938331604003906 -1.5740771293640137 68.0
vertex 10.619834899902344 -0.5565619468688965 72.0
vertex 10.456335067749023 -1.93796706199646 72.0
endloop
endfacet
facet normal 0.985304057598114 -0.09053672850131989 -0.14484122395515442
outer loop
vertex 9.938331604003906 -1.5740771293640137 68.0
vertex 10.05876636505127 -0.26339808106422424 68.0
vertex 10.619834899902344 -0.5565619468688965 72.0
endloop
endfacet
facet normal 0.9903524518013 0.01296442374587059 -0.1379636526107788
outer loop
vertex 10.05876636505127 -0.26339808106422424 68.0
vertex 10.6016263961792 0.8343660831451416 72.0
vertex 10.619834899902344 -0.5565619468688965 72.0
endloop
endfacet
facet normal 0.9886921048164368 0.03884581848978996 -0.14484122395515442
outer loop
vertex 10.05876636505127 -0.26339808106422424 68.0
vertex 10.007092475891113 1.0517878532409668 68.0
vertex 10.6016263961792 0.8343660831451416 72.0
endloop
endfacet
facet normal 0.9801876544952393 0.14212045073509216 -0.1379636526107788
outer loop
vertex 10.007092475891113 1.0517878532409668 68.0
vertex 10.402021408081055 2.2110178470611572 72.0
vertex 10.6016263961792 0.8343660831451416 72.0
endloop
endfacet
facet normal 0.9751632809638977 0.16756369173526764 -0.14484122395515442
outer loop
vertex 10.007092475891113 1.0517878532409668 68.0
vertex 9.784194946289062 2.3489773273468018 68.0
vertex 10.402021408081055 2.2110178470611572 72.0
endloop
endfacet
facet normal 0.9532515406608582 0.26884475350379944 -0.1379636526107788
outer loop
vertex 9.784194946289062 2.3489773273468018 68.0
vertex 10.024435043334961 3.5498385429382324 72.0
vertex 10.402021408081055 2.2110178470611572 72.0
endloop
endfacet
facet normal 0.9449491500854492 0.29341450333595276 -0.14484122395515442
outer loop
vertex 9.784194946289062 2.3489773273468018 68.0
vertex 9.39388656616211 3.6059751510620117 68.0
vertex 10.024435043334961 3.5498385429382324 72.0
endloop
endfacet
facet normal 0.9100050926208496 0.39096903800964355 -0.1379636526107788
outer loop
vertex 9.39388656616211 3.6059751510620117 68.0
vertex 9.475327491760254 4.827920436859131 72.0
vertex 10.024435043334961 3.5498385429382324 72.0
endloop
endfacet
facet normal 0.898566722869873 0.4142449200153351 -0.14484122395515442
outer loop
vertex 9.39388656616211 3.6059751510620117 68.0
vertex 8.842845916748047 4.801273822784424 68.0
vertex 9.475327491760254 4.827920436859131 72.0
endloop
endfacet
facet normal 0.8511881828308105 0.5064037442207336 -0.1379636526107788
outer loop
vertex 8.842845916748047 4.801273822784424 68.0
vertex 8.764094352722168 6.023395538330078 72.0
vertex 9.475327491760254 4.827920436859131 72.0
endloop
endfacet
facet normal 0.836809515953064 0.5279874801635742 -0.14484122395515442
outer loop
vertex 8.842845916748047 4.801273822784424 68.0
vertex 8.1405029296875 5.914421081542969 68.0
vertex 8.764094352722168 6.023395538330078 72.0
endloop
endfacet
facet normal 0.7778071761131287 0.6131737232208252 -0.1379636526107788
outer loop
vertex 8.1405029296875 5.914421081542969 68.0
vertex 7.9029059410095215 7.115808486938477 72.0
vertex 8.764094352722168 6.023395538330078 72.0
endloop
endfacet
facet normal 0.7607343196868896 0.6326960325241089 -0.14484122395515442
outer loop
vertex 8.1405029296875 5.914421081542969 68.0
vertex 7.298872470855713 6.9263715744018555 68.0
vertex 7.9029059410095215 7.115808486938477 72.0
endloop
endfacet
facet normal 0.6911177039146423 0.7094521522521973 -0.1379636526107788
outer loop
vertex 7.298872470855713 6.9263715744018555 68.0
vertex 6.906496047973633 8.086467742919922 72.0
vertex 7.9029059410095215 7.115808486938477 72.0
endloop
endfacet
facet normal 0.6716427206993103 0.7265790104866028 -0.14484122395515442
outer loop
vertex 7.298872470855713 6.9263715744018555 68.0
vertex 6.332356929779053 7.819809436798096 68.0
vertex 6.906496047973633 8.086467742919922 72.0
endloop
endfacet
facet normal 0.5926029682159424 0.7935916781425476 -0.1379636526107788
outer loop
vertex 6.332356929779053 7.819809436798096 68.0
vertex 5.791913986206055 8.918766021728516 72.0
vertex 6.906496047973633 8.086467742919922 72.0
endloop
endfacet
facet normal 0.5710591673851013 0.8080300092697144 -0.14484122395515442
outer loop
vertex 6.332356929779053 7.819809436798096 68.0
vertex 5.257492542266846 8.579448699951172 68.0
vertex 5.791913986206055 8.918766021728516 72.0
endloop
endfacet
facet normal 0.4839487075805664 0.8641526103019714 -0.1379636526107788
outer loop
vertex 5.257492542266846 8.579448699951172 68.0
vertex 4.578230857849121 9.598461151123047 72.0
vertex 5.791913986206055 8.918766021728516 72.0
endloop
endfacet
facet normal 0.4607045650482178 0.8756553530693054 -0.14484122395515442
outer loop
vertex 5.257492542266846 8.579448699951172 68.0
vertex 4.0926713943481445 9.192290306091309 68.0
vertex 4.578230857849121 9.598461151123047 72.0
endloop
endfacet
facet normal 0.3670139014720917 0.9199275970458984 -0.1379636526107788
outer loop
vertex 4.0926713943481445 9.192290306091309 68.0
vertex 3.286212921142578 10.113924026489258 72.0
vertex 4.578230857849121 9.598461151123047 72.0
endloop
endfacet
facet normal 0.34246721863746643 0.9282979965209961 -0.14484122395515442
outer loop
vertex 4.0926713943481445 9.192290306091309 68.0
vertex 2.857823371887207 9.647850036621094 68.0
vertex 3.286212921142578 10.113924026489258 72.0
endloop
endfacet
facet normal 0.24379940330982208 0.9599624276161194 -0.1379636526107788
outer loop
vertex 2.857823371887207 9.647850036621094 68.0
vertex 1.93796706199646 10.456335067749023 72.0
vertex 3.286212921142578 10.113924026489258 72.0
endloop
endfacet
facet normal 0.21837015450000763 0.9650572538375854 -0.14484122395515442
outer loop
vertex 2.857823371887207 9.647850036621094 68.0
vertex 1.5740771293640137 9.938331604003906 68.0
vertex 1.93796706199646 10.456335067749023 72.0
endloop
endfacet
facet normal 0.1164134219288826 0.9835720062255859 -0.1379636526107788
outer loop
vertex 1.5740771293640137 9.938331604003906 68.0
vertex 0.5565619468688965 10.619834899902344 72.0
vertex 1.93796706199646 10.456335067749023 72.0
endloop
endfacet
facet normal 0.09053672850131989 0.985304057598114 -0.14484122395515442
outer loop
vertex 1.5740771293640137 9.938331604003906 68.0
vertex 0.26339808106422424 10.05876636505127 68.0
vertex 0.5565619468688965 10.619834899902344 72.0
endloop
endfacet
facet normal -0.01296442374587059 0.9903524518013 -0.1379636526107788
outer loop
vertex 0.26339808106422424 10.05876636505127 68.0
vertex -0.8343660831451416 10.6016263961792 72.0
vertex 0.5565619468688965 10.619834899902344 72.0
endloop
endfacet
facet normal -0.03884581848978996 0.9886921048164368 -0.14484122395515442
outer loop
vertex 0.26339808106422424 10.05876636505127 68.0
vertex -1.0517878532409668 10.007092475891113 68.0
vertex -0.8343660831451416 10.6016263961792 72.0
endloop
endfacet
facet normal -0.14212045073509216 0.9801876544952393 -0.1379636526107788
outer loop
vertex -1.0517878532409668 10.007092475891113 68.0
vertex -2.2110178470611572 10.402021408081055 72.0
vertex -0.8343660831451416 10.6016263961792 72.0
endloop
endfacet
facet normal -0.2672106921672821 0.9474576711654663 -0.17584767937660217
outer loop
vertex -2.2110178470611572 10.402021408081055 72.0
vertex -3.5498385429382324 10.024435043334961 72.0
vertex -3.5026776790618896 10.780133247375488 76.0
endloop
endfacet
facet normal -0.36524924635887146 0.9155044555664062 -0.16865503787994385
outer loop
vertex -3.5498385429382324 10.024435043334961 72.0
vertex -4.8798017501831055 10.230716705322266 76.0
vertex -3.5026776790618896 10.780133247375488 76.0
endloop
endfacet
facet normal -0.3885927200317383 0.9044740200042725 -0.17584767937660217
outer loop
vertex -3.5498385429382324 10.024435043334961 72.0
vertex -4.827920436859131 9.475327491760254 72.0
vertex -4.8798017501831055 10.230716705322266 76.0
endloop
endfacet
facet normal -0.48162180185317993 0.8599976301193237 -0.16865503787994385
outer loop
vertex -4.827920436859131 9.475327491760254 72.0
vertex -6.173430919647217 9.50624942779541 76.0
vertex -4.8798017501831055 10.230716705322266 76.0
endloop
endfacet
facet normal -0.5033258199691772 0.8460146188735962 -0.17584767937660217
outer loop
vertex -4.827920436859131 9.475327491760254 72.0
vertex -6.023395538330078 8.764094352722168 72.0
vertex -6.173430919647217 9.50624942779541 76.0
endloop
endfacet
facet normal -0.5897536873817444 0.7897759675979614 -0.16865503787994385
outer loop
vertex -6.023395538330078 8.764094352722168 72.0
vertex -7.361430644989014 8.619128227233887 76.0
vertex -6.173430919647217 9.50624942779541 76.0
endloop
endfacet
facet normal -0.6094468235969543 0.7730796337127686 -0.17584767937660217
outer loop
vertex -6.023395538330078 8.764094352722168 72.0
vertex -7.115808486938477 7.9029059410095215 72.0
vertex -7.361430644989014 8.619128227233887 76.0
endloop
endfacet
facet normal -0.6877946853637695 0.7060410380363464 -0.16865503787994385
outer loop
vertex -7.115808486938477 7.9029059410095215 72.0
vertex -8.423474311828613 7.584530830383301 76.0
vertex -7.361430644989014 8.619128227233887 76.0
endloop
endfacet
facet normal -0.7051401138305664 0.6869170665740967 -0.17584767937660217
outer loop
vertex -7.115808486938477 7.9029059410095215 72.0
vertex -8.086467742919922 6.906496047973633 72.0
vertex -8.423474311828613 7.584530830383301 76.0
endloop
endfacet
facet normal -0.7740674018859863 0.6102254986763 -0.16865503787994385
outer loop
vertex -8.086467742919922 6.906496047973633 72.0
vertex -9.341390609741211 6.420159816741943 76.0
vertex -8.423474311828613 7.584530830383301 76.0
endloop
endfacet
facet normal -0.7887681722640991 0.5890011191368103 -0.17584767937660217
outer loop
vertex -8.086467742919922 6.906496047973633 72.0
vertex -8.918766021728516 5.791913986206055 72.0
vertex -9.341390609741211 6.420159816741943 76.0
endloop
endfacet
facet normal -0.8470955491065979 0.5039688944816589 -0.16865503787994385
outer loop
vertex -8.918766021728516 5.791913986206055 72.0
vertex -10.099472999572754 5.145938396453857 76.0
vertex -9.341390609741211 6.420159816741943 76.0
endloop
endfacet
facet normal -0.858900249004364 0.48100724816322327 -0.17584767937660217
outer loop
vertex -8.918766021728516 5.791913986206055 72.0
vertex -9.598461151123047 4.578230857849121 72.0
vertex -10.099472999572754 5.145938396453857 76.0
endloop
endfacet
facet normal -0.9056296348571777 0.3890891969203949 -0.16865503787994385
outer loop
vertex -9.598461151123047 4.578230857849121 72.0
vertex -10.6847505569458 3.7836685180664062 76.0
vertex -10.099472999572754 5.145938396453857 76.0
endloop
endfacet
facet normal -0.9143362641334534 0.3647831976413727 -0.17584767937660217
outer loop
vertex -9.598461151123047 4.578230857849121 72.0
vertex -10.113924026489258 3.286212921142578 72.0
vertex -10.6847505569458 3.7836685180664062 76.0
endloop
endfacet
facet normal -0.9486681818962097 0.26755210757255554 -0.16865503787994385
outer loop
vertex -10.113924026489258 3.286212921142578 72.0
vertex -11.08720874786377 2.356658935546875 76.0
vertex -10.6847505569458 3.7836685180664062 76.0
endloop
endfacet
facet normal -0.9541277885437012 0.2423175871372223 -0.17584767937660217
outer loop
vertex -10.113924026489258 3.286212921142578 72.0
vertex -10.456335067749023 1.93796706199646 72.0
vertex -11.08720874786377 2.356658935546875 76.0
endloop
endfacet
facet normal -0.9754747748374939 0.1414371132850647 -0.16865503787994385
outer loop
vertex -10.456335067749023 1.93796706199646 72.0
vertex -11.299962043762207 0.889326274394989 76.0
vertex -11.08720874786377 2.356658935546875 76.0
endloop
endfacet
facet normal -0.9775938391685486 0.11570585519075394 -0.17584767937660217
outer loop
vertex -10.456335067749023 1.93796706199646 72.0
vertex -10.619834899902344 0.5565619468688965 72.0
vertex -11.299962043762207 0.889326274394989 76.0
endloop
endfacet
facet normal -0.9855906963348389 0.012902089394629002 -0.16865503787994385
outer loop
vertex -10.619834899902344 0.5565619468688965 72.0
vertex -11.319369316101074 -0.5932230353355408 76.0
vertex -11.299962043762207 0.889326274394989 76.0
endloop
endfacet
facet normal -0.9843330383300781 -0.01288562547415495 -0.17584767937660217
outer loop
vertex -10.619834899902344 0.5565619468688965 72.0
vertex -10.6016263961792 -0.8343660831451416 72.0
vertex -11.319369316101074 -0.5932230353355408 76.0
endloop
endfacet
facet normal -0.9788429141044617 -0.1158536896109581 -0.16865503787994385
outer loop
vertex -10.6016263961792 -0.8343660831451416 72.0
vertex -11.145099639892578 -2.065622091293335 76.0
vertex -11.319369316101074 -0.5932230353355408 76.0
endloop
endfacet
facet normal -0.9742300510406494 -0.14125663042068481 -0.17584767937660217
outer loop
vertex -10.6016263961792 -0.8343660831451416 72.0
vertex -10.402021408081055 -2.2110178470611572 72.0
vertex -11.145099639892578 -2.065622091293335 76.0
endloop
endfacet
facet normal -0.9553468227386475 -0.24262718856334686 -0.16865503787994385
outer loop
vertex -10.402021408081055 -2.2110178470611572 72.0
vertex -10.780133247375488 -3.5026776790618896 76.0
vertex -11.145099639892578 -2.065622091293335 76.0
endloop
endfacet
facet normal -0.9474576711654663 -0.2672106921672821 -0.17584767937660217
outer loop
vertex -10.402021408081055 -2.2110178470611572 72.0
vertex -10.024435043334961 -3.5498385429382324 72.0
vertex -10.780133247375488 -3.5026776790618896 76.0
endloop
endfacet
facet normal -0.9155044555664062 -0.36524924635887146 -0.16865503787994385
outer loop
vertex -10.024435043334961 -3.5498385429382324 72.0
vertex -10.230716705322266 -4.8798017501831055 76.0
vertex -10.780133247375488 -3.5026776790618896 76.0
endloop
endfacet
facet normal -0.9044740200042725 -0.3885927200317383 -0.17584767937660217
outer loop
vertex -10.024435043334961 -3.5498385429382324 72.0
vertex -9.475327491760254 -4.827920436859131 72.0
vertex -10.230716705322266 -4.8798017501831055 76.0
endloop
endfacet
facet normal -0.8599976301193237 -0.48162180185317993 -0.16865503787994385
outer loop
vertex -9.475327491760254 -4.827920436859131 72.0
vertex -9.50624942779541 -6.173430919647217 76.0
vertex -10.230716705322266 -4.8798017501831055 76.0
endloop
endfacet
facet normal -0.8460146188735962 -0.5033258199691772 -0.17584767937660217
outer loop
vertex -9.475327491760254 -4.827920436859131 72.0
vertex -8.764094352722168 -6.023395538330078 72.0
vertex -9.50624942779541 -6.173430919647217 76.0
endloop
endfacet
facet normal -0.7897759675979614 -0.5897536873817444 -0.16865503787994385
outer loop
vertex -8.764094352722168 -6.023395538330078 72.0
vertex -8.619128227233887 -7.361430644989014 76.0
vertex -9.50624942779541 -6.173430919647217 76.0
endloop
endfacet
facet normal -0.7730796337127686 -0.6094468235969543 -0.17584767937660217
outer loop
vertex -8.764094352722168 -6.023395538330078 72.0
vertex -7.9029059410095215 -7.115808486938477 72.0
vertex -8.619128227233887 -7.361430644989014 76.0
endloop
endfacet
facet normal -0.7060410380363464 -0.6877946853637695 -0.16865503787994385
outer loop
vertex -7.9029059410095215 -7.115808486938477 72.0
vertex -7.584530830383301 -8.423474311828613 76.0
vertex -8.619128227233887 -7.361430644989014 76.0
endloop
endfacet
facet normal -0.6869170665740967 -0.7051401138305664 -0.17584767937660217
outer loop
vertex -7.9029059410095215 -7.115808486938477 72.0
vertex -6.906496047973633 -8.086467742919922 72.0
vertex -7.584530830383301 -8.423474311828613 76.0
endloop
endfacet
facet normal -0.6102254986763 -0.7740674018859863 -0.16865503787994385
outer loop
vertex -6.906496047973633 -8.086467742919922 72.0
vertex -6.420159816741943 -9.341390609741211 76.0
vertex -7.584530830383301 -8.423474311828613 76.0
endloop
endfacet
facet normal -0.5890011191368103 -0.7887681722640991 -0.17584767937660217
outer loop
vertex -6.906496047973633 -8.086467742919922 72.0
vertex -5.791913986206055 -8.918766021728516 72.0
vertex -6.420159816741943 -9.341390609741211 76.0
endloop
endfacet
facet normal -0.5039688944816589 -0.8470955491065979 -0.16865503787994385
outer loop
vertex -5.791913986206055 -8.918766021728516 72.0
vertex -5.145938396453857 -10.099472999572754 76.0
vertex -6.420159816741943 -9.341390609741211 76.0
endloop
endfacet
facet normal -0.48100724816322327 -0.858900249004364 -0.17584767937660217
outer loop
vertex -5.791913986206055 -8.918766021728516 72.0
vertex -4.578230857849121 -9.598461151123047 72.0
vertex -5.145938396453857 -10.099472999572754 76.0
endloop
endfacet
facet normal -0.3890891969203949 -0.9056296348571777 -0.16865503787994385
outer loop
vertex -4.578230857849121 -9.598461151123047 72.0
vertex -3.7836685180664062 -10.6847505569458 76.0
vertex -5.145938396453857 -10.099472999572754 76.0
endloop
endfacet
facet normal -0.3647831976413727 -0.9143362641334534 -0.17584767937660217
outer loop
vertex -4.578230857849121 -9.598461151123047 72.0
vertex -3.286212921142578 -10.113924026489258 72.0
vertex -3.7836685180664062 -10.6847505569458 76.0
endloop
endfacet
facet normal -0.26755210757255554 -0.9486681818962097 -0.16865503787994385
outer loop
vertex -3.286212921142578 -10.113924026489258 72.0
vertex -2.356658935546875 -11.08720874786377 76.0
vertex -3.7836685180664062 -10.6847505569458 76.0
endloop
endfacet
facet normal -0.2423175871372223 -0.9541277885437012 -0.17584767937660217
outer loop
vertex -3.286212921142578 -10.113924026489258 72.0
vertex -1.93796706199646 -10.456335067749023 72.0
vertex -2.356658935546875 -11.08720874786377 76.0
endloop
endfacet
facet normal -0.1414371132850647 -0.9754747748374939 -0.16865503787994385
outer loop
vertex -1.93796706199646 -10.456335067749023 72.0
vertex -0.889326274394989 -11.299962043762207 76.0
vertex -2.356658935546875 -11.08720874786377 76.0
endloop
endfacet
facet normal -0.11570585519075394 -0.9775938391685486 -0.17584767937660217
outer loop
vertex -1.93796706199646 -10.456335067749023 72.0
vertex -0.5565619468688965 -10.619834899902344 72.0
vertex -0.889326274394989 -11.299962043762207 76.0
endloop
endfacet
facet normal -0.012902089394629002 -0.9855906963348389 -0.16865503787994385
outer loop
vertex -0.5565619468688965 -10.619834899902344 72.0
vertex 0.5932230353355408 -11.319369316101074 76.0
vertex -0.889326274394989 -11.299962043762207 76.0
endloop
endfacet
facet normal 0.01288562547415495 -0.9843330383300781 -0.17584767937660217
outer loop
vertex -0.5565619468688965 -10.619834899902344 72.0
vertex 0.8343660831451416 -10.6016263961792 72.0
vertex 0.5932230353355408 -11.319369316101074 76.0
endloop
endfacet
facet normal 0.1158536896109581 -0.9788429141044617 -0.16865503787994385
outer loop
vertex 0.8343660831451416 -10.6016263961792 72.0
vertex 2.065622091293335 -11.145099639892578 76.0
vertex 0.5932230353355408 -11.319369316101074 76.0
endloop
endfacet
facet normal 0.14125663042068481 -0.9742300510406494 -0.17584767937660217
outer loop
vertex 0.8343660831451416 -10.6016263961792 72.0
vertex 2.2110178470611572 -10.402021408081055 72.0
vertex 2.065622091293335 -11.145099639892578 76.0
endloop
endfacet
facet normal 0.24262718856334686 -0.9553468227386475 -0.16865503787994385
outer loop
vertex 2.2110178470611572 -10.402021408081055 72.0
vertex 3.5026776790618896 -10.780133247375488 76.0
vertex 2.065622091293335 -11.145099639892578 76.0
endloop
endfacet
facet normal 0.2672106921672821 -0.9474576711654663 -0.17584767937660217
outer loop
vertex 2.2110178470611572 -10.402021408081055 72.0
vertex 3.5498385429382324 -10.024435043334961 72.0
vertex 3.5026776790618896 -10.780133247375488 76.0
endloop
endfacet
facet normal 0.36524924635887146 -0.9155044555664062 -0.16865503787994385
outer loop
vertex 3.5498385429382324 -10.024435043334961 72.0
vertex 4.8798017501831055 -10.230716705322266 76.0
vertex 3.5026776790618896 -10.780133247375488 76.0
endloop
endfacet
facet normal 0.3885927200317383 -0.9044740200042725 -0.17584767937660217
outer loop
vertex 3.5498385429382324 -10.024435043334961 72.0
vertex 4.827920436859131 -9.475327491760254 72.0
vertex 4.8798017501831055 -10.230716705322266 76.0
endloop
endfacet
facet normal 0.48162180185317993 -0.8599976301193237 -0.16865503787994385
outer loop
vertex 4.827920436859131 -9.475327491760254 72.0
vertex 6.173430919647217 -9.50624942779541 76.0
vertex 4.8798017501831055 -10.230716705322266 76.0
endloop
endfacet
facet normal 0.5033258199691772 -0.8460146188735962 -0.17584767937660217
outer loop
vertex 4.827920436859131 -9.475327491760254 72.0
vertex 6.023395538330078 -8.764094352722168 72.0
vertex 6.173430919647217 -9.50624942779541 76.0
endloop
endfacet
facet normal 0.5897536873817444 -0.7897759675979614 -0.16865503787994385
outer loop
vertex 6.023395538330078 -8.764094352722168 72.0
vertex 7.361430644989014 -8.619128227233887 76.0
vertex 6.173430919647217 -9.50624942779541 76.0
endloop
endfacet
facet normal 0.6094468235969543 -0.7730796337127686 -0.17584767937660217
outer loop
vertex 6.023395538330078 -8.764094352722168 72.0
vertex 7.115808486938477 -7.9029059410095215 72.0
vertex 7.361430644989014 -8.619128227233887 76.0
endloop
endfacet
facet normal 0.6877946853637695 -0.7060410380363464 -0.16865503787994385
outer loop
vertex 7.115808486938477 -7.9029059410095215 72.0
vertex 8.423474311828613 -7.584530830383301 76.0
vertex 7.361430644989014 -8.619128227233887 76.0
endloop
endfacet
facet normal 0.7051401138305664 -0.6869170665740967 -0.17584767937660217
outer loop
vertex 7.115808486938477 -7.9029059410095215 72.0
vertex 8.086467742919922 -6.906496047973633 72.0
vertex 8.423474311828613 -7.584530830383301 76.0
endloop
endfacet
facet normal 0.7740674018859863 -0.6102254986763 -0.16865503787994385
outer loop
vertex 8.086467742919922 -6.906496047973633 72.0
vertex 9.341390609741211 -6.420159816741943 76.0
vertex 8.423474311828613 -7.584530830383301 76.0
endloop
endfacet
facet normal 0.7887681722640991 -0.5890011191368103 -0.17584767937660217
outer loop
vertex 8.086467742919922 -6.906496047973633 72.0
vertex 8.918766021728516 -5.791913986206055 72.0
vertex 9.341390609741211 -6.420159816741943 76.0
endloop
endfacet
facet normal 0.8470955491065979 -0.5039688944816589 -0.16865503787994385
outer loop
vertex 8.918766021728516 -5.791913986206055 72.0
vertex 10.099472999572754 -5.145938396453857 76.0
vertex 9.341390609741211 -6.420159816741943 76.0
endloop
endfacet
facet normal 0.858900249004364 -0.48100724816322327 -0.17584767937660217
outer loop
vertex 8.918766021728516 -5.791913986206055 72.0
vertex 9.598461151123047 -4.578230857849121 72.0
vertex 10.099472999572754 -5.145938396453857 76.0
endloop
endfacet
facet normal 0.9056296348571777 -0.3890891969203949 -0.16865503787994385
outer loop
vertex 9.598461151123047 -4.578230857849121 72.0
vertex 10.6847505569458 -3.7836685180664062 76.0
vertex 10.099472999572754 -5.145938396453857 76.0
endloop
endfacet
facet normal 0.9143362641334534 -0.3647831976413727 -0.17584767937660217
outer loop
vertex 9.598461151123047 -4.578230857849121 72.0
vertex 10.113924026489258 -3.286212921142578 72.0
vertex 10.6847505569458 -3.7836685180664062 76.0
endloop
endfacet
facet normal 0.9486681818962097 -0.26755210757255554 -0.16865503787994385
outer loop
vertex 10.113924026489258 -3.286212921142578 72.0
vertex 11.08720874786377 -2.356658935546875 76.0
vertex 10.6847505569458 -3.7836685180664062 76.0
endloop
endfacet
facet normal 0.9541277885437012 -0.2423175871372223 -0.17584767937660217
outer loop
vertex 10.113924026489258 -3.286212921142578 72.0
vertex 10.456335067749023 -1.93796706199646 72.0
vertex 11.08720874786377 -2.356658935546875 76.0
endloop
endfacet
facet normal 0.9754747748374939 -0.1414371132850647 -0.16865503787994385
outer loop
vertex 10.456335067749023 -1.93796706199646 72.0
vertex 11.299962043762207 -0.889326274394989 76.0
vertex 11.08720874786377 -2.356658935546875 76.0
endloop
endfacet
facet normal 0.9775938391685486 -0.11570585519075394 -0.17584767937660217
outer loop
vertex 10.456335067749023 -1.93796706199646 72.0
vertex 10.619834899902344 -0.5565619468688965 72.0
vertex 11.299962043762207 -0.889326274394989 76.0
endloop
endfacet
facet normal 0.9855906963348389 -0.012902089394629002 -0.16865503787994385
outer loop
vertex 10.619834899902344 -0.5565619468688965 72.0
vertex 11.319369316101074 0.5932230353355408 76.0
vertex 11.299962043762207 -0.889326274394989 76.0
endloop
endfacet
facet normal 0.9843330383300781 0.01288562547415495 -0.17584767937660217
outer loop
vertex 10.619834899902344 -0.5565619468688965 72.0
vertex 10.6016263961792 0.8343660831451416 72.0
vertex 11.319369316101074 0.5932230353355408 76.0
endloop
endfacet
facet normal 0.9788429141044617 0.1158536896109581 -0.16865503787994385
outer loop
vertex 10.6016263961792 0.8343660831451416 72.0
vertex 11.145099639892578 2.065622091293335 76.0
vertex 11.319369316101074 0.5932230353355408 76.0
endloop
endfacet
facet normal 0.9742300510406494 0.14125663042068481 -0.17584767937660217
outer loop
vertex 10.6016263961792 0.8343660831451416 72.0
vertex 10.402021408081055 2.2110178470611572 72.0
vertex 11.145099639892578 2.065622091293335 76.0
endloop
endfacet
facet normal 0.9553468227386475 0.24262718856334686 -0.16865503787994385
outer loop
vertex 10.402021408081055 2.2110178470611572 72.0
vertex 10.780133247375488 3.5026776790618896 76.0
vertex 11.145099639892578 2.065622091293335 76.0
endloop
endfacet
facet normal 0.9474576711654663 0.2672106921672821 -0.17584767937660217
outer loop
vertex 10.402021408081055 2.2110178470611572 72.0
vertex 10.024435043334961 3.5498385429382324 72.0
vertex 10.780133247375488 3.5026776790618896 76.0
endloop
endfacet
facet normal 0.9155044555664062 0.36524924635887146 -0.16865503787994385
outer loop
vertex 10.024435043334961 3.5498385429382324 72.0
vertex 10.230716705322266 4.8798017501831055 76.0
vertex 10.780133247375488 3.5026776790618896 76.0
endloop
endfacet
facet normal 0.9044740200042725 0.3885927200317383 -0.17584767937660217
outer loop
vertex 10.024435043334961 3.5498385429382324 72.0
vertex 9.475327491760254 4.827920436859131 72.0
vertex 10.230716705322266 4.8798017501831055 76.0
endloop
endfacet
facet normal 0.8599976301193237 0.48162180185317993 -0.16865503787994385
outer loop
vertex 9.475327491760254 4.827920436859131 72.0
vertex 9.50624942779541 6.173430919647217 76.0
vertex 10.230716705322266 4.8798017501831055 76.0
endloop
endfacet
facet normal 0.8460146188735962 0.5033258199691772 -0.17584767937660217
outer loop
vertex 9.475327491760254 4.827920436859131 72.0
vertex 8.764094352722168 6.023395538330078 72.0
vertex 9.50624942779541 6.173430919647217 76.0
endloop
endfacet
facet normal 0.7897759675979614 0.5897536873817444 -0.16865503787994385
outer loop
vertex 8.764094352722168 6.023395538330078 72.0
vertex 8.619128227233887 7.361430644989014 76.0
vertex 9.50624942779541 6.173430919647217 76.0
endloop
endfacet
facet normal 0.7730796337127686 0.6094468235969543 -0.17584767937660217
outer loop
vertex 8.764094352722168 6.023395538330078 72.0
vertex 7.9029059410095215 7.115808486938477 72.0
vertex 8.619128227233887 7.361430644989014 76.0
endloop
endfacet
facet normal 0.7060410380363464 0.6877946853637695 -0.16865503787994385
outer loop
vertex 7.9029059410095215 7.115808486938477 72.0
vertex 7.584530830383301 8.423474311828613 76.0
vertex 8.619128227233887 7.361430644989014 76.0
endloop
endfacet
facet normal 0.6869170665740967 0.7051401138305664 -0.17584767937660217
outer loop
vertex 7.9029059410095215 7.115808486938477 72.0
vertex 6.906496047973633 8.086467742919922 72.0
vertex 7.584530830383301 8.423474311828613 76.0
endloop
endfacet
facet normal 0.6102254986763 0.7740674018859863 -0.16865503787994385
outer loop
vertex 6.906496047973633 8.086467742919922 72.0
vertex 6.420159816741943 9.341390609741211 76.0
vertex 7.584530830383301 8.423474311828613 76.0
endloop
endfacet
facet normal 0.5890011191368103 0.7887681722640991 -0.17584767937660217
outer loop
vertex 6.906496047973633 8.086467742919922 72.0
vertex 5.791913986206055 8.918766021728516 72.0
vertex 6.420159816741943 9.341390609741211 76.0
endloop
endfacet
facet normal 0.5039688944816589 0.8470955491065979 -0.16865503787994385
outer loop
vertex 5.791913986206055 8.918766021728516 72.0
vertex 5.145938396453857 10.099472999572754 76.0
vertex 6.420159816741943 9.341390609741211 76.0
endloop
endfacet
facet normal 0.48100724816322327 0.858900249004364 -0.17584767937660217
outer loop
vertex 5.791913986206055 8.918766021728516 72.0
vertex 4.578230857849121 9.598461151123047 72.0
vertex 5.145938396453857 10.099472999572754 76.0
endloop
endfacet
facet normal 0.3890891969203949 0.9056296348571777 -0.16865503787994385
outer loop
vertex 4.578230857849121 9.598461151123047 72.0
vertex 3.7836685180664062 10.6847505569458 76.0
vertex 5.145938396453857 10.099472999572754 76.0
endloop
endfacet
facet normal 0.3647831976413727 0.9143362641334534 -0.17584767937660217
outer loop
vertex 4.578230857849121 9.598461151123047 72.0
vertex 3.286212921142578 10.113924026489258 72.0
vertex 3.7836685180664062 10.6847505569458 76.0
endloop
endfacet
facet normal 0.26755210757255554 0.9486681818962097 -0.16865503787994385
outer loop
vertex 3.286212921142578 10.113924026489258 72.0
vertex 2.356658935546875 11.08720874786377 76.0
vertex 3.7836685180664062 10.6847505569458 76.0
endloop
endfacet
facet normal 0.2423175871372223 0.9541277885437012 -0.17584767937660217
outer loop
vertex 3.286212921142578 10.113924026489258 72.0
vertex 1.93796706199646 10.456335067749023 72.0
vertex 2.356658935546875 11.08720874786377 76.0
endloop
endfacet
facet normal 0.1414371132850647 0.9754747748374939 -0.16865503787994385
outer loop
vertex 1.93796706199646 10.456335067749023 72.0
vertex 0.889326274394989 11.299962043762207 76.0
vertex 2.356658935546875 11.08720874786377 76.0
endloop
endfacet
facet normal 0.11570585519075394 0.9775938391685486 -0.17584767937660217
outer loop
vertex 1.93796706199646 10.456335067749023 72.0
vertex 0.5565619468688965 10.619834899902344 72.0
vertex 0.889326274394989 11.299962043762207 76.0
endloop
endfacet
facet normal 0.012902089394629002 0.9855906963348389 -0.16865503787994385
outer loop
vertex 0.5565619468688965 10.619834899902344 72.0
vertex -0.5932230353355408 11.319369316101074 76.0
vertex 0.889326274394989 11.299962043762207 76.0
endloop
endfacet
facet normal -0.01288562547415495 0.9843330383300781 -0.17584767937660217
outer loop
vertex 0.5565619468688965 10.619834899902344 72.0
vertex -0.8343660831451416 10.6016263961792 72.0
vertex -0.5932230353355408 11.319369316101074 76.0
endloop
endfacet
facet normal -0.1158536896109581 0.9788429141044617 -0.16865503787994385
outer loop
vertex -0.8343660831451416 10.6016263961792 72.0
vertex -2.065622091293335 11.145099639892578 76.0
vertex -0.5932230353355408 11.319369316101074 76.0
endloop
endfacet
facet normal -0.14125663042068481 0.9742300510406494 -0.17584767937660217
outer loop
vertex -0.8343660831451416 10.6016263961792 72.0
vertex -2.2110178470611572 10.402021408081055 72.0
vertex -2.065622091293335 11.145099639892578 76.0
endloop
endfacet
facet normal -0.24262718856334686 0.9553468227386475 -0.16865503787994385
outer loop
vertex -2.2110178470611572 10.402021408081055 72.0
vertex -3.5026776790618896 10.780133247375488 76.0
vertex -2.065622091293335 11.145099639892578 76.0
endloop
endfacet
facet normal -0.36322999000549316 0.9104431867599487 -0.19788172841072083
outer loop
vertex -3.5026776790618896 10.780133247375488 76.0
vertex -4.8798017501831055 10.230716705322266 76.0
vertex -4.932690143585205 11.07900333404541 80.0
endloop
endfacet
facet normal -0.4571063220500946 0.8688161969184875 -0.19029507040977478
outer loop
vertex -4.8798017501831055 10.230716705322266 76.0
vertex -6.33659029006958 10.340374946594238 80.0
vertex -4.932690143585205 11.07900333404541 80.0
endloop
endfacet
facet normal -0.47895920276641846 0.8552432060241699 -0.19788172841072083
outer loop
vertex -4.8798017501831055 10.230716705322266 76.0
vertex -6.173430919647217 9.50624942779541 76.0
vertex -6.33659029006958 10.340374946594238 80.0
endloop
endfacet
facet normal -0.5665990114212036 0.8017190098762512 -0.19029507040977478
outer loop
vertex -6.173430919647217 9.50624942779541 76.0
vertex -7.6320695877075195 9.424820899963379 80.0
vertex -6.33659029006958 10.340374946594238 80.0
endloop
endfacet
facet normal -0.5864932537078857 0.7854097485542297 -0.19788172841072083
outer loop
vertex -6.173430919647217 9.50624942779541 76.0
vertex -7.361430644989014 8.619128227233887 76.0
vertex -7.6320695877075195 9.424820899963379 80.0
endloop
endfacet
facet normal -0.666396975517273 0.7209041714668274 -0.19029507040977478
outer loop
vertex -7.361430644989014 8.619128227233887 76.0
vertex -8.796961784362793 8.348005294799805 80.0
vertex -7.6320695877075195 9.424820899963379 80.0
endloop
endfacet
facet normal -0.6839922666549683 0.7021377086639404 -0.19788172841072083
outer loop
vertex -7.361430644989014 8.619128227233887 76.0
vertex -8.423474311828613 7.584530830383301 76.0
vertex -8.796961784362793 8.348005294799805 80.0
endloop
endfacet
facet normal -0.7547927498817444 0.6277545094490051 -0.19029507040977478
outer loop
vertex -8.423474311828613 7.584530830383301 76.0
vertex -9.811336517333984 7.128353118896484 80.0
vertex -8.796961784362793 8.348005294799805 80.0
endloop
endfacet
facet normal -0.7697880268096924 0.6068519353866577 -0.19788172841072083
outer loop
vertex -8.423474311828613 7.584530830383301 76.0
vertex -9.341390609741211 6.420159816741943 76.0
vertex -9.811336517333984 7.128353118896484 80.0
endloop
endfacet
facet normal -0.8302738070487976 0.5238637328147888 -0.19029507040977478
outer loop
vertex -9.341390609741211 6.420159816741943 76.0
vertex -10.657835960388184 5.7867326736450195 80.0
vertex -9.811336517333984 7.128353118896484 80.0
endloop
endfacet
facet normal -0.8424124121665955 0.5011827349662781 -0.19788172841072083
outer loop
vertex -9.341390609741211 6.420159816741943 76.0
vertex -10.099472999572754 5.145938396453857 76.0
vertex -10.657835960388184 5.7867326736450195 80.0
endloop
endfacet
facet normal -0.8915486335754395 0.4110095500946045 -0.19029507040977478
outer loop
vertex -10.099472999572754 5.145938396453857 76.0
vertex -11.321976661682129 4.346099853515625 80.0
vertex -10.657835960388184 5.7867326736450195 80.0
endloop
endfacet
facet normal -0.9006229639053345 0.3869381546974182 -0.19788172841072083
outer loop
vertex -10.099472999572754 5.145938396453857 76.0
vertex -10.6847505569458 3.7836685180664062 76.0
vertex -11.321976661682129 4.346099853515625 80.0
endloop
endfacet
facet normal -0.9375687837600708 0.2911228537559509 -0.19029507040977478
outer loop
vertex -10.6847505569458 3.7836685180664062 76.0
vertex -11.79239559173584 2.831103563308716 80.0
vertex -11.321976661682129 4.346099853515625 80.0
endloop
endfacet
facet normal -0.9434235692024231 0.26607295870780945 -0.19788172841072083
outer loop
vertex -10.6847505569458 3.7836685180664062 76.0
vertex -11.08720874786377 2.356658935546875 76.0
vertex -11.79239559173584 2.831103563308716 80.0
endloop
endfacet
facet normal -0.9675469398498535 0.16625496745109558 -0.19029507040977478
outer loop
vertex -11.08720874786377 2.356658935546875 76.0
vertex -12.061042785644531 1.2676666975021362 80.0
vertex -11.79239559173584 2.831103563308716 80.0
endloop
endfacet
facet normal -0.9700819253921509 0.14065518975257874 -0.19788172841072083
outer loop
vertex -11.08720874786377 2.356658935546875 76.0
vertex -11.299962043762207 0.889326274394989 76.0
vertex -12.061042785644531 1.2676666975021362 80.0
endloop
endfacet
facet normal -0.9809700846672058 0.03854241967201233 -0.19029507040977478
outer loop
vertex -11.299962043762207 0.889326274394989 76.0
vertex -12.123322486877441 -0.31746038794517517 80.0
vertex -12.061042785644531 1.2676666975021362 80.0
endloop
endfacet
facet normal -0.9801419377326965 0.012830760329961777 -0.19788172841072083
outer loop
vertex -11.299962043762207 0.889326274394989 76.0
vertex -11.319369316101074 -0.5932230353355408 76.0
vertex -12.123322486877441 -0.31746038794517517 80.0
endloop
endfacet
facet normal -0.9776085019111633 -0.08982960134744644 -0.19029507040977478
outer loop
vertex -11.319369316101074 -0.5932230353355408 76.0
vertex -11.978169441223145 -1.8971556425094604 80.0
vertex -12.123322486877441 -0.31746038794517517 80.0
endloop
endfacet
facet normal -0.973431408405304 -0.11521320044994354 -0.19788172841072083
outer loop
vertex -11.319369316101074 -0.5932230353355408 76.0
vertex -11.145099639892578 -2.065622091293335 76.0
vertex -11.978169441223145 -1.8971556425094604 80.0
endloop
endfacet
facet normal -0.9575198292732239 -0.2166646122932434 -0.19029507040977478
outer loop
vertex -11.145099639892578 -2.065622091293335 76.0
vertex -11.628066062927246 -3.444390058517456 80.0
vertex -11.978169441223145 -1.8971556425094604 80.0
endloop
endfacet
facet normal -0.9500652551651001 -0.24128583073616028 -0.19788172841072083
outer loop
vertex -11.145099639892578 -2.065622091293335 76.0
vertex -10.780133247375488 -3.5026776790618896 76.0
vertex -11.628066062927246 -3.444390058517456 80.0
endloop
endfacet
facet normal -0.9210476875305176 -0.3397924304008484 -0.19029507040977478
outer loop
vertex -10.780133247375488 -3.5026776790618896 76.0
vertex -11.07900333404541 -4.932690143585205 80.0
vertex -11.628066062927246 -3.444390058517456 80.0
endloop
endfacet
facet normal -0.9104431867599487 -0.36322999000549316 -0.19788172841072083
outer loop
vertex -10.780133247375488 -3.5026776790618896 76.0
vertex -10.230716705322266 -4.8798017501831055 76.0
vertex -11.07900333404541 -4.932690143585205 80.0
endloop
endfacet
facet normal -0.8688161969184875 -0.4571063220500946 -0.19029507040977478
outer loop
vertex -10.230716705322266 -4.8798017501831055 76.0
vertex -10.340374946594238 -6.33659029006958 80.0
vertex -11.07900333404541 -4.932690143585205 80.0
endloop
endfacet
facet normal -0.8552432060241699 -0.47895920276641846 -0.19788172841072083
outer loop
vertex -10.230716705322266 -4.8798017501831055 76.0
vertex -9.50624942779541 -6.173430919647217 76.0
vertex -10.340374946594238 -6.33659029006958 80.0
endloop
endfacet
facet normal -0.8017190098762512 -0.5665990114212036 -0.19029507040977478
outer loop
vertex -9.50624942779541 -6.173430919647217 76.0
vertex -9.424820899963379 -7.6320695877075195 80.0
vertex -10.340374946594238 -6.33659029006958 80.0
endloop
endfacet
facet normal -0.7854097485542297 -0.5864932537078857 -0.19788172841072083
outer loop
vertex -9.50624942779541 -6.173430919647217 76.0
vertex -8.619128227233887 -7.361430644989014 76.0
vertex -9.424820899963379 -7.6320695877075195 80.0
endloop
endfacet
facet normal -0.7209041714668274 -0.666396975517273 -0.19029507040977478
outer loop
vertex -8.619128227233887 -7.361430644989014 76.0
vertex -8.348005294799805 -8.796961784362793 80.0
vertex -9.424820899963379 -7.6320695877075195 80.0
endloop
endfacet
facet normal -0.7021377086639404 -0.6839922666549683 -0.19788172841072083
outer loop
vertex -8.619128227233887 -7.361430644989014 76.0
vertex -7.584530830383301 -8.423474311828613 76.0
vertex -8.348005294799805 -8.796961784362793 80.0
endloop
endfacet
facet normal -0.6277545094490051 -0.7547927498817444 -0.19029507040977478
outer loop
vertex -7.584530830383301 -8.423474311828613 76.0
vertex -7.128353118896484 -9.811336517333984 80.0
vertex -8.348005294799805 -8.796961784362793 80.0
endloop
endfacet
facet normal -0.6068519353866577 -0.7697880268096924 -0.19788172841072083
outer loop
vertex -7.584530830383301 -8.423474311828613 76.0
vertex -6.420159816741943 -9.341390609741211 76.0
vertex -7.128353118896484 -9.811336517333984 80.0
endloop
endfacet
facet normal -0.5238637328147888 -0.8302738070487976 -0.19029507040977478
outer loop
vertex -6.420159816741943 -9.341390609741211 76.0
vertex -5.7867326736450195 -10.657835960388184 80.0
vertex -7.128353118896484 -9.811336517333984 80.0
endloop
endfacet
facet normal -0.5011827349662781 -0.8424124121665955 -0.19788172841072083
outer loop
vertex -6.420159816741943 -9.341390609741211 76.0
vertex -5.145938396453857 -10.099472999572754 76.0
vertex -5.7867326736450195 -10.657835960388184 80.0
endloop
endfacet
facet normal -0.4110095500946045 -0.8915486335754395 -0.19029507040977478
outer loop
vertex -5.145938396453857 -10.099472999572754 76.0
vertex -4.346099853515625 -11.321976661682129 80.0
vertex -5.7867326736450195 -10.657835960388184 80.0
endloop
endfacet
facet normal -0.3869381546974182 -0.9006229639053345 -0.19788172841072083
outer loop
vertex -5.145938396453857 -10.099472999572754 76.0
vertex -3.7836685180664062 -10.6847505569458 76.0
vertex -4.346099853515625 -11.321976661682129 80.0
endloop
endfacet
facet normal -0.2911228537559509 -0.9375687837600708 -0.19029507040977478
outer loop
vertex -3.7836685180664062 -10.6847505569458 76.0
vertex -2.831103563308716 -11.79239559173584 80.0
vertex -4.346099853515625 -11.321976661682129 80.0
endloop
endfacet
facet normal -0.26607295870780945 -0.9434235692024231 -0.19788172841072083
outer loop
vertex -3.7836685180664062 -10.6847505569458 76.0
vertex -2.356658935546875 -11.08720874786377 76.0
vertex -2.831103563308716 -11.79239559173584 80.0
endloop
endfacet
facet normal -0.16625496745109558 -0.9675469398498535 -0.19029507040977478
outer loop
vertex -2.356658935546875 -11.08720874786377 76.0
vertex -1.2676666975021362 -12.061042785644531 80.0
vertex -2.831103563308716 -11.79239559173584 80.0
endloop
endfacet
facet normal -0.14065518975257874 -0.9700819253921509 -0.19788172841072083
outer loop
vertex -2.356658935546875 -11.08720874786377 76.0
vertex -0.889326274394989 -11.299962043762207 76.0
vertex -1.2676666975021362 -12.061042785644531 80.0
endloop
endfacet
facet normal -0.03854241967201233 -0.9809700846672058 -0.19029507040977478
outer loop
vertex -0.889326274394989 -11.299962043762207 76.0
vertex 0.31746038794517517 -12.123322486877441 80.0
vertex -1.2676666975021362 -12.061042785644531 80.0
endloop
endfacet
facet normal -0.012830760329961777 -0.9801419377326965 -0.19788172841072083
outer loop
vertex -0.889326274394989 -11.299962043762207 76.0
vertex 0.5932230353355408 -11.319369316101074 76.0
vertex 0.31746038794517517 -12.123322486877441 80.0
endloop
endfacet
facet normal 0.08982960134744644 -0.9776085019111633 -0.19029507040977478
outer loop
vertex 0.5932230353355408 -11.319369316101074 76.0
vertex 1.8971556425094604 -11.978169441223145 80.0
vertex 0.31746038794517517 -12.123322486877441 80.0
endloop
endfacet
facet normal 0.11521320044994354 -0.973431408405304 -0.19788172841072083
outer loop
vertex 0.5932230353355408 -11.319369316101074 76.0
vertex 2.065622091293335 -11.145099639892578 76.0
vertex 1.8971556425094604 -11.978169441223145 80.0
endloop
endfacet
facet normal 0.2166646122932434 -0.9575198292732239 -0.19029507040977478
outer loop
vertex 2.065622091293335 -11.145099639892578 76.0
vertex 3.444390058517456 -11.628066062927246 80.0
vertex 1.8971556425094604 -11.978169441223145 80.0
endloop
endfacet
facet normal 0.24128583073616028 -0.9500652551651001 -0.19788172841072083
outer loop
vertex 2.065622091293335 -11.145099639892578 76.0
vertex 3.5026776790618896 -10.780133247375488 76.0
vertex 3.444390058517456 -11.628066062927246 80.0
endloop
endfacet
facet normal 0.3397924304008484 -0.9210476875305176 -0.19029507040977478
outer loop
vertex 3.5026776790618896 -10.780133247375488 76.0
vertex 4.932690143585205 -11.07900333404541 80.0
vertex 3.444390058517456 -11.628066062927246 80.0
endloop
endfacet
facet normal 0.36322999000549316 -0.9104431867599487 -0.19788172841072083
outer loop
vertex 3.5026776790618896 -10.780133247375488 76.0
vertex 4.8798017501831055 -10.230716705322266 76.0
vertex 4.932690143585205 -11.07900333404541 80.0
endloop
endfacet
facet normal 0.4571063220500946 -0.8688161969184875 -0.19029507040977478
outer loop
vertex 4.8798017501831055 -10.230716705322266 76.0
vertex 6.33659029006958 -10.340374946594238 80.0
vertex 4.932690143585205 -11.07900333404541 80.0
endloop
endfacet
facet normal 0.47895920276641846 -0.8552432060241699 -0.19788172841072083
outer loop
vertex 4.8798017501831055 -10.230716705322266 76.0
vertex 6.173430919647217 -9.50624942779541 76.0
vertex 6.33659029006958 -10.340374946594238 80.0
endloop
endfacet
facet normal 0.5665990114212036 -0.8017190098762512 -0.19029507040977478
outer loop
vertex 6.173430919647217 -9.50624942779541 76.0
vertex 7.6320695877075195 -9.424820899963379 80.0
vertex 6.33659029006958 -10.340374946594238 80.0
endloop
endfacet
facet normal 0.5864932537078857 -0.7854097485542297 -0.19788172841072083
outer loop
vertex 6.173430919647217 -9.50624942779541 76.0
vertex 7.361430644989014 -8.619128227233887 76.0
vertex 7.6320695877075195 -9.424820899963379 80.0
endloop
endfacet
facet normal 0.666396975517273 -0.7209041714668274 -0.19029507040977478
outer loop
vertex 7.361430644989014 -8.619128227233887 76.0
vertex 8.796961784362793 -8.348005294799805 80.0
vertex 7.6320695877075195 -9.424820899963379 80.0
endloop
endfacet
facet normal 0.6839922666549683 -0.7021377086639404 -0.19788172841072083
outer loop
vertex 7.361430644989014 -8.619128227233887 76.0
vertex 8.423474311828613 -7.584530830383301 76.0
vertex 8.796961784362793 -8.348005294799805 80.0
endloop
endfacet
facet normal 0.7547927498817444 -0.6277545094490051 -0.19029507040977478
outer loop
vertex 8.423474311828613 -7.584530830383301 76.0
vertex 9.811336517333984 -7.128353118896484 80.0
vertex 8.796961784362793 -8.348005294799805 80.0
endloop
endfacet
facet normal 0.7697880268096924 -0.6068519353866577 -0.19788172841072083
outer loop
vertex 8.423474311828613 -7.584530830383301 76.0
vertex 9.341390609741211 -6.420159816741943 76.0
vertex 9.811336517333984 -7.128353118896484 80.0
endloop
endfacet
facet normal 0.8302738070487976 -0.5238637328147888 -0.19029507040977478
outer loop
vertex 9.341390609741211 -6.420159816741943 76.0
vertex 10.657835960388184 -5.7867326736450195 80.0
vertex 9.811336517333984 -7.128353118896484 80.0
endloop
endfacet
facet normal 0.8424124121665955 -0.5011827349662781 -0.19788172841072083
outer loop
vertex 9.341390609741211 -6.420159816741943 76.0
vertex 10.099472999572754 -5.145938396453857 76.0
vertex 10.657835960388184 -5.7867326736450195 80.0
endloop
endfacet
facet normal 0.8915486335754395 -0.4110095500946045 -0.19029507040977478
outer loop
vertex 10.099472999572754 -5.145938396453857 76.0
vertex 11.321976661682129 -4.346099853515625 80.0
vertex 10.657835960388184 -5.7867326736450195 80.0
endloop
endfacet
facet normal 0.9006229639053345 -0.3869381546974182 -0.19788172841072083
outer loop
vertex 10.099472999572754 -5.145938396453857 76.0
vertex 10.6847505569458 -3.7836685180664062 76.0
vertex 11.321976661682129 -4.346099853515625 80.0
endloop
endfacet
facet normal 0.9375687837600708 -0.2911228537559509 -0.19029507040977478
outer loop
vertex 10.6847505569458 -3.7836685180664062 76.0
vertex 11.79239559173584 -2.831103563308716 80.0
vertex 11.321976661682129 -4.346099853515625 80.0
endloop
endfacet
facet normal 0.9434235692024231 -0.26607295870780945 -0.19788172841072083
outer loop
vertex 10.6847505569458 -3.7836685180664062 76.0
vertex 11.08720874786377 -2.356658935546875 76.0
vertex 11.79239559173584 -2.831103563308716 80.0
endloop
endfacet
facet normal 0.9675469398498535 -0.16625496745109558 -0.19029507040977478
outer loop
vertex 11.08720874786377 -2.356658935546875 76.0
vertex 12.061042785644531 -1.2676666975021362 80.0
vertex 11.79239559173584 -2.831103563308716 80.0
endloop
endfacet
facet normal 0.9700819253921509 -0.14065518975257874 -0.19788172841072083
outer loop
vertex 11.08720874786377 -2.356658935546875 76.0
vertex 11.299962043762207 -0.889326274394989 76.0
vertex 12.061042785644531 -1.2676666975021362 80.0
endloop
endfacet
facet normal 0.9809700846672058 -0.03854241967201233 -0.19029507040977478
outer loop
vertex 11.299962043762207 -0.889326274394989 76.0
vertex 12.123322486877441 0.31746038794517517 80.0
vertex 12.061042785644531 -1.2676666975021362 80.0
endloop
endfacet
facet normal 0.9801419377326965 -0.012830760329961777 -0.19788172841072083
outer loop
vertex 11.299962043762207 -0.889326274394989 76.0
vertex 11.319369316101074 0.5932230353355408 76.0
vertex 12.123322486877441 0.31746038794517517 80.0
endloop
endfacet
facet normal 0.9776085019111633 0.08982960134744644 -0.19029507040977478
outer loop
vertex 11.319369316101074 0.5932230353355408 76.0
vertex 11.978169441223145 1.8971556425094604 80.0
vertex 12.123322486877441 0.31746038794517517 80.0
endloop
endfacet
facet normal 0.973431408405304 0.11521320044994354 -0.19788172841072083
outer loop
vertex 11.319369316101074 0.5932230353355408 76.0
vertex 11.145099639892578 2.065622091293335 76.0
vertex 11.978169441223145 1.8971556425094604 80.0
endloop
endfacet
facet normal 0.9575198292732239 0.2166646122932434 -0.19029507040977478
outer loop
vertex 11.145099639892578 2.065622091293335 76.0
vertex 11.628066062927246 3.444390058517456 80.0
vertex 11.978169441223145 1.8971556425094604 80.0
endloop
endfacet
facet normal 0.9500652551651001 0.24128583073616028 -0.19788172841072083
outer loop
vertex 11.145099639892578 2.065622091293335 76.0
vertex 10.780133247375488 3.5026776790618896 76.0
vertex 11.628066062927246 3.444390058517456 80.0
endloop
endfacet
facet normal 0.9210476875305176 0.3397924304008484 -0.19029507040977478
outer loop
vertex 10.780133247375488 3.5026776790618896 76.0
vertex 11.07900333404541 4.932690143585205 80.0
vertex 11.628066062927246 3.444390058517456 80.0
endloop
endfacet
facet normal 0.9104431867599487 0.36322999000549316 -0.19788172841072083
outer loop
vertex 10.780133247375488 3.5026776790618896 76.0
vertex 10.230716705322266 4.8798017501831055 76.0
vertex 11.07900333404541 4.932690143585205 80.0
endloop
endfacet
facet normal 0.8688161969184875 0.4571063220500946 -0.19029507040977478
outer loop
vertex 10.230716705322266 4.8798017501831055 76.0
vertex 10.340374946594238 6.33659029006958 80.0
vertex 11.07900333404541 4.932690143585205 80.0
endloop
endfacet
facet normal 0.8552432060241699 0.47895920276641846 -0.19788172841072083
outer loop
vertex 10.230716705322266 4.8798017501831055 76.0
vertex 9.50624942779541 6.173430919647217 76.0
vertex 10.340374946594238 6.33659029006958 80.0
endloop
endfacet
facet normal 0.8017190098762512 0.5665990114212036 -0.19029507040977478
outer loop
vertex 9.50624942779541 6.173430919647217 76.0
vertex 9.424820899963379 7.6320695877075195 80.0
vertex 10.340374946594238 6.33659029006958 80.0
endloop
endfacet
facet normal 0.7854097485542297 0.5864932537078857 -0.19788172841072083
outer loop
vertex 9.50624942779541 6.173430919647217 76.0
vertex 8.619128227233887 7.361430644989014 76.0
vertex 9.424820899963379 7.6320695877075195 80.0
endloop
endfacet
facet normal 0.7209041714668274 0.666396975517273 -0.19029507040977478
outer loop
vertex 8.619128227233887 7.361430644989014 76.0
vertex 8.348005294799805 8.796961784362793 80.0
vertex 9.424820899963379 7.6320695877075195 80.0
endloop
endfacet
facet normal 0.7021377086639404 0.6839922666549683 -0.19788172841072083
outer loop
vertex 8.619128227233887 7.361430644989014 76.0
vertex 7.584530830383301 8.423474311828613 76.0
vertex 8.348005294799805 8.796961784362793 80.0
endloop
endfacet
facet normal 0.6277545094490051 0.7547927498817444 -0.19029507040977478
outer loop
vertex 7.584530830383301 8.423474311828613 76.0
vertex 7.128353118896484 9.811336517333984 80.0
vertex 8.348005294799805 8.796961784362793 80.0
endloop
endfacet
facet normal 0.6068519353866577 0.7697880268096924 -0.19788172841072083
outer loop
vertex 7.584530830383301 8.423474311828613 76.0
vertex 6.420159816741943 9.341390609741211 76.0
vertex 7.128353118896484 9.811336517333984 80.0
endloop
endfacet
facet normal 0.5238637328147888 0.8302738070487976 -0.19029507040977478
outer loop
vertex 6.420159816741943 9.341390609741211 76.0
vertex 5.7867326736450195 10.657835960388184 80.0
vertex 7.128353118896484 9.811336517333984 80.0
endloop
endfacet
facet normal 0.5011827349662781 0.8424124121665955 -0.19788172841072083
outer loop
vertex 6.420159816741943 9.341390609741211 76.0
vertex 5.145938396453857 10.099472999572754 76.0
vertex 5.7867326736450195 10.657835960388184 80.0
endloop
endfacet
facet normal 0.4110095500946045 0.8915486335754395 -0.19029507040977478
outer loop
vertex 5.145938396453857 10.099472999572754 76.0
vertex 4.346099853515625 11.321976661682129 80.0
vertex 5.7867326736450195 10.657835960388184 80.0
endloop
endfacet
facet normal 0.3869381546974182 0.9006229639053345 -0.19788172841072083
outer loop
vertex 5.145938396453857 10.099472999572754 76.0
vertex 3.7836685180664062 10.6847505569458 76.0
vertex 4.346099853515625 11.321976661682129 80.0
endloop
endfacet
facet normal 0.2911228537559509 0.9375687837600708 -0.19029507040977478
outer loop
vertex 3.7836685180664062 10.6847505569458 76.0
vertex 2.831103563308716 11.79239559173584 80.0
vertex 4.346099853515625 11.321976661682129 80.0
endloop
endfacet
facet normal 0.26607295870780945 0.9434235692024231 -0.19788172841072083
outer loop
vertex 3.7836685180664062 10.6847505569458 76.0
vertex 2.356658935546875 11.08720874786377 76.0
vertex 2.831103563308716 11.79239559173584 80.0
endloop
endfacet
facet normal 0.16625496745109558 0.9675469398498535 -0.19029507040977478
outer loop
vertex 2.356658935546875 11.08720874786377 76.0
vertex 1.2676666975021362 12.061042785644531 80.0
vertex 2.831103563308716 11.79239559173584 80.0
endloop
endfacet
facet normal 0.14065518975257874 0.9700819253921509 -0.19788172841072083
outer loop
vertex 2.356658935546875 11.08720874786377 76.0
vertex 0.889326274394989 11.299962043762207 76.0
vertex 1.2676666975021362 12.061042785644531 80.0
endloop
endfacet
facet normal 0.03854241967201233 0.9809700846672058 -0.19029507040977478
outer loop
vertex 0.889326274394989 11.299962043762207 76.0
vertex -0.31746038794517517 12.123322486877441 80.0
vertex 1.2676666975021362 12.061042785644531 80.0
endloop
endfacet
facet normal 0.012830760329961777 0.9801419377326965 -0.19788172841072083
outer loop
vertex 0.889326274394989 11.299962043762207 76.0
vertex -0.5932230353355408 11.319369316101074 76.0
vertex -0.31746038794517517 12.123322486877441 80.0
endloop
endfacet
facet normal -0.08982960134744644 0.9776085019111633 -0.19029507040977478
outer loop
vertex -0.5932230353355408 11.319369316101074 76.0
vertex -1.8971556425094604 11.978169441223145 80.0
vertex -0.31746038794517517 12.123322486877441 80.0
endloop
endfacet
facet normal -0.11521320044994354 0.973431408405304 -0.19788172841072083
outer loop
vertex -0.5932230353355408 11.319369316101074 76.0
vertex -2.065622091293335 11.145099639892578 76.0
vertex -1.8971556425094604 11.978169441223145 80.0
endloop
endfacet
facet normal -0.2166646122932434 0.9575198292732239 -0.19029507040977478
outer loop
vertex -2.065622091293335 11.145099639892578 76.0
vertex -3.444390058517456 11.628066062927246 80.0
vertex -1.8971556425094604 11.978169441223145 80.0
endloop
endfacet
facet normal -0.24128583073616028 0.9500652551651001 -0.19788172841072083
outer loop
vertex -2.065622091293335 11.145099639892578 76.0
vertex -3.5026776790618896 10.780133247375488 76.0
vertex -3.444390058517456 11.628066062927246 80.0
endloop
endfacet
facet normal -0.3397924304008484 0.9210476875305176 -0.19029507040977478
outer loop
vertex -3.5026776790618896 10.780133247375488 76.0
vertex -4.932690143585205 11.07900333404541 80.0
vertex -3.444390058517456 11.628066062927246 80.0
endloop
endfacet
facet normal -0.4550882875919342 0.8649805784225464 -0.21143151819705963
outer loop
vertex -4.932690143585205 11.07900333404541 80.0
vertex -6.33659029006958 10.340374946594238 80.0
vertex -6.488402843475342 11.238243103027344 84.0
endloop
endfacet
facet normal -0.5439585447311401 0.8140915632247925 -0.2033815234899521
outer loop
vertex -6.33659029006958 10.340374946594238 80.0
vertex -7.899778366088867 10.295191764831543 84.0
vertex -6.488402843475342 11.238243103027344 84.0
endloop
endfacet
facet normal -0.5640975832939148 0.798179566860199 -0.21143151819705963
outer loop
vertex -6.33659029006958 10.340374946594238 80.0
vertex -7.6320695877075195 9.424820899963379 80.0
vertex -7.899778366088867 10.295191764831543 84.0
endloop
endfacet
facet normal -0.6455652117729187 0.7361260056495667 -0.2033815234899521
outer loop
vertex -7.6320695877075195 9.424820899963379 80.0
vertex -9.175987243652344 9.175987243652344 84.0
vertex -7.899778366088867 10.295191764831543 84.0
endloop
endfacet
facet normal -0.6634549498558044 0.7177215218544006 -0.21143151819705963
outer loop
vertex -7.6320695877075195 9.424820899963379 80.0
vertex -8.796961784362793 8.348005294799805 80.0
vertex -9.175987243652344 9.175987243652344 84.0
endloop
endfacet
facet normal -0.7361260056495667 0.6455652117729187 -0.2033815234899521
outer loop
vertex -8.796961784362793 8.348005294799805 80.0
vertex -10.295191764831543 7.899778366088867 84.0
vertex -9.175987243652344 9.175987243652344 84.0
endloop
endfacet
facet normal -0.7514604926109314 0.6249830722808838 -0.21143151819705963
outer loop
vertex -8.796961784362793 8.348005294799805 80.0
vertex -9.811336517333984 7.128353118896484 80.0
vertex -10.295191764831543 7.899778366088867 84.0
endloop
endfacet
facet normal -0.8140915632247925 0.5439585447311401 -0.2033815234899521
outer loop
vertex -9.811336517333984 7.128353118896484 80.0
vertex -11.238243103027344 6.488402843475342 84.0
vertex -10.295191764831543 7.899778366088867 84.0
endloop
endfacet
facet normal -0.8266083002090454 0.5215510129928589 -0.21143151819705963
outer loop
vertex -9.811336517333984 7.128353118896484 80.0
vertex -10.657835960388184 5.7867326736450195 80.0
vertex -11.238243103027344 6.488402843475342 84.0
endloop
endfacet
facet normal -0.8781276941299438 0.4330446720123291 -0.2033815234899521
outer loop
vertex -10.657835960388184 5.7867326736450195 80.0
vertex -11.989005088806152 4.966008186340332 84.0
vertex -11.238243103027344 6.488402843475342 84.0
endloop
endfacet
facet normal -0.8876126408576965 0.4091950058937073 -0.21143151819705963
outer loop
vertex -10.657835960388184 5.7867326736450195 80.0
vertex -11.321976661682129 4.346099853515625 80.0
vertex -11.989005088806152 4.966008186340332 84.0
endloop
endfacet
facet normal -0.9271388649940491 0.3147212266921997 -0.2033815234899521
outer loop
vertex -11.321976661682129 4.346099853515625 80.0
vertex -12.534631729125977 3.3586442470550537 84.0
vertex -11.989005088806152 4.966008186340332 84.0
endloop
endfacet
facet normal -0.9334296584129333 0.2898375988006592 -0.21143151819705963
outer loop
vertex -11.321976661682129 4.346099853515625 80.0
vertex -11.79239559173584 2.831103563308716 80.0
vertex -12.534631729125977 3.3586442470550537 84.0
endloop
endfacet
facet normal -0.9602864384651184 0.19101284444332123 -0.2033815234899521
outer loop
vertex -11.79239559173584 2.831103563308716 80.0
vertex -12.8657865524292 1.6938129663467407 84.0
vertex -12.534631729125977 3.3586442470550537 84.0
endloop
endfacet
facet normal -0.9632754325866699 0.16552098095417023 -0.21143151819705963
outer loop
vertex -11.79239559173584 2.831103563308716 80.0
vertex -12.061042785644531 1.2676666975021362 80.0
vertex -12.8657865524292 1.6938129663467407 84.0
endloop
endfacet
facet normal -0.9770032167434692 0.06403617560863495 -0.2033815234899521
outer loop
vertex -12.061042785644531 1.2676666975021362 80.0
vertex -12.976805686950684 1.5892003569023213e-15 84.0
vertex -12.8657865524292 1.6938129663467407 84.0
endloop
endfacet
facet normal -0.9766392707824707 0.03837226331233978 -0.21143151819705963
outer loop
vertex -12.061042785644531 1.2676666975021362 80.0
vertex -12.123322486877441 -0.31746038794517517 80.0
vertex -12.976805686950684 1.5892003569023213e-15 84.0
endloop
endfacet
facet normal -0.9770032167434692 -0.06403617560863495 -0.2033815234899521
outer loop
vertex -12.123322486877441 -0.31746038794517517 80.0
vertex -12.8657865524292 -1.6938129663467407 84.0
vertex -12.976805686950684 1.5892003569023213e-15 84.0
endloop
endfacet
facet normal -0.9732925891876221 -0.08943302184343338 -0.21143151819705963
outer loop
vertex -12.123322486877441 -0.31746038794517517 80.0
vertex -11.978169441223145 -1.8971556425094604 80.0
vertex -12.8657865524292 -1.6938129663467407 84.0
endloop
endfacet
facet normal -0.9602864384651184 -0.19101284444332123 -0.2033815234899521
outer loop
vertex -11.978169441223145 -1.8971556425094604 80.0
vertex -12.534631729125977 -3.3586442470550537 84.0
vertex -12.8657865524292 -1.6938129663467407 84.0
endloop
endfacet
facet normal -0.9532925486564636 -0.21570809185504913 -0.21143151819705963
outer loop
vertex -11.978169441223145 -1.8971556425094604 80.0
vertex -11.628066062927246 -3.444390058517456 80.0
vertex -12.534631729125977 -3.3586442470550537 84.0
endloop
endfacet
facet normal -0.9271388649940491 -0.3147212266921997 -0.2033815234899521
outer loop
vertex -11.628066062927246 -3.444390058517456 80.0
vertex -11.989005088806152 -4.966008186340332 84.0
vertex -12.534631729125977 -3.3586442470550537 84.0
endloop
endfacet
facet normal -0.9169814586639404 -0.33829233050346375 -0.21143151819705963
outer loop
vertex -11.628066062927246 -3.444390058517456 80.0
vertex -11.07900333404541 -4.932690143585205 80.0
vertex -11.989005088806152 -4.966008186340332 84.0
endloop
endfacet
facet normal -0.8781276941299438 -0.4330446720123291 -0.2033815234899521
outer loop
vertex -11.07900333404541 -4.932690143585205 80.0
vertex -11.238243103027344 -6.488402843475342 84.0
vertex -11.989005088806152 -4.966008186340332 84.0
endloop
endfacet
facet normal -0.8649805784225464 -0.4550882875919342 -0.21143151819705963
outer loop
vertex -11.07900333404541 -4.932690143585205 80.0
vertex -10.340374946594238 -6.33659029006958 80.0
vertex -11.238243103027344 -6.488402843475342 84.0
endloop
endfacet
facet normal -0.8140915632247925 -0.5439585447311401 -0.2033815234899521
outer loop
vertex -10.340374946594238 -6.33659029006958 80.0
vertex -10.295191764831543 -7.899778366088867 84.0
vertex -11.238243103027344 -6.488402843475342 84.0
endloop
endfacet
facet normal -0.798179566860199 -0.5640975832939148 -0.21143151819705963
outer loop
vertex -10.340374946594238 -6.33659029006958 80.0
vertex -9.424820899963379 -7.6320695877075195 80.0
vertex -10.295191764831543 -7.899778366088867 84.0
endloop
endfacet
facet normal -0.7361260056495667 -0.6455652117729187 -0.2033815234899521
outer loop
vertex -9.424820899963379 -7.6320695877075195 80.0
vertex -9.175987243652344 -9.175987243652344 84.0
vertex -10.295191764831543 -7.899778366088867 84.0
endloop
endfacet
facet normal -0.7177215218544006 -0.6634549498558044 -0.21143151819705963
outer loop
vertex -9.424820899963379 -7.6320695877075195 80.0
vertex -8.348005294799805 -8.796961784362793 80.0
vertex -9.175987243652344 -9.175987243652344 84.0
endloop
endfacet
facet normal -0.6455652117729187 -0.7361260056495667 -0.2033815234899521
outer loop
vertex -8.348005294799805 -8.796961784362793 80.0
vertex -7.899778366088867 -10.295191764831543 84.0
vertex -9.175987243652344 -9.175987243652344 84.0
endloop
endfacet
facet normal -0.6249830722808838 -0.7514604926109314 -0.21143151819705963
outer loop
vertex -8.348005294799805 -8.796961784362793 80.0
vertex -7.128353118896484 -9.811336517333984 80.0
vertex -7.899778366088867 -10.295191764831543 84.0
endloop
endfacet
facet normal -0.5439585447311401 -0.8140915632247925 -0.2033815234899521
outer loop
vertex -7.128353118896484 -9.811336517333984 80.0
vertex -6.488402843475342 -11.238243103027344 84.0
vertex -7.899778366088867 -10.295191764831543 84.0
endloop
endfacet
facet normal -0.5215510129928589 -0.8266083002090454 -0.21143151819705963
outer loop
vertex -7.128353118896484 -9.811336517333984 80.0
vertex -5.7867326736450195 -10.657835960388184 80.0
vertex -6.488402843475342 -11.238243103027344 84.0
endloop
endfacet
facet normal -0.4330446720123291 -0.8781276941299438 -0.2033815234899521
outer loop
vertex -5.7867326736450195 -10.657835960388184 80.0
vertex -4.966008186340332 -11.989005088806152 84.0
vertex -6.488402843475342 -11.238243103027344 84.0
endloop
endfacet
facet normal -0.4091950058937073 -0.8876126408576965 -0.21143151819705963
outer loop
vertex -5.7867326736450195 -10.657835960388184 80.0
vertex -4.346099853515625 -11.321976661682129 80.0
vertex -4.966008186340332 -11.989005088806152 84.0
endloop
endfacet
facet normal -0.3147212266921997 -0.9271388649940491 -0.2033815234899521
outer loop
vertex -4.346099853515625 -11.321976661682129 80.0
vertex -3.3586442470550537 -12.534631729125977 84.0
vertex -4.966008186340332 -11.989005088806152 84.0
endloop
endfacet
facet normal -0.2898375988006592 -0.9334296584129333 -0.21143151819705963
outer loop
vertex -4.346099853515625 -11.321976661682129 80.0
vertex -2.831103563308716 -11.79239559173584 80.0
vertex -3.3586442470550537 -12.534631729125977 84.0
endloop
endfacet
facet normal -0.19101284444332123 -0.9602864384651184 -0.2033815234899521
outer loop
vertex -2.831103563308716 -11.79239559173584 80.0
vertex -1.6938129663467407 -12.8657865524292 84.0
vertex -3.3586442470550537 -12.534631729125977 84.0
endloop
endfacet
facet normal -0.16552098095417023 -0.9632754325866699 -0.21143151819705963
outer loop
vertex -2.831103563308716 -11.79239559173584 80.0
vertex -1.2676666975021362 -12.061042785644531 80.0
vertex -1.6938129663467407 -12.8657865524292 84.0
endloop
endfacet
facet normal -0.06403617560863495 -0.9770032167434692 -0.2033815234899521
outer loop
vertex -1.2676666975021362 -12.061042785644531 80.0
vertex -2.3838003765348044e-15 -12.976805686950684 84.0
vertex -1.6938129663467407 -12.8657865524292 84.0
endloop
endfacet
facet normal -0.03837226331233978 -0.9766392707824707 -0.21143151819705963
outer loop
vertex -1.2676666975021362 -12.061042785644531 80.0
vertex 0.31746038794517517 -12.123322486877441 80.0
vertex -2.3838003765348044e-15 -12.976805686950684 84.0
endloop
endfacet
facet normal 0.06403617560863495 -0.9770032167434692 -0.2033815234899521
outer loop
vertex 0.31746038794517517 -12.123322486877441 80.0
vertex 1.6938129663467407 -12.8657865524292 84.0
vertex -2.3838003765348044e-15 -12.976805686950684 84.0
endloop
endfacet
facet normal 0.08943302184343338 -0.9732925891876221 -0.21143151819705963
outer loop
vertex 0.31746038794517517 -12.123322486877441 80.0
vertex 1.8971556425094604 -11.978169441223145 80.0
vertex 1.6938129663467407 -12.8657865524292 84.0
endloop
endfacet
facet normal 0.19101284444332123 -0.9602864384651184 -0.2033815234899521
outer loop
vertex 1.8971556425094604 -11.978169441223145 80.0
vertex 3.3586442470550537 -12.534631729125977 84.0
vertex 1.6938129663467407 -12.8657865524292 84.0
endloop
endfacet
facet normal 0.21570809185504913 -0.9532925486564636 -0.21143151819705963
outer loop
vertex 1.8971556425094604 -11.978169441223145 80.0
vertex 3.444390058517456 -11.628066062927246 80.0
vertex 3.3586442470550537 -12.534631729125977 84.0
endloop
endfacet
facet normal 0.3147212266921997 -0.9271388649940491 -0.2033815234899521
outer loop
vertex 3.444390058517456 -11.628066062927246 80.0
vertex 4.966008186340332 -11.989005088806152 84.0
vertex 3.3586442470550537 -12.534631729125977 84.0
endloop
endfacet
facet normal 0.33829233050346375 -0.9169814586639404 -0.21143151819705963
outer loop
vertex 3.444390058517456 -11.628066062927246 80.0
vertex 4.932690143585205 -11.07900333404541 80.0
vertex 4.966008186340332 -11.989005088806152 84.0
endloop
endfacet
facet normal 0.4330446720123291 -0.8781276941299438 -0.2033815234899521
outer loop
vertex 4.932690143585205 -11.07900333404541 80.0
vertex 6.488402843475342 -11.238243103027344 84.0
vertex 4.966008186340332 -11.989005088806152 84.0
endloop
endfacet
facet normal 0.4550882875919342 -0.8649805784225464 -0.21143151819705963
outer loop
vertex 4.932690143585205 -11.07900333404541 80.0
vertex 6.33659029006958 -10.340374946594238 80.0
vertex 6.488402843475342 -11.238243103027344 84.0
endloop
endfacet
facet normal 0.5439585447311401 -0.8140915632247925 -0.2033815234899521
outer loop
vertex 6.33659029006958 -10.340374946594238 80.0
vertex 7.899778366088867 -10.295191764831543 84.0
vertex 6.488402843475342 -11.238243103027344 84.0
endloop
endfacet
facet normal 0.5640975832939148 -0.798179566860199 -0.21143151819705963
outer loop
vertex 6.33659029006958 -10.340374946594238 80.0
vertex 7.6320695877075195 -9.424820899963379 80.0
vertex 7.899778366088867 -10.295191764831543 84.0
endloop
endfacet
facet normal 0.6455652117729187 -0.7361260056495667 -0.2033815234899521
outer loop
vertex 7.6320695877075195 -9.424820899963379 80.0
vertex 9.175987243652344 -9.175987243652344 84.0
vertex 7.899778366088867 -10.295191764831543 84.0
endloop
endfacet
facet normal 0.6634549498558044 -0.7177215218544006 -0.21143151819705963
outer loop
vertex 7.6320695877075195 -9.424820899963379 80.0
vertex 8.796961784362793 -8.348005294799805 80.0
vertex 9.175987243652344 -9.175987243652344 84.0
endloop
endfacet
facet normal 0.7361260056495667 -0.6455652117729187 -0.2033815234899521
outer loop
vertex 8.796961784362793 -8.348005294799805 80.0
vertex 10.295191764831543 -7.899778366088867 84.0
vertex 9.175987243652344 -9.175987243652344 84.0
endloop
endfacet
facet normal 0.7514604926109314 -0.6249830722808838 -0.21143151819705963
outer loop
vertex 8.796961784362793 -8.348005294799805 80.0
vertex 9.811336517333984 -7.128353118896484 80.0
vertex 10.295191764831543 -7.899778366088867 84.0
endloop
endfacet
facet normal 0.8140915632247925 -0.5439585447311401 -0.2033815234899521
outer loop
vertex 9.811336517333984 -7.128353118896484 80.0
vertex 11.238243103027344 -6.488402843475342 84.0
vertex 10.295191764831543 -7.899778366088867 84.0
endloop
endfacet
facet normal 0.8266083002090454 -0.5215510129928589 -0.21143151819705963
outer loop
vertex 9.811336517333984 -7.128353118896484 80.0
vertex 10.657835960388184 -5.7867326736450195 80.0
vertex 11.238243103027344 -6.488402843475342 84.0
endloop
endfacet
facet normal 0.8781276941299438 -0.4330446720123291 -0.2033815234899521
outer loop
vertex 10.657835960388184 -5.7867326736450195 80.0
vertex 11.989005088806152 -4.966008186340332 84.0
vertex 11.238243103027344 -6.488402843475342 84.0
endloop
endfacet
facet normal 0.8876126408576965 -0.4091950058937073 -0.21143151819705963
outer loop
vertex 10.657835960388184 -5.7867326736450195 80.0
vertex 11.321976661682129 -4.346099853515625 80.0
vertex 11.989005088806152 -4.966008186340332 84.0
endloop
endfacet
facet normal 0.9271388649940491 -0.3147212266921997 -0.2033815234899521
outer loop
vertex 11.321976661682129 -4.346099853515625 80.0
vertex 12.534631729125977 -3.3586442470550537 84.0
vertex 11.989005088806152 -4.966008186340332 84.0
endloop
endfacet
facet normal 0.9334296584129333 -0.2898375988006592 -0.21143151819705963
outer loop
vertex 11.321976661682129 -4.346099853515625 80.0
vertex 11.79239559173584 -2.831103563308716 80.0
vertex 12.534631729125977 -3.3586442470550537 84.0
endloop
endfacet
facet normal 0.9602864384651184 -0.19101284444332123 -0.2033815234899521
outer loop
vertex 11.79239559173584 -2.831103563308716 80.0
vertex 12.8657865524292 -1.6938129663467407 84.0
vertex 12.534631729125977 -3.3586442470550537 84.0
endloop
endfacet
facet normal 0.9632754325866699 -0.16552098095417023 -0.21143151819705963
outer loop
vertex 11.79239559173584 -2.831103563308716 80.0
vertex 12.061042785644531 -1.2676666975021362 80.0
vertex 12.8657865524292 -1.6938129663467407 84.0
endloop
endfacet
facet normal 0.9770032167434692 -0.06403617560863495 -0.2033815234899521
outer loop
vertex 12.061042785644531 -1.2676666975021362 80.0
vertex 12.976805686950684 -3.1784007138046426e-15 84.0
vertex 12.8657865524292 -1.6938129663467407 84.0
endloop
endfacet
facet normal 0.9766392707824707 -0.03837226331233978 -0.21143151819705963
outer loop
vertex 12.061042785644531 -1.2676666975021362 80.0
vertex 12.123322486877441 0.31746038794517517 80.0
vertex 12.976805686950684 -3.1784007138046426e-15 84.0
endloop
endfacet
facet normal 0.9770032167434692 0.06403617560863495 -0.2033815234899521
outer loop
vertex 12.123322486877441 0.31746038794517517 80.0
vertex 12.8657865524292 1.6938129663467407 84.0
vertex 12.976805686950684 -3.1784007138046426e-15 84.0
endloop
endfacet
facet normal 0.9732925891876221 0.08943302184343338 -0.21143151819705963
outer loop
vertex 12.123322486877441 0.31746038794517517 80.0
vertex 11.978169441223145 1.8971556425094604 80.0
vertex 12.8657865524292 1.6938129663467407 84.0
endloop
endfacet
facet normal 0.9602864384651184 0.19101284444332123 -0.2033815234899521
outer loop
vertex 11.978169441223145 1.8971556425094604 80.0
vertex 12.534631729125977 3.3586442470550537 84.0
vertex 12.8657865524292 1.6938129663467407 84.0
endloop
endfacet
facet normal 0.9532925486564636 0.21570809185504913 -0.21143151819705963
outer loop
vertex 11.978169441223145 1.8971556425094604 80.0
vertex 11.628066062927246 3.444390058517456 80.0
vertex 12.534631729125977 3.3586442470550537 84.0
endloop
endfacet
facet normal 0.9271388649940491 0.3147212266921997 -0.2033815234899521
outer loop
vertex 11.628066062927246 3.444390058517456 80.0
vertex 11.989005088806152 4.966008186340332 84.0
vertex 12.534631729125977 3.3586442470550537 84.0
endloop
endfacet
facet normal 0.9169814586639404 0.33829233050346375 -0.21143151819705963
outer loop
vertex 11.628066062927246 3.444390058517456 80.0
vertex 11.07900333404541 4.932690143585205 80.0
vertex 11.989005088806152 4.966008186340332 84.0
endloop
endfacet
facet normal 0.8781276941299438 0.4330446720123291 -0.2033815234899521
outer loop
vertex 11.07900333404541 4.932690143585205 80.0
vertex 11.238243103027344 6.488402843475342 84.0
vertex 11.989005088806152 4.966008186340332 84.0
endloop
endfacet
facet normal 0.8649805784225464 0.4550882875919342 -0.21143151819705963
outer loop
vertex 11.07900333404541 4.932690143585205 80.0
vertex 10.340374946594238 6.33659029006958 80.0
vertex 11.238243103027344 6.488402843475342 84.0
endloop
endfacet
facet normal 0.8140915632247925 0.5439585447311401 -0.2033815234899521
outer loop
vertex 10.340374946594238 6.33659029006958 80.0
vertex 10.295191764831543 7.899778366088867 84.0
vertex 11.238243103027344 6.488402843475342 84.0
endloop
endfacet
facet normal 0.798179566860199 0.5640975832939148 -0.21143151819705963
outer loop
vertex 10.340374946594238 6.33659029006958 80.0
vertex 9.424820899963379 7.6320695877075195 80.0
vertex 10.295191764831543 7.899778366088867 84.0
endloop
endfacet
facet normal 0.7361260056495667 0.6455652117729187 -0.2033815234899521
outer loop
vertex 9.424820899963379 7.6320695877075195 80.0
vertex 9.175987243652344 9.175987243652344 84.0
vertex 10.295191764831543 7.899778366088867 84.0
endloop
endfacet
facet normal 0.7177215218544006 0.6634549498558044 -0.21143151819705963
outer loop
vertex 9.424820899963379 7.6320695877075195 80.0
vertex 8.348005294799805 8.796961784362793 80.0
vertex 9.175987243652344 9.175987243652344 84.0
endloop
endfacet
facet normal 0.6455652117729187 0.7361260056495667 -0.2033815234899521
outer loop
vertex 8.348005294799805 8.796961784362793 80.0
vertex 7.899778366088867 10.295191764831543 84.0
vertex 9.175987243652344 9.175987243652344 84.0
endloop
endfacet
facet normal 0.6249830722808838 0.7514604926109314 -0.21143151819705963
outer loop
vertex 8.348005294799805 8.796961784362793 80.0
vertex 7.128353118896484 9.811336517333984 80.0
vertex 7.899778366088867 10.295191764831543 84.0
endloop
endfacet
facet normal 0.5439585447311401 0.8140915632247925 -0.2033815234899521
outer loop
vertex 7.128353118896484 9.811336517333984 80.0
vertex 6.488402843475342 11.238243103027344 84.0
vertex 7.899778366088867 10.295191764831543 84.0
endloop
endfacet
facet normal 0.5215510129928589 0.8266083002090454 -0.21143151819705963
outer loop
vertex 7.128353118896484 9.811336517333984 80.0
vertex 5.7867326736450195 10.657835960388184 80.0
vertex 6.488402843475342 11.238243103027344 84.0
endloop
endfacet
facet normal 0.4330446720123291 0.8781276941299438 -0.2033815234899521
outer loop
vertex 5.7867326736450195 10.657835960388184 80.0
vertex 4.966008186340332 11.989005088806152 84.0
vertex 6.488402843475342 11.238243103027344 84.0
endloop
endfacet
facet normal 0.4091950058937073 0.8876126408576965 -0.21143151819705963
outer loop
vertex 5.7867326736450195 10.657835960388184 80.0
vertex 4.346099853515625 11.321976661682129 80.0
vertex 4.966008186340332 11.989005088806152 84.0
endloop
endfacet
facet normal 0.3147212266921997 0.9271388649940491 -0.2033815234899521
outer loop
vertex 4.346099853515625 11.321976661682129 80.0
vertex 3.3586442470550537 12.534631729125977 84.0
vertex 4.966008186340332 11.989005088806152 84.0
endloop
endfacet
facet normal 0.2898375988006592 0.9334296584129333 -0.21143151819705963
outer loop
vertex 4.346099853515625 11.321976661682129 80.0
vertex 2.831103563308716 11.79239559173584 80.0
vertex 3.3586442470550537 12.534631729125977 84.0
endloop
endfacet
facet normal 0.19101284444332123 0.9602864384651184 -0.2033815234899521
outer loop
vertex 2.831103563308716 11.79239559173584 80.0
vertex 1.6938129663467407 12.8657865524292 84.0
vertex 3.3586442470550537 12.534631729125977 84.0
endloop
endfacet
facet normal 0.16552098095417023 0.9632754325866699 -0.21143151819705963
outer loop
vertex 2.831103563308716 11.79239559173584 80.0
vertex 1.2676666975021362 12.061042785644531 80.0
vertex 1.6938129663467407 12.8657865524292 84.0
endloop
endfacet
facet normal 0.06403617560863495 0.9770032167434692 -0.2033815234899521
outer loop
vertex 1.2676666975021362 12.061042785644531 80.0
vertex 3.973000839316244e-15 12.976805686950684 84.0
vertex 1.6938129663467407 12.8657865524292 84.0
endloop
endfacet
facet normal 0.03837226331233978 0.9766392707824707 -0.21143151819705963
outer loop
vertex 1.2676666975021362 12.061042785644531 80.0
vertex -0.31746038794517517 12.123322486877441 80.0
vertex 3.973000839316244e-15 12.976805686950684 84.0
endloop
endfacet
facet normal -0.06403617560863495 0.9770032167434692 -0.2033815234899521
outer loop
vertex -0.31746038794517517 12.123322486877441 80.0
vertex -1.6938129663467407 12.8657865524292 84.0
vertex 3.973000839316244e-15 12.976805686950684 84.0
endloop
endfacet
facet normal -0.08943302184343338 0.9732925891876221 -0.21143151819705963
outer loop
vertex -0.31746038794517517 12.123322486877441 80.0
vertex -1.8971556425094604 11.978169441223145 80.0
vertex -1.6938129663467407 12.8657865524292 84.0
endloop
endfacet
facet normal -0.19101284444332123 0.9602864384651184 -0.2033815234899521
outer loop
vertex -1.8971556425094604 11.978169441223145 80.0
vertex -3.3586442470550537 12.534631729125977 84.0
vertex -1.6938129663467407 12.8657865524292 84.0
endloop
endfacet
facet normal -0.21570809185504913 0.9532925486564636 -0.21143151819705963
outer loop
vertex -1.8971556425094604 11.978169441223145 80.0
vertex -3.444390058517456 11.628066062927246 80.0
vertex -3.3586442470550537 12.534631729125977 84.0
endloop
endfacet
facet normal -0.3147212266921997 0.9271388649940491 -0.2033815234899521
outer loop
vertex -3.444390058517456 11.628066062927246 80.0
vertex -4.966008186340332 11.989005088806152 84.0
vertex -3.3586442470550537 12.534631729125977 84.0
endloop
endfacet
facet normal -0.33829233050346375 0.9169814586639404 -0.21143151819705963
outer loop
vertex -3.444390058517456 11.628066062927246 80.0
vertex -4.932690143585205 11.07900333404541 80.0
vertex -4.966008186340332 11.989005088806152 84.0
endloop
endfacet
facet normal -0.4330446720123291 0.8781276941299438 -0.2033815234899521
outer loop
vertex -4.932690143585205 11.07900333404541 80.0
vertex -6.488402843475342 11.238243103027344 84.0
vertex -4.966008186340332 11.989005088806152 84.0
endloop
endfacet
facet normal -0.5418794751167297 0.810979962348938 -0.22063130140304565
outer loop
vertex -6.488402843475342 11.238243103027344 84.0
vertex -7.899778366088867 10.295191764831543 84.0
vertex -8.149367332458496 11.216642379760742 88.0
endloop
endfacet
facet normal -0.6248939037322998 0.7513532042503357 -0.21207541227340698
outer loop
vertex -7.899778366088867 10.295191764831543 84.0
vertex -9.54371452331543 10.056976318359375 88.0
vertex -8.149367332458496 11.216642379760742 88.0
endloop
endfacet
facet normal -0.6430977582931519 0.7333124279975891 -0.22063130140304565
outer loop
vertex -7.899778366088867 10.295191764831543 84.0
vertex -9.175987243652344 9.175987243652344 84.0
vertex -9.54371452331543 10.056976318359375 88.0
endloop
endfacet
facet normal -0.7176191210746765 0.6633602976799011 -0.21207541227340698
outer loop
vertex -9.175987243652344 9.175987243652344 84.0
vertex -10.774765014648438 8.72523307800293 88.0
vertex -9.54371452331543 10.056976318359375 88.0
endloop
endfacet
facet normal -0.7333124279975891 0.6430977582931519 -0.22063130140304565
outer loop
vertex -9.175987243652344 9.175987243652344 84.0
vertex -10.295191764831543 7.899778366088867 84.0
vertex -10.774765014648438 8.72523307800293 88.0
endloop
endfacet
facet normal -0.7980656623840332 0.5640170574188232 -0.21207541227340698
outer loop
vertex -10.295191764831543 7.899778366088867 84.0
vertex -11.821456909179688 7.244198322296143 88.0
vertex -10.774765014648438 8.72523307800293 88.0
endloop
endfacet
facet normal -0.810979962348938 0.5418794751167297 -0.22063130140304565
outer loop
vertex -10.295191764831543 7.899778366088867 84.0
vertex -11.238243103027344 6.488402843475342 84.0
vertex -11.821456909179688 7.244198322296143 88.0
endloop
endfacet
facet normal -0.8648570775985718 0.45502331852912903 -0.21207541227340698
outer loop
vertex -11.238243103027344 6.488402843475342 84.0
vertex -12.665881156921387 5.639213562011719 88.0
vertex -11.821456909179688 7.244198322296143 88.0
endloop
endfacet
facet normal -0.8747713565826416 0.4313894808292389 -0.22063130140304565
outer loop
vertex -11.238243103027344 6.488402843475342 84.0
vertex -11.989005088806152 4.966008186340332 84.0
vertex -12.665881156921387 5.639213562011719 88.0
endloop
endfacet
facet normal -0.9168505668640137 0.3382440507411957 -0.21207541227340698
outer loop
vertex -11.989005088806152 4.966008186340332 84.0
vertex -13.293587684631348 3.9377400875091553 88.0
vertex -12.665881156921387 5.639213562011719 88.0
endloop
endfacet
facet normal -0.9235951900482178 0.31351831555366516 -0.22063130140304565
outer loop
vertex -11.989005088806152 4.966008186340332 84.0
vertex -12.534631729125977 3.3586442470550537 84.0
vertex -13.293587684631348 3.9377400875091553 88.0
endloop
endfacet
facet normal -0.9531565308570862 0.21567729115486145 -0.21207541227340698
outer loop
vertex -12.534631729125977 3.3586442470550537 84.0
vertex -13.69383716583252 2.1688907146453857 88.0
vertex -13.293587684631348 3.9377400875091553 88.0
endloop
endfacet
facet normal -0.9566160440444946 0.19028276205062866 -0.22063130140304565
outer loop
vertex -12.534631729125977 3.3586442470550537 84.0
vertex -12.8657865524292 1.6938129663467407 84.0
vertex -13.69383716583252 2.1688907146453857 88.0
endloop
endfacet
facet normal -0.9731536507606506 0.08942025899887085 -0.21207541227340698
outer loop
vertex -12.8657865524292 1.6938129663467407 84.0
vertex -13.859781265258789 0.36293116211891174 88.0
vertex -13.69383716583252 2.1688907146453857 88.0
endloop
endfacet
facet normal -0.973268985748291 0.0637914165854454 -0.22063130140304565
outer loop
vertex -12.8657865524292 1.6938129663467407 84.0
vertex -12.976805686950684 1.5892003569023213e-15 84.0
vertex -13.859781265258789 0.36293116211891174 88.0
endloop
endfacet
facet normal -0.9764998555183411 -0.038366783410310745 -0.21207541227340698
outer loop
vertex -12.976805686950684 1.5892003569023213e-15 84.0
vertex -13.788580894470215 -1.4492383003234863 88.0
vertex -13.859781265258789 0.36293116211891174 88.0
endloop
endfacet
facet normal -0.973268985748291 -0.0637914165854454 -0.22063130140304565
outer loop
vertex -12.976805686950684 1.5892003569023213e-15 84.0
vertex -12.8657865524292 -1.6938129663467407 84.0
vertex -13.788580894470215 -1.4492383003234863 88.0
endloop
endfacet
facet normal -0.9631379246711731 -0.16549736261367798 -0.21207541227340698
outer loop
vertex -12.8657865524292 -1.6938129663467407 84.0
vertex -13.481453895568848 -3.2366108894348145 88.0
vertex -13.788580894470215 -1.4492383003234863 88.0
endloop
endfacet
facet normal -0.9566160440444946 -0.19028276205062866 -0.22063130140304565
outer loop
vertex -12.8657865524292 -1.6938129663467407 84.0
vertex -12.534631729125977 -3.3586442470550537 84.0
vertex -13.481453895568848 -3.2366108894348145 88.0
endloop
endfacet
facet normal -0.9332963824272156 -0.28979623317718506 -0.21207541227340698
outer loop
vertex -12.534631729125977 -3.3586442470550537 84.0
vertex -12.943655967712402 -4.96860408782959 88.0
vertex -13.481453895568848 -3.2366108894348145 88.0
endloop
endfacet
facet normal -0.9235951900482178 -0.31351831555366516 -0.22063130140304565
outer loop
vertex -12.534631729125977 -3.3586442470550537 84.0
vertex -11.989005088806152 -4.966008186340332 84.0
vertex -12.943655967712402 -4.96860408782959 88.0
endloop
endfacet
facet normal -0.887485921382904 -0.4091366231441498 -0.21207541227340698
outer loop
vertex -11.989005088806152 -4.966008186340332 84.0
vertex -12.184388160705566 -6.6155829429626465 88.0
vertex -12.943655967712402 -4.96860408782959 88.0
endloop
endfacet
facet normal -0.8747713565826416 -0.4313894808292389 -0.22063130140304565
outer loop
vertex -11.989005088806152 -4.966008186340332 84.0
vertex -11.238243103027344 -6.488402843475342 84.0
vertex -12.184388160705566 -6.6155829429626465 88.0
endloop
endfacet
facet normal -0.8264902830123901 -0.5214765667915344 -0.21207541227340698
outer loop
vertex -11.238243103027344 -6.488402843475342 84.0
vertex -11.216642379760742 -8.149367332458496 88.0
vertex -12.184388160705566 -6.6155829429626465 88.0
endloop
endfacet
facet normal -0.810979962348938 -0.5418794751167297 -0.22063130140304565
outer loop
vertex -11.238243103027344 -6.488402843475342 84.0
vertex -10.295191764831543 -7.899778366088867 84.0
vertex -11.216642379760742 -8.149367332458496 88.0
endloop
endfacet
facet normal -0.7513532042503357 -0.6248939037322998 -0.21207541227340698
outer loop
vertex -10.295191764831543 -7.899778366088867 84.0
vertex -10.056976318359375 -9.54371452331543 88.0
vertex -11.216642379760742 -8.149367332458496 88.0
endloop
endfacet
facet normal -0.7333124279975891 -0.6430977582931519 -0.22063130140304565
outer loop
vertex -10.295191764831543 -7.899778366088867 84.0
vertex -9.175987243652344 -9.175987243652344 84.0
vertex -10.056976318359375 -9.54371452331543 88.0
endloop
endfacet
facet normal -0.6633602976799011 -0.7176191210746765 -0.21207541227340698
outer loop
vertex -9.175987243652344 -9.175987243652344 84.0
vertex -8.72523307800293 -10.774765014648438 88.0
vertex -10.056976318359375 -9.54371452331543 88.0
endloop
endfacet
facet normal -0.6430977582931519 -0.7333124279975891 -0.22063130140304565
outer loop
vertex -9.175987243652344 -9.175987243652344 84.0
vertex -7.899778366088867 -10.295191764831543 84.0
vertex -8.72523307800293 -10.774765014648438 88.0
endloop
endfacet
facet normal -0.5640170574188232 -0.7980656623840332 -0.21207541227340698
outer loop
vertex -7.899778366088867 -10.295191764831543 84.0
vertex -7.244198322296143 -11.821456909179688 88.0
vertex -8.72523307800293 -10.774765014648438 88.0
endloop
endfacet
facet normal -0.5418794751167297 -0.810979962348938 -0.22063130140304565
outer loop
vertex -7.899778366088867 -10.295191764831543 84.0
vertex -6.488402843475342 -11.238243103027344 84.0
vertex -7.244198322296143 -11.821456909179688 88.0
endloop
endfacet
facet normal -0.45502331852912903 -0.8648570775985718 -0.21207541227340698
outer loop
vertex -6.488402843475342 -11.238243103027344 84.0
vertex -5.639213562011719 -12.665881156921387 88.0
vertex -7.244198322296143 -11.821456909179688 88.0
endloop
endfacet
facet normal -0.4313894808292389 -0.8747713565826416 -0.22063130140304565
outer loop
vertex -6.488402843475342 -11.238243103027344 84.0
vertex -4.966008186340332 -11.989005088806152 84.0
vertex -5.639213562011719 -12.665881156921387 88.0
endloop
endfacet
facet normal -0.3382440507411957 -0.9168505668640137 -0.21207541227340698
outer loop
vertex -4.966008186340332 -11.989005088806152 84.0
vertex -3.9377400875091553 -13.293587684631348 88.0
vertex -5.639213562011719 -12.665881156921387 88.0
endloop
endfacet
facet normal -0.31351831555366516 -0.9235951900482178 -0.22063130140304565
outer loop
vertex -4.966008186340332 -11.989005088806152 84.0
vertex -3.3586442470550537 -12.534631729125977 84.0
vertex -3.9377400875091553 -13.293587684631348 88.0
endloop
endfacet
facet normal -0.21567729115486145 -0.9531565308570862 -0.21207541227340698
outer loop
vertex -3.3586442470550537 -12.534631729125977 84.0
vertex -2.1688907146453857 -13.69383716583252 88.0
vertex -3.9377400875091553 -13.293587684631348 88.0
endloop
endfacet
facet normal -0.19028276205062866 -0.9566160440444946 -0.22063130140304565
outer loop
vertex -3.3586442470550537 -12.534631729125977 84.0
vertex -1.6938129663467407 -12.8657865524292 84.0
vertex -2.1688907146453857 -13.69383716583252 88.0
endloop
endfacet
facet normal -0.08942025899887085 -0.9731536507606506 -0.21207541227340698
outer loop
vertex -1.6938129663467407 -12.8657865524292 84.0
vertex -0.36293116211891174 -13.859781265258789 88.0
vertex -2.1688907146453857 -13.69383716583252 88.0
endloop
endfacet
facet normal -0.0637914165854454 -0.973268985748291 -0.22063130140304565
outer loop
vertex -1.6938129663467407 -12.8657865524292 84.0
vertex -2.3838003765348044e-15 -12.976805686950684 84.0
vertex -0.36293116211891174 -13.859781265258789 88.0
endloop
endfacet
facet normal 0.038366783410310745 -0.9764998555183411 -0.21207541227340698
outer loop
vertex -2.3838003765348044e-15 -12.976805686950684 84.0
vertex 1.4492383003234863 -13.788580894470215 88.0
vertex -0.36293116211891174 -13.859781265258789 88.0
endloop
endfacet
facet normal 0.0637914165854454 -0.973268985748291 -0.22063130140304565
outer loop
vertex -2.3838003765348044e-15 -12.976805686950684 84.0
vertex 1.6938129663467407 -12.8657865524292 84.0
vertex 1.4492383003234863 -13.788580894470215 88.0
endloop
endfacet
facet normal 0.16549736261367798 -0.9631379246711731 -0.21207541227340698
outer loop
vertex 1.6938129663467407 -12.8657865524292 84.0
vertex 3.2366108894348145 -13.481453895568848 88.0
vertex 1.4492383003234863 -13.788580894470215 88.0
endloop
endfacet
facet normal 0.19028276205062866 -0.9566160440444946 -0.22063130140304565
outer loop
vertex 1.6938129663467407 -12.8657865524292 84.0
vertex 3.3586442470550537 -12.534631729125977 84.0
vertex 3.2366108894348145 -13.481453895568848 88.0
endloop
endfacet
facet normal 0.28979623317718506 -0.9332963824272156 -0.21207541227340698
outer loop
vertex 3.3586442470550537 -12.534631729125977 84.0
vertex 4.96860408782959 -12.943655967712402 88.0
vertex 3.2366108894348145 -13.481453895568848 88.0
endloop
endfacet
facet normal 0.31351831555366516 -0.9235951900482178 -0.22063130140304565
outer loop
vertex 3.3586442470550537 -12.534631729125977 84.0
vertex 4.966008186340332 -11.989005088806152 84.0
vertex 4.96860408782959 -12.943655967712402 88.0
endloop
endfacet
facet normal 0.4091366231441498 -0.887485921382904 -0.21207541227340698
outer loop
vertex 4.966008186340332 -11.989005088806152 84.0
vertex 6.6155829429626465 -12.184388160705566 88.0
vertex 4.96860408782959 -12.943655967712402 88.0
endloop
endfacet
facet normal 0.4313894808292389 -0.8747713565826416 -0.22063130140304565
outer loop
vertex 4.966008186340332 -11.989005088806152 84.0
vertex 6.488402843475342 -11.238243103027344 84.0
vertex 6.6155829429626465 -12.184388160705566 88.0
endloop
endfacet
facet normal 0.5214765667915344 -0.8264902830123901 -0.21207541227340698
outer loop
vertex 6.488402843475342 -11.238243103027344 84.0
vertex 8.149367332458496 -11.216642379760742 88.0
vertex 6.6155829429626465 -12.184388160705566 88.0
endloop
endfacet
facet normal 0.5418794751167297 -0.810979962348938 -0.22063130140304565
outer loop
vertex 6.488402843475342 -11.238243103027344 84.0
vertex 7.899778366088867 -10.295191764831543 84.0
vertex 8.149367332458496 -11.216642379760742 88.0
endloop
endfacet
facet normal 0.6248939037322998 -0.7513532042503357 -0.21207541227340698
outer loop
vertex 7.899778366088867 -10.295191764831543 84.0
vertex 9.54371452331543 -10.056976318359375 88.0
vertex 8.149367332458496 -11.216642379760742 88.0
endloop
endfacet
facet normal 0.6430977582931519 -0.7333124279975891 -0.22063130140304565
outer loop
vertex 7.899778366088867 -10.295191764831543 84.0
vertex 9.175987243652344 -9.175987243652344 84.0
vertex 9.54371452331543 -10.056976318359375 88.0
endloop
endfacet
facet normal 0.7176191210746765 -0.6633602976799011 -0.21207541227340698
outer loop
vertex 9.175987243652344 -9.175987243652344 84.0
vertex 10.774765014648438 -8.72523307800293 88.0
vertex 9.54371452331543 -10.056976318359375 88.0
endloop
endfacet
facet normal 0.7333124279975891 -0.6430977582931519 -0.22063130140304565
outer loop
vertex 9.175987243652344 -9.175987243652344 84.0
vertex 10.295191764831543 -7.899778366088867 84.0
vertex 10.774765014648438 -8.72523307800293 88.0
endloop
endfacet
facet normal 0.7980656623840332 -0.5640170574188232 -0.21207541227340698
outer loop
vertex 10.295191764831543 -7.899778366088867 84.0
vertex 11.821456909179688 -7.244198322296143 88.0
vertex 10.774765014648438 -8.72523307800293 88.0
endloop
endfacet
facet normal 0.810979962348938 -0.5418794751167297 -0.22063130140304565
outer loop
vertex 10.295191764831543 -7.899778366088867 84.0
vertex 11.238243103027344 -6.488402843475342 84.0
vertex 11.821456909179688 -7.244198322296143 88.0
endloop
endfacet
facet normal 0.8648570775985718 -0.45502331852912903 -0.21207541227340698
outer loop
vertex 11.238243103027344 -6.488402843475342 84.0
vertex 12.665881156921387 -5.639213562011719 88.0
vertex 11.821456909179688 -7.244198322296143 88.0
endloop
endfacet
facet normal 0.8747713565826416 -0.4313894808292389 -0.22063130140304565
outer loop
vertex 11.238243103027344 -6.488402843475342 84.0
vertex 11.989005088806152 -4.966008186340332 84.0
vertex 12.665881156921387 -5.639213562011719 88.0
endloop
endfacet
facet normal 0.9168505668640137 -0.3382440507411957 -0.21207541227340698
outer loop
vertex 11.989005088806152 -4.966008186340332 84.0
vertex 13.293587684631348 -3.9377400875091553 88.0
vertex 12.665881156921387 -5.639213562011719 88.0
endloop
endfacet
facet normal 0.9235951900482178 -0.31351831555366516 -0.22063130140304565
outer loop
vertex 11.989005088806152 -4.966008186340332 84.0
vertex 12.534631729125977 -3.3586442470550537 84.0
vertex 13.293587684631348 -3.9377400875091553 88.0
endloop
endfacet
facet normal 0.9531565308570862 -0.21567729115486145 -0.21207541227340698
outer loop
vertex 12.534631729125977 -3.3586442470550537 84.0
vertex 13.69383716583252 -2.1688907146453857 88.0
vertex 13.293587684631348 -3.9377400875091553 88.0
endloop
endfacet
facet normal 0.9566160440444946 -0.19028276205062866 -0.22063130140304565
outer loop
vertex 12.534631729125977 -3.3586442470550537 84.0
vertex 12.8657865524292 -1.6938129663467407 84.0
vertex 13.69383716583252 -2.1688907146453857 88.0
endloop
endfacet
facet normal 0.9731536507606506 -0.08942025899887085 -0.21207541227340698
outer loop
vertex 12.8657865524292 -1.6938129663467407 84.0
vertex 13.859781265258789 -0.36293116211891174 88.0
vertex 13.69383716583252 -2.1688907146453857 88.0
endloop
endfacet
facet normal 0.973268985748291 -0.0637914165854454 -0.22063130140304565
outer loop
vertex 12.8657865524292 -1.6938129663467407 84.0
vertex 12.976805686950684 -3.1784007138046426e-15 84.0
vertex 13.859781265258789 -0.36293116211891174 88.0
endloop
endfacet
facet normal 0.9764998555183411 0.038366783410310745 -0.21207541227340698
outer loop
vertex 12.976805686950684 -3.1784007138046426e-15 84.0
vertex 13.788580894470215 1.4492383003234863 88.0
vertex 13.859781265258789 -0.36293116211891174 88.0
endloop
endfacet
facet normal 0.973268985748291 0.0637914165854454 -0.22063130140304565
outer loop
vertex 12.976805686950684 -3.1784007138046426e-15 84.0
vertex 12.8657865524292 1.6938129663467407 84.0
vertex 13.788580894470215 1.4492383003234863 88.0
endloop
endfacet
facet normal 0.9631379246711731 0.16549736261367798 -0.21207541227340698
outer loop
vertex 12.8657865524292 1.6938129663467407 84.0
vertex 13.481453895568848 3.2366108894348145 88.0
vertex 13.788580894470215 1.4492383003234863 88.0
endloop
endfacet
facet normal 0.9566160440444946 0.19028276205062866 -0.22063130140304565
outer loop
vertex 12.8657865524292 1.6938129663467407 84.0
vertex 12.534631729125977 3.3586442470550537 84.0
vertex 13.481453895568848 3.2366108894348145 88.0
endloop
endfacet
facet normal 0.9332963824272156 0.28979623317718506 -0.21207541227340698
outer loop
vertex 12.534631729125977 3.3586442470550537 84.0
vertex 12.943655967712402 4.96860408782959 88.0
vertex 13.481453895568848 3.2366108894348145 88.0
endloop
endfacet
facet normal 0.9235951900482178 0.31351831555366516 -0.22063130140304565
outer loop
vertex 12.534631729125977 3.3586442470550537 84.0
vertex 11.989005088806152 4.966008186340332 84.0
vertex 12.943655967712402 4.96860408782959 88.0
endloop
endfacet
facet normal 0.887485921382904 0.4091366231441498 -0.21207541227340698
outer loop
vertex 11.989005088806152 4.966008186340332 84.0
vertex 12.184388160705566 6.6155829429626465 88.0
vertex 12.943655967712402 4.96860408782959 88.0
endloop
endfacet
facet normal 0.8747713565826416 0.4313894808292389 -0.22063130140304565
outer loop
vertex 11.989005088806152 4.966008186340332 84.0
vertex 11.238243103027344 6.488402843475342 84.0
vertex 12.184388160705566 6.6155829429626465 88.0
endloop
endfacet
facet normal 0.8264902830123901 0.5214765667915344 -0.21207541227340698
outer loop
vertex 11.238243103027344 6.488402843475342 84.0
vertex 11.216642379760742 8.149367332458496 88.0
vertex 12.184388160705566 6.6155829429626465 88.0
endloop
endfacet
facet normal 0.810979962348938 0.5418794751167297 -0.22063130140304565
outer loop
vertex 11.238243103027344 6.488402843475342 84.0
vertex 10.295191764831543 7.899778366088867 84.0
vertex 11.216642379760742 8.149367332458496 88.0
endloop
endfacet
facet normal 0.7513532042503357 0.6248939037322998 -0.21207541227340698
outer loop
vertex 10.295191764831543 7.899778366088867 84.0
vertex 10.056976318359375 9.54371452331543 88.0
vertex 11.216642379760742 8.149367332458496 88.0
endloop
endfacet
facet normal 0.7333124279975891 0.6430977582931519 -0.22063130140304565
outer loop
vertex 10.295191764831543 7.899778366088867 84.0
vertex 9.175987243652344 9.175987243652344 84.0
vertex 10.056976318359375 9.54371452331543 88.0
endloop
endfacet
facet normal 0.6633602976799011 0.7176191210746765 -0.21207541227340698
outer loop
vertex 9.175987243652344 9.175987243652344 84.0
vertex 8.72523307800293 10.774765014648438 88.0
vertex 10.056976318359375 9.54371452331543 88.0
endloop
endfacet
facet normal 0.6430977582931519 0.7333124279975891 -0.22063130140304565
outer loop
vertex 9.175987243652344 9.175987243652344 84.0
vertex 7.899778366088867 10.295191764831543 84.0
vertex 8.72523307800293 10.774765014648438 88.0
endloop
endfacet
facet normal 0.5640170574188232 0.7980656623840332 -0.21207541227340698
outer loop
vertex 7.899778366088867 10.295191764831543 84.0
vertex 7.244198322296143 11.821456909179688 88.0
vertex 8.72523307800293 10.774765014648438 88.0
endloop
endfacet
facet normal 0.5418794751167297 0.810979962348938 -0.22063130140304565
outer loop
vertex 7.899778366088867 10.295191764831543 84.0
vertex 6.488402843475342 11.238243103027344 84.0
vertex 7.244198322296143 11.821456909179688 88.0
endloop
endfacet
facet normal 0.45502331852912903 0.8648570775985718 -0.21207541227340698
outer loop
vertex 6.488402843475342 11.238243103027344 84.0
vertex 5.639213562011719 12.665881156921387 88.0
vertex 7.244198322296143 11.821456909179688 88.0
endloop
endfacet
facet normal 0.4313894808292389 0.8747713565826416 -0.22063130140304565
outer loop
vertex 6.488402843475342 11.238243103027344 84.0
vertex 4.966008186340332 11.989005088806152 84.0
vertex 5.639213562011719 12.665881156921387 88.0
endloop
endfacet
facet normal 0.3382440507411957 0.9168505668640137 -0.21207541227340698
outer loop
vertex 4.966008186340332 11.989005088806152 84.0
vertex 3.9377400875091553 13.293587684631348 88.0
vertex 5.639213562011719 12.665881156921387 88.0
endloop
endfacet
facet normal 0.31351831555366516 0.9235951900482178 -0.22063130140304565
outer loop
vertex 4.966008186340332 11.989005088806152 84.0
vertex 3.3586442470550537 12.534631729125977 84.0
vertex 3.9377400875091553 13.293587684631348 88.0
endloop
endfacet
facet normal 0.21567729115486145 0.9531565308570862 -0.21207541227340698
outer loop
vertex 3.3586442470550537 12.534631729125977 84.0
vertex 2.1688907146453857 13.69383716583252 88.0
vertex 3.9377400875091553 13.293587684631348 88.0
endloop
endfacet
facet normal 0.19028276205062866 0.9566160440444946 -0.22063130140304565
outer loop
vertex 3.3586442470550537 12.534631729125977 84.0
vertex 1.6938129663467407 12.8657865524292 84.0
vertex 2.1688907146453857 13.69383716583252 88.0
endloop
endfacet
facet normal 0.08942025899887085 0.9731536507606506 -0.21207541227340698
outer loop
vertex 1.6938129663467407 12.8657865524292 84.0
vertex 0.36293116211891174 13.859781265258789 88.0
vertex 2.1688907146453857 13.69383716583252 88.0
endloop
endfacet
facet normal 0.0637914165854454 0.973268985748291 -0.22063130140304565
outer loop
vertex 1.6938129663467407 12.8657865524292 84.0
vertex 3.973000839316244e-15 12.976805686950684 84.0
vertex 0.36293116211891174 13.859781265258789 88.0
endloop
endfacet
facet normal -0.038366783410310745 0.9764998555183411 -0.21207541227340698
outer loop
vertex 3.973000839316244e-15 12.976805686950684 84.0
vertex -1.4492383003234863 13.788580894470215 88.0
vertex 0.36293116211891174 13.859781265258789 88.0
endloop
endfacet
facet normal -0.0637914165854454 0.973268985748291 -0.22063130140304565
outer loop
vertex 3.973000839316244e-15 12.976805686950684 84.0
vertex -1.6938129663467407 12.8657865524292 84.0
vertex -1.4492383003234863 13.788580894470215 88.0
endloop
endfacet
facet normal -0.16549736261367798 0.9631379246711731 -0.21207541227340698
outer loop
vertex -1.6938129663467407 12.8657865524292 84.0
vertex -3.2366108894348145 13.481453895568848 88.0
vertex -1.4492383003234863 13.788580894470215 88.0
endloop
endfacet
facet normal -0.19028276205062866 0.9566160440444946 -0.22063130140304565
outer loop
vertex -1.6938129663467407 12.8657865524292 84.0
vertex -3.3586442470550537 12.534631729125977 84.0
vertex -3.2366108894348145 13.481453895568848 88.0
endloop
endfacet
facet normal -0.28979623317718506 0.9332963824272156 -0.21207541227340698
outer loop
vertex -3.3586442470550537 12.534631729125977 84.0
vertex -4.96860408782959 12.943655967712402 88.0
vertex -3.2366108894348145 13.481453895568848 88.0
endloop
endfacet
facet normal -0.31351831555366516 0.9235951900482178 -0.22063130140304565
outer loop
vertex -3.3586442470550537 12.534631729125977 84.0
vertex -4.966008186340332 11.989005088806152 84.0
vertex -4.96860408782959 12.943655967712402 88.0
endloop
endfacet
facet normal -0.4091366231441498 0.887485921382904 -0.21207541227340698
outer loop
vertex -4.966008186340332 11.989005088806152 84.0
vertex -6.6155829429626465 12.184388160705566 88.0
vertex -4.96860408782959 12.943655967712402 88.0
endloop
endfacet
facet normal -0.4313894808292389 0.8747713565826416 -0.22063130140304565
outer loop
vertex -4.966008186340332 11.989005088806152 84.0
vertex -6.488402843475342 11.238243103027344 84.0
vertex -6.6155829429626465 12.184388160705566 88.0
endloop
endfacet
facet normal -0.5214765667915344 0.8264902830123901 -0.21207541227340698
outer loop
vertex -6.488402843475342 11.238243103027344 84.0
vertex -8.149367332458496 11.216642379760742 88.0
vertex -6.6155829429626465 12.184388160705566 88.0
endloop
endfacet
facet normal -0.6243701577186584 0.7507234811782837 -0.21581517159938812
outer loop
vertex -8.149367332458496 11.216642379760742 88.0
vertex -9.54371452331543 10.056976318359375 88.0
vertex -9.856493949890137 10.946745872497559 92.0
endloop
endfacet
facet normal -0.7008376717567444 0.6827257871627808 -0.20666897296905518
outer loop
vertex -9.54371452331543 10.056976318359375 88.0
vertex -11.201006889343262 9.566563606262207 92.0
vertex -9.856493949890137 10.946745872497559 92.0
endloop
endfacet
facet normal -0.717017650604248 0.6628043055534363 -0.21581517159938812
outer loop
vertex -9.54371452331543 10.056976318359375 88.0
vertex -10.774765014648438 8.72523307800293 88.0
vertex -11.201006889343262 9.566563606262207 92.0
endloop
endfacet
facet normal -0.783955454826355 0.5854073166847229 -0.20666897296905518
outer loop
vertex -10.774765014648438 8.72523307800293 88.0
vertex -12.35386848449707 8.022695541381836 92.0
vertex -11.201006889343262 9.566563606262207 92.0
endloop
endfacet
facet normal -0.7973967790603638 0.5635443329811096 -0.21581517159938812
outer loop
vertex -10.774765014648438 8.72523307800293 88.0
vertex -11.821456909179688 7.244198322296143 88.0
vertex -12.35386848449707 8.022695541381836 92.0
endloop
endfacet
facet normal -0.8536596298217773 0.4780723452568054 -0.20666897296905518
outer loop
vertex -11.821456909179688 7.244198322296143 88.0
vertex -13.295351028442383 6.341557025909424 92.0
vertex -12.35386848449707 8.022695541381836 92.0
endloop
endfacet
facet normal -0.8641322255134583 0.4546419680118561 -0.21581517159938812
outer loop
vertex -11.821456909179688 7.244198322296143 88.0
vertex -12.665881156921387 5.639213562011719 88.0
vertex -13.295351028442383 6.341557025909424 92.0
endloop
endfacet
facet normal -0.9087573885917664 0.36255744099617004 -0.20666897296905518
outer loop
vertex -12.665881156921387 5.639213562011719 88.0
vertex -14.009346961975098 4.551912784576416 92.0
vertex -13.295351028442383 6.341557025909424 92.0
endloop
endfacet
facet normal -0.9160821437835693 0.33796054124832153 -0.21581517159938812
outer loop
vertex -12.665881156921387 5.639213562011719 88.0
vertex -13.293587684631348 3.9377400875091553 88.0
vertex -14.009346961975098 4.551912784576416 92.0
endloop
endfacet
facet normal -0.9483060836791992 0.24083906412124634 -0.20666897296905518
outer loop
vertex -13.293587684631348 3.9377400875091553 88.0
vertex -14.483638763427734 2.6843838691711426 92.0
vertex -14.009346961975098 4.551912784576416 92.0
endloop
endfacet
facet normal -0.9523576498031616 0.21549652516841888 -0.21581517159938812
outer loop
vertex -13.293587684631348 3.9377400875091553 88.0
vertex -13.69383716583252 2.1688907146453857 88.0
vertex -14.483638763427734 2.6843838691711426 92.0
endloop
endfacet
facet normal -0.9716290235519409 0.11499987542629242 -0.20666897296905518
outer loop
vertex -13.69383716583252 2.1688907146453857 88.0
vertex -14.710111618041992 0.7709242701530457 92.0
vertex -14.483638763427734 2.6843838691711426 92.0
endloop
endfacet
facet normal -0.9723380208015442 0.08934531360864639 -0.21581517159938812
outer loop
vertex -13.69383716583252 2.1688907146453857 88.0
vertex -13.859781265258789 0.36293116211891174 88.0
vertex -14.710111618041992 0.7709242701530457 92.0
endloop
endfacet
facet normal -0.9783270955085754 -0.01280700322240591 -0.20666897296905518
outer loop
vertex -13.859781265258789 0.36293116211891174 88.0
vertex -14.684890747070312 -1.1557259559631348 92.0
vertex -14.710111618041992 0.7709242701530457 92.0
endloop
endfacet
facet normal -0.9756814241409302 -0.03833462670445442 -0.21581517159938812
outer loop
vertex -13.859781265258789 0.36293116211891174 88.0
vertex -13.788580894470215 -1.4492383003234863 88.0
vertex -14.684890747070312 -1.1557259559631348 92.0
endloop
endfacet
facet normal -0.9682857394218445 -0.14039474725723267 -0.20666897296905518
outer loop
vertex -13.788580894470215 -1.4492383003234863 88.0
vertex -14.408406257629395 -3.062601327896118 92.0
vertex -14.684890747070312 -1.1557259559631348 92.0
endloop
endfacet
facet normal -0.96233069896698 -0.16535864770412445 -0.21581517159938812
outer loop
vertex -13.788580894470215 -1.4492383003234863 88.0
vertex -13.481453895568848 -3.2366108894348145 88.0
vertex -14.408406257629395 -3.062601327896118 92.0
endloop
endfacet
facet normal -0.9416767358779907 -0.26558029651641846 -0.20666897296905518
outer loop
vertex -13.481453895568848 -3.2366108894348145 88.0
vertex -13.885391235351562 -4.917074680328369 92.0
vertex -14.408406257629395 -3.062601327896118 92.0
endloop
endfacet
facet normal -0.9325141906738281 -0.28955334424972534 -0.21581517159938812
outer loop
vertex -13.481453895568848 -3.2366108894348145 88.0
vertex -12.943655967712402 -4.96860408782959 88.0
vertex -13.885391235351562 -4.917074680328369 92.0
endloop
endfacet
facet normal -0.8989553451538086 -0.386221706867218 -0.20666897296905518
outer loop
vertex -12.943655967712402 -4.96860408782959 88.0
vertex -13.124792098999023 -6.687415599822998 92.0
vertex -13.885391235351562 -4.917074680328369 92.0
endloop
endfacet
facet normal -0.8867420554161072 -0.40879368782043457 -0.21581517159938812
outer loop
vertex -12.943655967712402 -4.96860408782959 88.0
vertex -12.184388160705566 -6.6155829429626465 88.0
vertex -13.124792098999023 -6.687415599822998 92.0
endloop
endfacet
facet normal -0.8408526182174683 -0.50025475025177 -0.20666897296905518
outer loop
vertex -12.184388160705566 -6.6155829429626465 88.0
vertex -12.139625549316406 -8.34333324432373 92.0
vertex -13.124792098999023 -6.687415599822998 92.0
endloop
endfacet
facet normal -0.8257976174354553 -0.5210394859313965 -0.21581517159938812
outer loop
vertex -12.184388160705566 -6.6155829429626465 88.0
vertex -11.216642379760742 -8.149367332458496 88.0
vertex -12.139625549316406 -8.34333324432373 92.0
endloop
endfacet
facet normal -0.7683626413345337 -0.605728268623352 -0.20666897296905518
outer loop
vertex -11.216642379760742 -8.149367332458496 88.0
vertex -10.946745872497559 -9.856493949890137 92.0
vertex -12.139625549316406 -8.34333324432373 92.0
endloop
endfacet
facet normal -0.7507234811782837 -0.6243701577186584 -0.21581517159938812
outer loop
vertex -11.216642379760742 -8.149367332458496 88.0
vertex -10.056976318359375 -9.54371452331543 88.0
vertex -10.946745872497559 -9.856493949890137 92.0
endloop
endfacet
facet normal -0.6827257871627808 -0.7008376717567444 -0.20666897296905518
outer loop
vertex -10.056976318359375 -9.54371452331543 88.0
vertex -9.566563606262207 -11.201006889343262 92.0
vertex -10.946745872497559 -9.856493949890137 92.0
endloop
endfacet
facet normal -0.6628043055534363 -0.717017650604248 -0.21581517159938812
outer loop
vertex -10.056976318359375 -9.54371452331543 88.0
vertex -8.72523307800293 -10.774765014648438 88.0
vertex -9.566563606262207 -11.201006889343262 92.0
endloop
endfacet
facet normal -0.5854073166847229 -0.783955454826355 -0.20666897296905518
outer loop
vertex -8.72523307800293 -10.774765014648438 88.0
vertex -8.022695541381836 -12.35386848449707 92.0
vertex -9.566563606262207 -11.201006889343262 92.0
endloop
endfacet
facet normal -0.5635443329811096 -0.7973967790603638 -0.21581517159938812
outer loop
vertex -8.72523307800293 -10.774765014648438 88.0
vertex -7.244198322296143 -11.821456909179688 88.0
vertex -8.022695541381836 -12.35386848449707 92.0
endloop
endfacet
facet normal -0.4780723452568054 -0.8536596298217773 -0.20666897296905518
outer loop
vertex -7.244198322296143 -11.821456909179688 88.0
vertex -6.341557025909424 -13.295351028442383 92.0
vertex -8.022695541381836 -12.35386848449707 92.0
endloop
endfacet
facet normal -0.4546419680118561 -0.8641322255134583 -0.21581517159938812
outer loop
vertex -7.244198322296143 -11.821456909179688 88.0
vertex -5.639213562011719 -12.665881156921387 88.0
vertex -6.341557025909424 -13.295351028442383 92.0
endloop
endfacet
facet normal -0.36255744099617004 -0.9087573885917664 -0.20666897296905518
outer loop
vertex -5.639213562011719 -12.665881156921387 88.0
vertex -4.551912784576416 -14.009346961975098 92.0
vertex -6.341557025909424 -13.295351028442383 92.0
endloop
endfacet
facet normal -0.33796054124832153 -0.9160821437835693 -0.21581517159938812
outer loop
vertex -5.639213562011719 -12.665881156921387 88.0
vertex -3.9377400875091553 -13.293587684631348 88.0
vertex -4.551912784576416 -14.009346961975098 92.0
endloop
endfacet
facet normal -0.24083906412124634 -0.9483060836791992 -0.20666897296905518
outer loop
vertex -3.9377400875091553 -13.293587684631348 88.0
vertex -2.6843838691711426 -14.483638763427734 92.0
vertex -4.551912784576416 -14.009346961975098 92.0
endloop
endfacet
facet normal -0.21549652516841888 -0.9523576498031616 -0.21581517159938812
outer loop
vertex -3.9377400875091553 -13.293587684631348 88.0
vertex -2.1688907146453857 -13.69383716583252 88.0
vertex -2.6843838691711426 -14.483638763427734 92.0
endloop
endfacet
facet normal -0.11499987542629242 -0.9716290235519409 -0.20666897296905518
outer loop
vertex -2.1688907146453857 -13.69383716583252 88.0
vertex -0.7709242701530457 -14.710111618041992 92.0
vertex -2.6843838691711426 -14.483638763427734 92.0
endloop
endfacet
facet normal -0.08934531360864639 -0.9723380208015442 -0.21581517159938812
outer loop
vertex -2.1688907146453857 -13.69383716583252 88.0
vertex -0.36293116211891174 -13.859781265258789 88.0
vertex -0.7709242701530457 -14.710111618041992 92.0
endloop
endfacet
facet normal 0.01280700322240591 -0.9783270955085754 -0.20666897296905518
outer loop
vertex -0.36293116211891174 -13.859781265258789 88.0
vertex 1.1557259559631348 -14.684890747070312 92.0
vertex -0.7709242701530457 -14.710111618041992 92.0
endloop
endfacet
facet normal 0.03833462670445442 -0.9756814241409302 -0.21581517159938812
outer loop
vertex -0.36293116211891174 -13.859781265258789 88.0
vertex 1.4492383003234863 -13.788580894470215 88.0
vertex 1.1557259559631348 -14.684890747070312 92.0
endloop
endfacet
facet normal 0.14039474725723267 -0.9682857394218445 -0.20666897296905518
outer loop
vertex 1.4492383003234863 -13.788580894470215 88.0
vertex 3.062601327896118 -14.408406257629395 92.0
vertex 1.1557259559631348 -14.684890747070312 92.0
endloop
endfacet
facet normal 0.16535864770412445 -0.96233069896698 -0.21581517159938812
outer loop
vertex 1.4492383003234863 -13.788580894470215 88.0
vertex 3.2366108894348145 -13.481453895568848 88.0
vertex 3.062601327896118 -14.408406257629395 92.0
endloop
endfacet
facet normal 0.26558029651641846 -0.9416767358779907 -0.20666897296905518
outer loop
vertex 3.2366108894348145 -13.481453895568848 88.0
vertex 4.917074680328369 -13.885391235351562 92.0
vertex 3.062601327896118 -14.408406257629395 92.0
endloop
endfacet
facet normal 0.28955334424972534 -0.9325141906738281 -0.21581517159938812
outer loop
vertex 3.2366108894348145 -13.481453895568848 88.0
vertex 4.96860408782959 -12.943655967712402 88.0
vertex 4.917074680328369 -13.885391235351562 92.0
endloop
endfacet
facet normal 0.386221706867218 -0.8989553451538086 -0.20666897296905518
outer loop
vertex 4.96860408782959 -12.943655967712402 88.0
vertex 6.687415599822998 -13.124792098999023 92.0
vertex 4.917074680328369 -13.885391235351562 92.0
endloop
endfacet
facet normal 0.40879368782043457 -0.8867420554161072 -0.21581517159938812
outer loop
vertex 4.96860408782959 -12.943655967712402 88.0
vertex 6.6155829429626465 -12.184388160705566 88.0
vertex 6.687415599822998 -13.124792098999023 92.0
endloop
endfacet
facet normal 0.50025475025177 -0.8408526182174683 -0.20666897296905518
outer loop
vertex 6.6155829429626465 -12.184388160705566 88.0
vertex 8.34333324432373 -12.139625549316406 92.0
vertex 6.687415599822998 -13.124792098999023 92.0
endloop
endfacet
facet normal 0.5210394859313965 -0.8257976174354553 -0.21581517159938812
outer loop
vertex 6.6155829429626465 -12.184388160705566 88.0
vertex 8.149367332458496 -11.216642379760742 88.0
vertex 8.34333324432373 -12.139625549316406 92.0
endloop
endfacet
facet normal 0.605728268623352 -0.7683626413345337 -0.20666897296905518
outer loop
vertex 8.149367332458496 -11.216642379760742 88.0
vertex 9.856493949890137 -10.946745872497559 92.0
vertex 8.34333324432373 -12.139625549316406 92.0
endloop
endfacet
facet normal 0.6243701577186584 -0.7507234811782837 -0.21581517159938812
outer loop
vertex 8.149367332458496 -11.216642379760742 88.0
vertex 9.54371452331543 -10.056976318359375 88.0
vertex 9.856493949890137 -10.946745872497559 92.0
endloop
endfacet
facet normal 0.7008376717567444 -0.6827257871627808 -0.20666897296905518
outer loop
vertex 9.54371452331543 -10.056976318359375 88.0
vertex 11.201006889343262 -9.566563606262207 92.0
vertex 9.856493949890137 -10.946745872497559 92.0
endloop
endfacet
facet normal 0.717017650604248 -0.6628043055534363 -0.21581517159938812
outer loop
vertex 9.54371452331543 -10.056976318359375 88.0
vertex 10.774765014648438 -8.72523307800293 88.0
vertex 11.201006889343262 -9.566563606262207 92.0
endloop
endfacet
facet normal 0.783955454826355 -0.5854073166847229 -0.20666897296905518
outer loop
vertex 10.774765014648438 -8.72523307800293 88.0
vertex 12.35386848449707 -8.022695541381836 92.0
vertex 11.201006889343262 -9.566563606262207 92.0
endloop
endfacet
facet normal 0.7973967790603638 -0.5635443329811096 -0.21581517159938812
outer loop
vertex 10.774765014648438 -8.72523307800293 88.0
vertex 11.821456909179688 -7.244198322296143 88.0
vertex 12.35386848449707 -8.022695541381836 92.0
endloop
endfacet
facet normal 0.8536596298217773 -0.4780723452568054 -0.20666897296905518
outer loop
vertex 11.821456909179688 -7.244198322296143 88.0
vertex 13.295351028442383 -6.341557025909424 92.0
vertex 12.35386848449707 -8.022695541381836 92.0
endloop
endfacet
facet normal 0.8641322255134583 -0.4546419680118561 -0.21581517159938812
outer loop
vertex 11.821456909179688 -7.244198322296143 88.0
vertex 12.665881156921387 -5.639213562011719 88.0
vertex 13.295351028442383 -6.341557025909424 92.0
endloop
endfacet
facet normal 0.9087573885917664 -0.36255744099617004 -0.20666897296905518
outer loop
vertex 12.665881156921387 -5.639213562011719 88.0
vertex 14.009346961975098 -4.551912784576416 92.0
vertex 13.295351028442383 -6.341557025909424 92.0
endloop
endfacet
facet normal 0.9160821437835693 -0.33796054124832153 -0.21581517159938812
outer loop
vertex 12.665881156921387 -5.639213562011719 88.0
vertex 13.293587684631348 -3.9377400875091553 88.0
vertex 14.009346961975098 -4.551912784576416 92.0
endloop
endfacet
facet normal 0.9483060836791992 -0.24083906412124634 -0.20666897296905518
outer loop
vertex 13.293587684631348 -3.9377400875091553 88.0
vertex 14.483638763427734 -2.6843838691711426 92.0
vertex 14.009346961975098 -4.551912784576416 92.0
endloop
endfacet
facet normal 0.9523576498031616 -0.21549652516841888 -0.21581517159938812
outer loop
vertex 13.293587684631348 -3.9377400875091553 88.0
vertex 13.69383716583252 -2.1688907146453857 88.0
vertex 14.483638763427734 -2.6843838691711426 92.0
endloop
endfacet
facet normal 0.9716290235519409 -0.11499987542629242 -0.20666897296905518
outer loop
vertex 13.69383716583252 -2.1688907146453857 88.0
vertex 14.710111618041992 -0.7709242701530457 92.0
vertex 14.483638763427734 -2.6843838691711426 92.0
endloop
endfacet
facet normal 0.9723380208015442 -0.08934531360864639 -0.21581517159938812
outer loop
vertex 13.69383716583252 -2.1688907146453857 88.0
vertex 13.859781265258789 -0.36293116211891174 88.0
vertex 14.710111618041992 -0.7709242701530457 92.0
endloop
endfacet
facet normal 0.9783270955085754 0.01280700322240591 -0.20666897296905518
outer loop
vertex 13.859781265258789 -0.36293116211891174 88.0
vertex 14.684890747070312 1.1557259559631348 92.0
vertex 14.710111618041992 -0.7709242701530457 92.0
endloop
endfacet
facet normal 0.9756814241409302 0.03833462670445442 -0.21581517159938812
outer loop
vertex 13.859781265258789 -0.36293116211891174 88.0
vertex 13.788580894470215 1.4492383003234863 88.0
vertex 14.684890747070312 1.1557259559631348 92.0
endloop
endfacet
facet normal 0.9682857394218445 0.14039474725723267 -0.20666897296905518
outer loop
vertex 13.788580894470215 1.4492383003234863 88.0
vertex 14.408406257629395 3.062601327896118 92.0
vertex 14.684890747070312 1.1557259559631348 92.0
endloop
endfacet
facet normal 0.96233069896698 0.16535864770412445 -0.21581517159938812
outer loop
vertex 13.788580894470215 1.4492383003234863 88.0
vertex 13.481453895568848 3.2366108894348145 88.0
vertex 14.408406257629395 3.062601327896118 92.0
endloop
endfacet
facet normal 0.9416767358779907 0.26558029651641846 -0.20666897296905518
outer loop
vertex 13.481453895568848 3.2366108894348145 88.0
vertex 13.885391235351562 4.917074680328369 92.0
vertex 14.408406257629395 3.062601327896118 92.0
endloop
endfacet
facet normal 0.9325141906738281 0.28955334424972534 -0.21581517159938812
outer loop
vertex 13.481453895568848 3.2366108894348145 88.0
vertex 12.943655967712402 4.96860408782959 88.0
vertex 13.885391235351562 4.917074680328369 92.0
endloop
endfacet
facet normal 0.8989553451538086 0.386221706867218 -0.20666897296905518
outer loop
vertex 12.943655967712402 4.96860408782959 88.0
vertex 13.124792098999023 6.687415599822998 92.0
vertex 13.885391235351562 4.917074680328369 92.0
endloop
endfacet
facet normal 0.8867420554161072 0.40879368782043457 -0.21581517159938812
outer loop
vertex 12.943655967712402 4.96860408782959 88.0
vertex 12.184388160705566 6.6155829429626465 88.0
vertex 13.124792098999023 6.687415599822998 92.0
endloop
endfacet
facet normal 0.8408526182174683 0.50025475025177 -0.20666897296905518
outer loop
vertex 12.184388160705566 6.6155829429626465 88.0
vertex 12.139625549316406 8.34333324432373 92.0
vertex 13.124792098999023 6.687415599822998 92.0
endloop
endfacet
facet normal 0.8257976174354553 0.5210394859313965 -0.21581517159938812
outer loop
vertex 12.184388160705566 6.6155829429626465 88.0
vertex 11.216642379760742 8.149367332458496 88.0
vertex 12.139625549316406 8.34333324432373 92.0
endloop
endfacet
facet normal 0.7683626413345337 0.605728268623352 -0.20666897296905518
outer loop
vertex 11.216642379760742 8.149367332458496 88.0
vertex 10.946745872497559 9.856493949890137 92.0
vertex 12.139625549316406 8.34333324432373 92.0
endloop
endfacet
facet normal 0.7507234811782837 0.6243701577186584 -0.21581517159938812
outer loop
vertex 11.216642379760742 8.149367332458496 88.0
vertex 10.056976318359375 9.54371452331543 88.0
vertex 10.946745872497559 9.856493949890137 92.0
endloop
endfacet
facet normal 0.6827257871627808 0.7008376717567444 -0.20666897296905518
outer loop
vertex 10.056976318359375 9.54371452331543 88.0
vertex 9.566563606262207 11.201006889343262 92.0
vertex 10.946745872497559 9.856493949890137 92.0
endloop
endfacet
facet normal 0.6628043055534363 0.717017650604248 -0.21581517159938812
outer loop
vertex 10.056976318359375 9.54371452331543 88.0
vertex 8.72523307800293 10.774765014648438 88.0
vertex 9.566563606262207 11.201006889343262 92.0
endloop
endfacet
facet normal 0.5854073166847229 0.783955454826355 -0.20666897296905518
outer loop
vertex 8.72523307800293 10.774765014648438 88.0
vertex 8.022695541381836 12.35386848449707 92.0
vertex 9.566563606262207 11.201006889343262 92.0
endloop
endfacet
facet normal 0.5635443329811096 0.7973967790603638 -0.21581517159938812
outer loop
vertex 8.72523307800293 10.774765014648438 88.0
vertex 7.244198322296143 11.821456909179688 88.0
vertex 8.022695541381836 12.35386848449707 92.0
endloop
endfacet
facet normal 0.4780723452568054 0.8536596298217773 -0.20666897296905518
outer loop
vertex 7.244198322296143 11.821456909179688 88.0
vertex 6.341557025909424 13.295351028442383 92.0
vertex 8.022695541381836 12.35386848449707 92.0
endloop
endfacet
facet normal 0.4546419680118561 0.8641322255134583 -0.21581517159938812
outer loop
vertex 7.244198322296143 11.821456909179688 88.0
vertex 5.639213562011719 12.665881156921387 88.0
vertex 6.341557025909424 13.295351028442383 92.0
endloop
endfacet
facet normal 0.36255744099617004 0.9087573885917664 -0.20666897296905518
outer loop
vertex 5.639213562011719 12.665881156921387 88.0
vertex 4.551912784576416 14.009346961975098 92.0
vertex 6.341557025909424 13.295351028442383 92.0
endloop
endfacet
facet normal 0.33796054124832153 0.9160821437835693 -0.21581517159938812
outer loop
vertex 5.639213562011719 12.665881156921387 88.0
vertex 3.9377400875091553 13.293587684631348 88.0
vertex 4.551912784576416 14.009346961975098 92.0
endloop
endfacet
facet normal 0.24083906412124634 0.9483060836791992 -0.20666897296905518
outer loop
vertex 3.9377400875091553 13.293587684631348 88.0
vertex 2.6843838691711426 14.483638763427734 92.0
vertex 4.551912784576416 14.009346961975098 92.0
endloop
endfacet
facet normal 0.21549652516841888 0.9523576498031616 -0.21581517159938812
outer loop
vertex 3.9377400875091553 13.293587684631348 88.0
vertex 2.1688907146453857 13.69383716583252 88.0
vertex 2.6843838691711426 14.483638763427734 92.0
endloop
endfacet
facet normal 0.11499987542629242 0.9716290235519409 -0.20666897296905518
outer loop
vertex 2.1688907146453857 13.69383716583252 88.0
vertex 0.7709242701530457 14.710111618041992 92.0
vertex 2.6843838691711426 14.483638763427734 92.0
endloop
endfacet
facet normal 0.08934531360864639 0.9723380208015442 -0.21581517159938812
outer loop
vertex 2.1688907146453857 13.69383716583252 88.0
vertex 0.36293116211891174 13.859781265258789 88.0
vertex 0.7709242701530457 14.710111618041992 92.0
endloop
endfacet
facet normal -0.01280700322240591 0.9783270955085754 -0.20666897296905518
outer loop
vertex 0.36293116211891174 13.859781265258789 88.0
vertex -1.1557259559631348 14.684890747070312 92.0
vertex 0.7709242701530457 14.710111618041992 92.0
endloop
endfacet
facet normal -0.03833462670445442 0.9756814241409302 -0.21581517159938812
outer loop
vertex 0.36293116211891174 13.859781265258789 88.0
vertex -1.4492383003234863 13.788580894470215 88.0
vertex -1.1557259559631348 14.684890747070312 92.0
endloop
endfacet
facet normal -0.14039474725723267 0.9682857394218445 -0.20666897296905518
outer loop
vertex -1.4492383003234863 13.788580894470215 88.0
vertex -3.062601327896118 14.408406257629395 92.0
vertex -1.1557259559631348 14.684890747070312 92.0
endloop
endfacet
facet normal -0.16535864770412445 0.96233069896698 -0.21581517159938812
outer loop
vertex -1.4492383003234863 13.788580894470215 88.0
vertex -3.2366108894348145 13.481453895568848 88.0
vertex -3.062601327896118 14.408406257629395 92.0
endloop
endfacet
facet normal -0.26558029651641846 0.9416767358779907 -0.20666897296905518
outer loop
vertex -3.2366108894348145 13.481453895568848 88.0
vertex -4.917074680328369 13.885391235351562 92.0
vertex -3.062601327896118 14.408406257629395 92.0
endloop
endfacet
facet normal -0.28955334424972534 0.9325141906738281 -0.21581517159938812
outer loop
vertex -3.2366108894348145 13.481453895568848 88.0
vertex -4.96860408782959 12.943655967712402 88.0
vertex -4.917074680328369 13.885391235351562 92.0
endloop
endfacet
facet normal -0.386221706867218 0.8989553451538086 -0.20666897296905518
outer loop
vertex -4.96860408782959 12.943655967712402 88.0
vertex -6.687415599822998 13.124792098999023 92.0
vertex -4.917074680328369 13.885391235351562 92.0
endloop
endfacet
facet normal -0.40879368782043457 0.8867420554161072 -0.21581517159938812
outer loop
vertex -4.96860408782959 12.943655967712402 88.0
vertex -6.6155829429626465 12.184388160705566 88.0
vertex -6.687415599822998 13.124792098999023 92.0
endloop
endfacet
facet normal -0.50025475025177 0.8408526182174683 -0.20666897296905518
outer loop
vertex -6.6155829429626465 12.184388160705566 88.0
vertex -8.34333324432373 12.139625549316406 92.0
vertex -6.687415599822998 13.124792098999023 92.0
endloop
endfacet
facet normal -0.5210394859313965 0.8257976174354553 -0.21581517159938812
outer loop
vertex -6.6155829429626465 12.184388160705566 88.0
vertex -8.149367332458496 11.216642379760742 88.0
vertex -8.34333324432373 12.139625549316406 92.0
endloop
endfacet
facet normal -0.605728268623352 0.7683626413345337 -0.20666897296905518
outer loop
vertex -8.149367332458496 11.216642379760742 88.0
vertex -9.856493949890137 10.946745872497559 92.0
vertex -8.34333324432373 12.139625549316406 92.0
endloop
endfacet
facet normal -0.699982762336731 0.681892991065979 -0.21224059164524078
outer loop
vertex -9.856493949890137 10.946745872497559 92.0
vertex -11.201006889343262 9.566563606262207 92.0
vertex -11.577844619750977 10.424737930297852 96.0
endloop
endfacet
facet normal -0.769043505191803 0.6062650084495544 -0.20252126455307007
outer loop
vertex -11.201006889343262 9.566563606262207 92.0
vertex -12.839495658874512 8.8243408203125 96.0
vertex -11.577844619750977 10.424737930297852 96.0
endloop
endfacet
facet normal -0.7829992175102234 0.5846932530403137 -0.21224059164524078
outer loop
vertex -11.201006889343262 9.566563606262207 92.0
vertex -12.35386848449707 8.022695541381836 92.0
vertex -12.839495658874512 8.8243408203125 96.0
endloop
endfacet
facet normal -0.8415976762771606 0.5006980299949646 -0.20252126455307007
outer loop
vertex -12.35386848449707 8.022695541381836 92.0
vertex -13.88145923614502 7.0729570388793945 96.0
vertex -12.839495658874512 8.8243408203125 96.0
endloop
endfacet
facet normal -0.8526183366775513 0.4774892032146454 -0.21224059164524078
outer loop
vertex -12.35386848449707 8.022695541381836 92.0
vertex -13.295351028442383 6.341557025909424 92.0
vertex -13.88145923614502 7.0729570388793945 96.0
endloop
endfacet
facet normal -0.8997519016265869 0.3865639269351959 -0.20252126455307007
outer loop
vertex -13.295351028442383 6.341557025909424 92.0
vertex -14.685908317565918 5.200552940368652 96.0
vertex -13.88145923614502 7.0729570388793945 96.0
endloop
endfacet
facet normal -0.9076489210128784 0.36211520433425903 -0.21224059164524078
outer loop
vertex -13.295351028442383 6.341557025909424 92.0
vertex -14.009346961975098 4.551912784576416 92.0
vertex -14.685908317565918 5.200552940368652 96.0
endloop
endfacet
facet normal -0.9425110816955566 0.2658156156539917 -0.20252126455307007
outer loop
vertex -14.009346961975098 4.551912784576416 92.0
vertex -15.239076614379883 3.239165782928467 96.0
vertex -14.685908317565918 5.200552940368652 96.0
endloop
endfacet
facet normal -0.9471493363380432 0.24054528772830963 -0.21224059164524078
outer loop
vertex -14.009346961975098 4.551912784576416 92.0
vertex -14.483638763427734 2.6843838691711426 92.0
vertex -15.239076614379883 3.239165782928467 96.0
endloop
endfacet
facet normal -0.9691436886787415 0.1405191421508789 -0.20252126455307007
outer loop
vertex -14.483638763427734 2.6843838691711426 92.0
vertex -15.531499862670898 1.222355604171753 96.0
vertex -15.239076614379883 3.239165782928467 96.0
endloop
endfacet
facet normal -0.970443844795227 0.11485959589481354 -0.21224059164524078
outer loop
vertex -14.483638763427734 2.6843838691711426 92.0
vertex -14.710111618041992 0.7709242701530457 92.0
vertex -15.531499862670898 1.222355604171753 96.0
endloop
endfacet
facet normal -0.9791939854621887 0.0128183513879776 -0.20252126455307007
outer loop
vertex -14.710111618041992 0.7709242701530457 92.0
vertex -15.558175086975098 -0.8153694272041321 96.0
vertex -15.531499862670898 1.222355604171753 96.0
endloop
endfacet
facet normal -0.9771337509155273 -0.01279138121753931 -0.21224059164524078
outer loop
vertex -14.710111618041992 0.7709242701530457 92.0
vertex -14.684890747070312 -1.1557259559631348 92.0
vertex -15.558175086975098 -0.8153694272041321 96.0
endloop
endfacet
facet normal -0.9724899530410767 -0.11510176956653595 -0.20252126455307007
outer loop
vertex -14.684890747070312 -1.1557259559631348 92.0
vertex -15.318645477294922 -2.8391432762145996 96.0
vertex -15.558175086975098 -0.8153694272041321 96.0
endloop
endfacet
facet normal -0.9671046137809753 -0.14022348821163177 -0.21224059164524078
outer loop
vertex -14.684890747070312 -1.1557259559631348 92.0
vertex -14.408406257629395 -3.062601327896118 92.0
vertex -15.318645477294922 -2.8391432762145996 96.0
endloop
endfacet
facet normal -0.9491463899612427 -0.24105247855186462 -0.20252126455307007
outer loop
vertex -14.408406257629395 -3.062601327896118 92.0
vertex -14.817009925842285 -4.814338207244873 96.0
vertex -15.318645477294922 -2.8391432762145996 96.0
endloop
endfacet
facet normal -0.9405280351638794 -0.2652563452720642 -0.21224059164524078
outer loop
vertex -14.408406257629395 -3.062601327896118 92.0
vertex -13.885391235351562 -4.917074680328369 92.0
vertex -14.817009925842285 -4.814338207244873 96.0
endloop
endfacet
facet normal -0.9095626473426819 -0.3628787100315094 -0.20252126455307007
outer loop
vertex -13.885391235351562 -4.917074680328369 92.0
vertex -14.061851501464844 -6.707159042358398 96.0
vertex -14.817009925842285 -4.814338207244873 96.0
endloop
endfacet
facet normal -0.8978587985038757 -0.38575059175491333 -0.21224059164524078
outer loop
vertex -13.885391235351562 -4.917074680328369 92.0
vertex -13.124792098999023 -6.687415599822998 92.0
vertex -14.061851501464844 -6.707159042358398 96.0
endloop
endfacet
facet normal -0.854416012763977 -0.4784959554672241 -0.20252126455307007
outer loop
vertex -13.124792098999023 -6.687415599822998 92.0
vertex -13.06609058380127 -8.485218048095703 96.0
vertex -14.061851501464844 -6.707159042358398 96.0
endloop
endfacet
facet normal -0.8398269414901733 -0.49964451789855957 -0.21224059164524078
outer loop
vertex -13.124792098999023 -6.687415599822998 92.0
vertex -12.139625549316406 -8.34333324432373 92.0
vertex -13.06609058380127 -8.485218048095703 96.0
endloop
endfacet
facet normal -0.7846501469612122 -0.5859260559082031 -0.20252126455307007
outer loop
vertex -12.139625549316406 -8.34333324432373 92.0
vertex -11.84676456451416 -10.118093490600586 96.0
vertex -13.06609058380127 -8.485218048095703 96.0
endloop
endfacet
facet normal -0.7674254179000854 -0.6049894094467163 -0.21224059164524078
outer loop
vertex -12.139625549316406 -8.34333324432373 92.0
vertex -10.946745872497559 -9.856493949890137 92.0
vertex -11.84676456451416 -10.118093490600586 96.0
endloop
endfacet
facet normal -0.7014586329460144 -0.683330774307251 -0.20252126455307007
outer loop
vertex -10.946745872497559 -9.856493949890137 92.0
vertex -10.424737930297852 -11.577844619750977 96.0
vertex -11.84676456451416 -10.118093490600586 96.0
endloop
endfacet
facet normal -0.681892991065979 -0.699982762336731 -0.21224059164524078
outer loop
vertex -10.946745872497559 -9.856493949890137 92.0
vertex -9.566563606262207 -11.201006889343262 92.0
vertex -10.424737930297852 -11.577844619750977 96.0
endloop
endfacet
facet normal -0.6062650084495544 -0.769043505191803 -0.20252126455307007
outer loop
vertex -9.566563606262207 -11.201006889343262 92.0
vertex -8.8243408203125 -12.839495658874512 96.0
vertex -10.424737930297852 -11.577844619750977 96.0
endloop
endfacet
facet normal -0.5846932530403137 -0.7829992175102234 -0.21224059164524078
outer loop
vertex -9.566563606262207 -11.201006889343262 92.0
vertex -8.022695541381836 -12.35386848449707 92.0
vertex -8.8243408203125 -12.839495658874512 96.0
endloop
endfacet
facet normal -0.5006980299949646 -0.8415976762771606 -0.20252126455307007
outer loop
vertex -8.022695541381836 -12.35386848449707 92.0
vertex -7.0729570388793945 -13.88145923614502 96.0
vertex -8.8243408203125 -12.839495658874512 96.0
endloop
endfacet
facet normal -0.4774892032146454 -0.8526183366775513 -0.21224059164524078
outer loop
vertex -8.022695541381836 -12.35386848449707 92.0
vertex -6.341557025909424 -13.295351028442383 92.0
vertex -7.0729570388793945 -13.88145923614502 96.0
endloop
endfacet
facet normal -0.3865639269351959 -0.8997519016265869 -0.20252126455307007
outer loop
vertex -6.341557025909424 -13.295351028442383 92.0
vertex -5.200552940368652 -14.685908317565918 96.0
vertex -7.0729570388793945 -13.88145923614502 96.0
endloop
endfacet
facet normal -0.36211520433425903 -0.9076489210128784 -0.21224059164524078
outer loop
vertex -6.341557025909424 -13.295351028442383 92.0
vertex -4.551912784576416 -14.009346961975098 92.0
vertex -5.200552940368652 -14.685908317565918 96.0
endloop
endfacet
facet normal -0.2658156156539917 -0.9425110816955566 -0.20252126455307007
outer loop
vertex -4.551912784576416 -14.009346961975098 92.0
vertex -3.239165782928467 -15.239076614379883 96.0
vertex -5.200552940368652 -14.685908317565918 96.0
endloop
endfacet
facet normal -0.24054528772830963 -0.9471493363380432 -0.21224059164524078
outer loop
vertex -4.551912784576416 -14.009346961975098 92.0
vertex -2.6843838691711426 -14.483638763427734 92.0
vertex -3.239165782928467 -15.239076614379883 96.0
endloop
endfacet
facet normal -0.1405191421508789 -0.9691436886787415 -0.20252126455307007
outer loop
vertex -2.6843838691711426 -14.483638763427734 92.0
vertex -1.222355604171753 -15.531499862670898 96.0
vertex -3.239165782928467 -15.239076614379883 96.0
endloop
endfacet
facet normal -0.11485959589481354 -0.970443844795227 -0.21224059164524078
outer loop
vertex -2.6843838691711426 -14.483638763427734 92.0
vertex -0.7709242701530457 -14.710111618041992 92.0
vertex -1.222355604171753 -15.531499862670898 96.0
endloop
endfacet
facet normal -0.0128183513879776 -0.9791939854621887 -0.20252126455307007
outer loop
vertex -0.7709242701530457 -14.710111618041992 92.0
vertex 0.8153694272041321 -15.558175086975098 96.0
vertex -1.222355604171753 -15.531499862670898 96.0
endloop
endfacet
facet normal 0.01279138121753931 -0.9771337509155273 -0.21224059164524078
outer loop
vertex -0.7709242701530457 -14.710111618041992 92.0
vertex 1.1557259559631348 -14.684890747070312 92.0
vertex 0.8153694272041321 -15.558175086975098 96.0
endloop
endfacet
facet normal 0.11510176956653595 -0.9724899530410767 -0.20252126455307007
outer loop
vertex 1.1557259559631348 -14.684890747070312 92.0
vertex 2.8391432762145996 -15.318645477294922 96.0
vertex 0.8153694272041321 -15.558175086975098 96.0
endloop
endfacet
facet normal 0.14022348821163177 -0.9671046137809753 -0.21224059164524078
outer loop
vertex 1.1557259559631348 -14.684890747070312 92.0
vertex 3.062601327896118 -14.408406257629395 92.0
vertex 2.8391432762145996 -15.318645477294922 96.0
endloop
endfacet
facet normal 0.24105247855186462 -0.9491463899612427 -0.20252126455307007
outer loop
vertex 3.062601327896118 -14.408406257629395 92.0
vertex 4.814338207244873 -14.817009925842285 96.0
vertex 2.8391432762145996 -15.318645477294922 96.0
endloop
endfacet
facet normal 0.2652563452720642 -0.9405280351638794 -0.21224059164524078
outer loop
vertex 3.062601327896118 -14.408406257629395 92.0
vertex 4.917074680328369 -13.885391235351562 92.0
vertex 4.814338207244873 -14.817009925842285 96.0
endloop
endfacet
facet normal 0.3628787100315094 -0.9095626473426819 -0.20252126455307007
outer loop
vertex 4.917074680328369 -13.885391235351562 92.0
vertex 6.707159042358398 -14.061851501464844 96.0
vertex 4.814338207244873 -14.817009925842285 96.0
endloop
endfacet
facet normal 0.38575059175491333 -0.8978587985038757 -0.21224059164524078
outer loop
vertex 4.917074680328369 -13.885391235351562 92.0
vertex 6.687415599822998 -13.124792098999023 92.0
vertex 6.707159042358398 -14.061851501464844 96.0
endloop
endfacet
facet normal 0.4784959554672241 -0.854416012763977 -0.20252126455307007
outer loop
vertex 6.687415599822998 -13.124792098999023 92.0
vertex 8.485218048095703 -13.06609058380127 96.0
vertex 6.707159042358398 -14.061851501464844 96.0
endloop
endfacet
facet normal 0.49964451789855957 -0.8398269414901733 -0.21224059164524078
outer loop
vertex 6.687415599822998 -13.124792098999023 92.0
vertex 8.34333324432373 -12.139625549316406 92.0
vertex 8.485218048095703 -13.06609058380127 96.0
endloop
endfacet
facet normal 0.5859260559082031 -0.7846501469612122 -0.20252126455307007
outer loop
vertex 8.34333324432373 -12.139625549316406 92.0
vertex 10.118093490600586 -11.84676456451416 96.0
vertex 8.485218048095703 -13.06609058380127 96.0
endloop
endfacet
facet normal 0.6049894094467163 -0.7674254179000854 -0.21224059164524078
outer loop
vertex 8.34333324432373 -12.139625549316406 92.0
vertex 9.856493949890137 -10.946745872497559 92.0
vertex 10.118093490600586 -11.84676456451416 96.0
endloop
endfacet
facet normal 0.683330774307251 -0.7014586329460144 -0.20252126455307007
outer loop
vertex 9.856493949890137 -10.946745872497559 92.0
vertex 11.577844619750977 -10.424737930297852 96.0
vertex 10.118093490600586 -11.84676456451416 96.0
endloop
endfacet
facet normal 0.699982762336731 -0.681892991065979 -0.21224059164524078
outer loop
vertex 9.856493949890137 -10.946745872497559 92.0
vertex 11.201006889343262 -9.566563606262207 92.0
vertex 11.577844619750977 -10.424737930297852 96.0
endloop
endfacet
facet normal 0.769043505191803 -0.6062650084495544 -0.20252126455307007
outer loop
vertex 11.201006889343262 -9.566563606262207 92.0
vertex 12.839495658874512 -8.8243408203125 96.0
vertex 11.577844619750977 -10.424737930297852 96.0
endloop
endfacet
facet normal 0.7829992175102234 -0.5846932530403137 -0.21224059164524078
outer loop
vertex 11.201006889343262 -9.566563606262207 92.0
vertex 12.35386848449707 -8.022695541381836 92.0
vertex 12.839495658874512 -8.8243408203125 96.0
endloop
endfacet
facet normal 0.8415976762771606 -0.5006980299949646 -0.20252126455307007
outer loop
vertex 12.35386848449707 -8.022695541381836 92.0
vertex 13.88145923614502 -7.0729570388793945 96.0
vertex 12.839495658874512 -8.8243408203125 96.0
endloop
endfacet
facet normal 0.8526183366775513 -0.4774892032146454 -0.21224059164524078
outer loop
vertex 12.35386848449707 -8.022695541381836 92.0
vertex 13.295351028442383 -6.341557025909424 92.0
vertex 13.88145923614502 -7.0729570388793945 96.0
endloop
endfacet
facet normal 0.8997519016265869 -0.3865639269351959 -0.20252126455307007
outer loop
vertex 13.295351028442383 -6.341557025909424 92.0
vertex 14.685908317565918 -5.200552940368652 96.0
vertex 13.88145923614502 -7.0729570388793945 96.0
endloop
endfacet
facet normal 0.9076489210128784 -0.36211520433425903 -0.21224059164524078
outer loop
vertex 13.295351028442383 -6.341557025909424 92.0
vertex 14.009346961975098 -4.551912784576416 92.0
vertex 14.685908317565918 -5.200552940368652 96.0
endloop
endfacet
facet normal 0.9425110816955566 -0.2658156156539917 -0.20252126455307007
outer loop
vertex 14.009346961975098 -4.551912784576416 92.0
vertex 15.239076614379883 -3.239165782928467 96.0
vertex 14.685908317565918 -5.200552940368652 96.0
endloop
endfacet
facet normal 0.9471493363380432 -0.24054528772830963 -0.21224059164524078
outer loop
vertex 14.009346961975098 -4.551912784576416 92.0
vertex 14.483638763427734 -2.6843838691711426 92.0
vertex 15.239076614379883 -3.239165782928467 96.0
endloop
endfacet
facet normal 0.9691436886787415 -0.1405191421508789 -0.20252126455307007
outer loop
vertex 14.483638763427734 -2.6843838691711426 92.0
vertex 15.531499862670898 -1.222355604171753 96.0
vertex 15.239076614379883 -3.239165782928467 96.0
endloop
endfacet
facet normal 0.970443844795227 -0.11485959589481354 -0.21224059164524078
outer loop
vertex 14.483638763427734 -2.6843838691711426 92.0
vertex 14.710111618041992 -0.7709242701530457 92.0
vertex 15.531499862670898 -1.222355604171753 96.0
endloop
endfacet
facet normal 0.9791939854621887 -0.0128183513879776 -0.20252126455307007
outer loop
vertex 14.710111618041992 -0.7709242701530457 92.0
vertex 15.558175086975098 0.8153694272041321 96.0
vertex 15.531499862670898 -1.222355604171753 96.0
endloop
endfacet
facet normal 0.9771337509155273 0.01279138121753931 -0.21224059164524078
outer loop
vertex 14.710111618041992 -0.7709242701530457 92.0
vertex 14.684890747070312 1.1557259559631348 92.0
vertex 15.558175086975098 0.8153694272041321 96.0
endloop
endfacet
facet normal 0.9724899530410767 0.11510176956653595 -0.20252126455307007
outer loop
vertex 14.684890747070312 1.1557259559631348 92.0
vertex 15.318645477294922 2.8391432762145996 96.0
vertex 15.558175086975098 0.8153694272041321 96.0
endloop
endfacet
facet normal 0.9671046137809753 0.14022348821163177 -0.21224059164524078
outer loop
vertex 14.684890747070312 1.1557259559631348 92.0
vertex 14.408406257629395 3.062601327896118 92.0
vertex 15.318645477294922 2.8391432762145996 96.0
endloop
endfacet
facet normal 0.9491463899612427 0.24105247855186462 -0.20252126455307007
outer loop
vertex 14.408406257629395 3.062601327896118 92.0
vertex 14.817009925842285 4.814338207244873 96.0
vertex 15.318645477294922 2.8391432762145996 96.0
endloop
endfacet
facet normal 0.9405280351638794 0.2652563452720642 -0.21224059164524078
outer loop
vertex 14.408406257629395 3.062601327896118 92.0
vertex 13.885391235351562 4.917074680328369 92.0
vertex 14.817009925842285 4.814338207244873 96.0
endloop
endfacet
facet normal 0.9095626473426819 0.3628787100315094 -0.20252126455307007
outer loop
vertex 13.885391235351562 4.917074680328369 92.0
vertex 14.061851501464844 6.707159042358398 96.0
vertex 14.817009925842285 4.814338207244873 96.0
endloop
endfacet
facet normal 0.8978587985038757 0.38575059175491333 -0.21224059164524078
outer loop
vertex 13.885391235351562 4.917074680328369 92.0
vertex 13.124792098999023 6.687415599822998 92.0
vertex 14.061851501464844 6.707159042358398 96.0
endloop
endfacet
facet normal 0.854416012763977 0.4784959554672241 -0.20252126455307007
outer loop
vertex 13.124792098999023 6.687415599822998 92.0
vertex 13.06609058380127 8.485218048095703 96.0
vertex 14.061851501464844 6.707159042358398 96.0
endloop
endfacet
facet normal 0.8398269414901733 0.49964451789855957 -0.21224059164524078
outer loop
vertex 13.124792098999023 6.687415599822998 92.0
vertex 12.139625549316406 8.34333324432373 92.0
vertex 13.06609058380127 8.485218048095703 96.0
endloop
endfacet
facet normal 0.7846501469612122 0.5859260559082031 -0.20252126455307007
outer loop
vertex 12.139625549316406 8.34333324432373 92.0
vertex 11.84676456451416 10.118093490600586 96.0
vertex 13.06609058380127 8.485218048095703 96.0
endloop
endfacet
facet normal 0.7674254179000854 0.6049894094467163 -0.21224059164524078
outer loop
vertex 12.139625549316406 8.34333324432373 92.0
vertex 10.946745872497559 9.856493949890137 92.0
vertex 11.84676456451416 10.118093490600586 96.0
endloop
endfacet
facet normal 0.7014586329460144 0.683330774307251 -0.20252126455307007
outer loop
vertex 10.946745872497559 9.856493949890137 92.0
vertex 10.424737930297852 11.577844619750977 96.0
vertex 11.84676456451416 10.118093490600586 96.0
endloop
endfacet
facet normal 0.681892991065979 0.699982762336731 -0.21224059164524078
outer loop
vertex 10.946745872497559 9.856493949890137 92.0
vertex 9.566563606262207 11.201006889343262 92.0
vertex 10.424737930297852 11.577844619750977 96.0
endloop
endfacet
facet normal 0.6062650084495544 0.769043505191803 -0.20252126455307007
outer loop
vertex 9.566563606262207 11.201006889343262 92.0
vertex 8.8243408203125 12.839495658874512 96.0
vertex 10.424737930297852 11.577844619750977 96.0
endloop
endfacet
facet normal 0.5846932530403137 0.7829992175102234 -0.21224059164524078
outer loop
vertex 9.566563606262207 11.201006889343262 92.0
vertex 8.022695541381836 12.35386848449707 92.0
vertex 8.8243408203125 12.839495658874512 96.0
endloop
endfacet
facet normal 0.5006980299949646 0.8415976762771606 -0.20252126455307007
outer loop
vertex 8.022695541381836 12.35386848449707 92.0
vertex 7.0729570388793945 13.88145923614502 96.0
vertex 8.8243408203125 12.839495658874512 96.0
endloop
endfacet
facet normal 0.4774892032146454 0.8526183366775513 -0.21224059164524078
outer loop
vertex 8.022695541381836 12.35386848449707 92.0
vertex 6.341557025909424 13.295351028442383 92.0
vertex 7.0729570388793945 13.88145923614502 96.0
endloop
endfacet
facet normal 0.3865639269351959 0.8997519016265869 -0.20252126455307007
outer loop
vertex 6.341557025909424 13.295351028442383 92.0
vertex 5.200552940368652 14.685908317565918 96.0
vertex 7.0729570388793945 13.88145923614502 96.0
endloop
endfacet
facet normal 0.36211520433425903 0.9076489210128784 -0.21224059164524078
outer loop
vertex 6.341557025909424 13.295351028442383 92.0
vertex 4.551912784576416 14.009346961975098 92.0
vertex 5.200552940368652 14.685908317565918 96.0
endloop
endfacet
facet normal 0.2658156156539917 0.9425110816955566 -0.20252126455307007
outer loop
vertex 4.551912784576416 14.009346961975098 92.0
vertex 3.239165782928467 15.239076614379883 96.0
vertex 5.200552940368652 14.685908317565918 96.0
endloop
endfacet
facet normal 0.24054528772830963 0.9471493363380432 -0.21224059164524078
outer loop
vertex 4.551912784576416 14.009346961975098 92.0
vertex 2.6843838691711426 14.483638763427734 92.0
vertex 3.239165782928467 15.239076614379883 96.0
endloop
endfacet
facet normal 0.1405191421508789 0.9691436886787415 -0.20252126455307007
outer loop
vertex 2.6843838691711426 14.483638763427734 92.0
vertex 1.222355604171753 15.531499862670898 96.0
vertex 3.239165782928467 15.239076614379883 96.0
endloop
endfacet
facet normal 0.11485959589481354 0.970443844795227 -0.21224059164524078
outer loop
vertex 2.6843838691711426 14.483638763427734 92.0
vertex 0.7709242701530457 14.710111618041992 92.0
vertex 1.222355604171753 15.531499862670898 96.0
endloop
endfacet
facet normal 0.0128183513879776 0.9791939854621887 -0.20252126455307007
outer loop
vertex 0.7709242701530457 14.710111618041992 92.0
vertex -0.8153694272041321 15.558175086975098 96.0
vertex 1.222355604171753 15.531499862670898 96.0
endloop
endfacet
facet normal -0.01279138121753931 0.9771337509155273 -0.21224059164524078
outer loop
vertex 0.7709242701530457 14.710111618041992 92.0
vertex -1.1557259559631348 14.684890747070312 92.0
vertex -0.8153694272041321 15.558175086975098 96.0
endloop
endfacet
facet normal -0.11510176956653595 0.9724899530410767 -0.20252126455307007
outer loop
vertex -1.1557259559631348 14.684890747070312 92.0
vertex -2.8391432762145996 15.318645477294922 96.0
vertex -0.8153694272041321 15.558175086975098 96.0
endloop
endfacet
facet normal -0.14022348821163177 0.9671046137809753 -0.21224059164524078
outer loop
vertex -1.1557259559631348 14.684890747070312 92.0
vertex -3.062601327896118 14.408406257629395 92.0
vertex -2.8391432762145996 15.318645477294922 96.0
endloop
endfacet
facet normal -0.24105247855186462 0.9491463899612427 -0.20252126455307007
outer loop
vertex -3.062601327896118 14.408406257629395 92.0
vertex -4.814338207244873 14.817009925842285 96.0
vertex -2.8391432762145996 15.318645477294922 96.0
endloop
endfacet
facet normal -0.2652563452720642 0.9405280351638794 -0.21224059164524078
outer loop
vertex -3.062601327896118 14.408406257629395 92.0
vertex -4.917074680328369 13.885391235351562 92.0
vertex -4.814338207244873 14.817009925842285 96.0
endloop
endfacet
facet normal -0.3628787100315094 0.9095626473426819 -0.20252126455307007
outer loop
vertex -4.917074680328369 13.885391235351562 92.0
vertex -6.707159042358398 14.061851501464844 96.0
vertex -4.814338207244873 14.817009925842285 96.0
endloop
endfacet
facet normal -0.38575059175491333 0.8978587985038757 -0.21224059164524078
outer loop
vertex -4.917074680328369 13.885391235351562 92.0
vertex -6.687415599822998 13.124792098999023 92.0
vertex -6.707159042358398 14.061851501464844 96.0
endloop
endfacet
facet normal -0.4784959554672241 0.854416012763977 -0.20252126455307007
outer loop
vertex -6.687415599822998 13.124792098999023 92.0
vertex -8.485218048095703 13.06609058380127 96.0
vertex -6.707159042358398 14.061851501464844 96.0
endloop
endfacet
facet normal -0.49964451789855957 0.8398269414901733 -0.21224059164524078
outer loop
vertex -6.687415599822998 13.124792098999023 92.0
vertex -8.34333324432373 12.139625549316406 92.0
vertex -8.485218048095703 13.06609058380127 96.0
endloop
endfacet
facet normal -0.5859260559082031 0.7846501469612122 -0.20252126455307007
outer loop
vertex -8.34333324432373 12.139625549316406 92.0
vertex -10.118093490600586 11.84676456451416 96.0
vertex -8.485218048095703 13.06609058380127 96.0
endloop
endfacet
facet normal -0.6049894094467163 0.7674254179000854 -0.21224059164524078
outer loop
vertex -8.34333324432373 12.139625549316406 92.0
vertex -9.856493949890137 10.946745872497559 92.0
vertex -10.118093490600586 11.84676456451416 96.0
endloop
endfacet
facet normal -0.683330774307251 0.7014586329460144 -0.20252126455307007
outer loop
vertex -9.856493949890137 10.946745872497559 92.0
vertex -11.577844619750977 10.424737930297852 96.0
vertex -10.118093490600586 11.84676456451416 96.0
endloop
endfacet
facet normal -0.7663818001747131 0.6041666865348816 -0.21826957166194916
outer loop
vertex -11.577844619750977 10.424737930297852 96.0
vertex -12.839495658874512 8.8243408203125 96.0
vertex -13.311164855957031 9.671127319335938 100.0
endloop
endfacet
facet normal -0.8272241353988647 0.5219395756721497 -0.20803673565387726
outer loop
vertex -12.839495658874512 8.8243408203125 96.0
vertex -14.45962142944336 7.85093355178833 100.0
vertex -13.311164855957031 9.671127319335938 100.0
endloop
endfacet
facet normal -0.8386848568916321 0.4989650547504425 -0.21826957166194916
outer loop
vertex -12.839495658874512 8.8243408203125 96.0
vertex -13.88145923614502 7.0729570388793945 96.0
vertex -14.45962142944336 7.85093355178833 100.0
endloop
endfacet
facet normal -0.8882738947868347 0.4094998836517334 -0.20803673565387726
outer loop
vertex -13.88145923614502 7.0729570388793945 96.0
vertex -15.360669136047363 5.896408557891846 100.0
vertex -14.45962142944336 7.85093355178833 100.0
endloop
endfacet
facet normal -0.8966377973556519 0.38522598147392273 -0.21826957166194916
outer loop
vertex -13.88145923614502 7.0729570388793945 96.0
vertex -14.685908317565918 5.200552940368652 96.0
vertex -15.360669136047363 5.896408557891846 100.0
endloop
endfacet
facet normal -0.9341250658035278 0.2900535464286804 -0.20803673565387726
outer loop
vertex -14.685908317565918 5.200552940368652 96.0
vertex -15.998892784118652 3.840994358062744 100.0
vertex -15.360669136047363 5.896408557891846 100.0
endloop
endfacet
facet normal -0.9392490386962891 0.26489561796188354 -0.21826957166194916
outer loop
vertex -14.685908317565918 5.200552940368652 96.0
vertex -15.239076614379883 3.239165782928467 96.0
vertex -15.998892784118652 3.840994358062744 100.0
endloop
endfacet
facet normal -0.9639930725097656 0.1656443029642105 -0.20803673565387726
outer loop
vertex -15.239076614379883 3.239165782928467 96.0
vertex -16.363370895385742 1.7198594808578491 100.0
vertex -15.998892784118652 3.840994358062744 100.0
endloop
endfacet
facet normal -0.9657894372940063 0.1400327980518341 -0.21826957166194916
outer loop
vertex -15.239076614379883 3.239165782928467 96.0
vertex -15.531499862670898 1.222355604171753 96.0
vertex -16.363370895385742 1.7198594808578491 100.0
endloop
endfacet
facet normal -0.9773669242858887 0.03840085119009018 -0.20803673565387726
outer loop
vertex -15.531499862670898 1.222355604171753 96.0
vertex -16.447866439819336 -0.4307025372982025 100.0
vertex -16.363370895385742 1.7198594808578491 100.0
endloop
endfacet
facet normal -0.9758049249649048 0.012773985974490643 -0.21826957166194916
outer loop
vertex -15.531499862670898 1.222355604171753 96.0
vertex -15.558175086975098 -0.8153694272041321 96.0
vertex -16.447866439819336 -0.4307025372982025 100.0
endloop
endfacet
facet normal -0.9740177392959595 -0.08949965238571167 -0.20803673565387726
outer loop
vertex -15.558175086975098 -0.8153694272041321 96.0
vertex -16.250934600830078 -2.573895215988159 100.0
vertex -16.447866439819336 -0.4307025372982025 100.0
endloop
endfacet
facet normal -0.9691240787506104 -0.11470339447259903 -0.21826957166194916
outer loop
vertex -15.558175086975098 -0.8153694272041321 96.0
vertex -15.318645477294922 -2.8391432762145996 96.0
vertex -16.250934600830078 -2.573895215988159 100.0
endloop
endfacet
facet normal -0.9540027976036072 -0.21586880087852478 -0.20803673565387726
outer loop
vertex -15.318645477294922 -2.8391432762145996 96.0
vertex -15.775944709777832 -4.6730475425720215 100.0
vertex -16.250934600830078 -2.573895215988159 100.0
endloop
endfacet
facet normal -0.9458613395690918 -0.2402181774377823 -0.21826957166194916
outer loop
vertex -15.318645477294922 -2.8391432762145996 96.0
vertex -14.817009925842285 -4.814338207244873 96.0
vertex -15.775944709777832 -4.6730475425720215 100.0
endloop
endfacet
facet normal -0.917664647102356 -0.3385443687438965 -0.20803673565387726
outer loop
vertex -14.817009925842285 -4.814338207244873 96.0
vertex -15.031023979187012 -6.6922430992126465 100.0
vertex -15.775944709777832 -4.6730475425720215 100.0
endloop
endfacet
facet normal -0.9064145684242249 -0.36162275075912476 -0.21826957166194916
outer loop
vertex -14.817009925842285 -4.814338207244873 96.0
vertex -14.061851501464844 -6.707159042358398 96.0
vertex -15.031023979187012 -6.6922430992126465 100.0
endloop
endfacet
facet normal -0.8656250238418579 -0.455427348613739 -0.20803673565387726
outer loop
vertex -14.061851501464844 -6.707159042358398 96.0
vertex -14.028918266296387 -8.596932411193848 100.0
vertex -15.031023979187012 -6.6922430992126465 100.0
endloop
endfacet
facet normal -0.8514588475227356 -0.4768398702144623 -0.21826957166194916
outer loop
vertex -14.061851501464844 -6.707159042358398 96.0
vertex -13.06609058380127 -8.485218048095703 96.0
vertex -14.028918266296387 -8.596932411193848 100.0
endloop
endfacet
facet normal -0.798774242401123 -0.5645178556442261 -0.20803673565387726
outer loop
vertex -13.06609058380127 -8.485218048095703 96.0
vertex -12.786774635314941 -10.354525566101074 100.0
vertex -14.028918266296387 -8.596932411193848 100.0
endloop
endfacet
facet normal -0.781934380531311 -0.58389812707901 -0.21826957166194916
outer loop
vertex -13.06609058380127 -8.485218048095703 96.0
vertex -11.84676456451416 -10.118093490600586 96.0
vertex -12.786774635314941 -10.354525566101074 100.0
endloop
endfacet
facet normal -0.7182562947273254 -0.6639492511749268 -0.20803673565387726
outer loop
vertex -11.84676456451416 -10.118093490600586 96.0
vertex -11.325844764709473 -11.93494987487793 100.0
vertex -12.786774635314941 -10.354525566101074 100.0
endloop
endfacet
facet normal -0.6990308165550232 -0.6809657216072083 -0.21826957166194916
outer loop
vertex -11.84676456451416 -10.118093490600586 96.0
vertex -10.424737930297852 -11.577844619750977 96.0
vertex -11.325844764709473 -11.93494987487793 100.0
endloop
endfacet
facet normal -0.6254487037658691 -0.7520203590393066 -0.20803673565387726
outer loop
vertex -10.424737930297852 -11.577844619750977 96.0
vertex -9.671127319335938 -13.311164855957031 100.0
vertex -11.325844764709473 -11.93494987487793 100.0
endloop
endfacet
facet normal -0.6041666865348816 -0.7663818001747131 -0.21826957166194916
outer loop
vertex -10.424737930297852 -11.577844619750977 96.0
vertex -8.8243408203125 -12.839495658874512 96.0
vertex -9.671127319335938 -13.311164855957031 100.0
endloop
endfacet
facet normal -0.5219395756721497 -0.8272241353988647 -0.20803673565387726
outer loop
vertex -8.8243408203125 -12.839495658874512 96.0
vertex -7.85093355178833 -14.45962142944336 100.0
vertex -9.671127319335938 -13.311164855957031 100.0
endloop
endfacet
facet normal -0.4989650547504425 -0.8386848568916321 -0.21826957166194916
outer loop
vertex -8.8243408203125 -12.839495658874512 96.0
vertex -7.0729570388793945 -13.88145923614502 96.0
vertex -7.85093355178833 -14.45962142944336 100.0
endloop
endfacet
facet normal -0.4094998836517334 -0.8882738947868347 -0.20803673565387726
outer loop
vertex -7.0729570388793945 -13.88145923614502 96.0
vertex -5.896408557891846 -15.360669136047363 100.0
vertex -7.85093355178833 -14.45962142944336 100.0
endloop
endfacet
facet normal -0.38522598147392273 -0.8966377973556519 -0.21826957166194916
outer loop
vertex -7.0729570388793945 -13.88145923614502 96.0
vertex -5.200552940368652 -14.685908317565918 96.0
vertex -5.896408557891846 -15.360669136047363 100.0
endloop
endfacet
facet normal -0.2900535464286804 -0.9341250658035278 -0.20803673565387726
outer loop
vertex -5.200552940368652 -14.685908317565918 96.0
vertex -3.840994358062744 -15.998892784118652 100.0
vertex -5.896408557891846 -15.360669136047363 100.0
endloop
endfacet
facet normal -0.26489561796188354 -0.9392490386962891 -0.21826957166194916
outer loop
vertex -5.200552940368652 -14.685908317565918 96.0
vertex -3.239165782928467 -15.239076614379883 96.0
vertex -3.840994358062744 -15.998892784118652 100.0
endloop
endfacet
facet normal -0.1656443029642105 -0.9639930725097656 -0.20803673565387726
outer loop
vertex -3.239165782928467 -15.239076614379883 96.0
vertex -1.7198594808578491 -16.363370895385742 100.0
vertex -3.840994358062744 -15.998892784118652 100.0
endloop
endfacet
facet normal -0.1400327980518341 -0.9657894372940063 -0.21826957166194916
outer loop
vertex -3.239165782928467 -15.239076614379883 96.0
vertex -1.222355604171753 -15.531499862670898 96.0
vertex -1.7198594808578491 -16.363370895385742 100.0
endloop
endfacet
facet normal -0.03840085119009018 -0.9773669242858887 -0.20803673565387726
outer loop
vertex -1.222355604171753 -15.531499862670898 96.0
vertex 0.4307025372982025 -16.447866439819336 100.0
vertex -1.7198594808578491 -16.363370895385742 100.0
endloop
endfacet
facet normal -0.012773985974490643 -0.9758049249649048 -0.21826957166194916
outer loop
vertex -1.222355604171753 -15.531499862670898 96.0
vertex 0.8153694272041321 -15.558175086975098 96.0
vertex 0.4307025372982025 -16.447866439819336 100.0
endloop
endfacet
facet normal 0.08949965238571167 -0.9740177392959595 -0.20803673565387726
outer loop
vertex 0.8153694272041321 -15.558175086975098 96.0
vertex 2.573895215988159 -16.250934600830078 100.0
vertex 0.4307025372982025 -16.447866439819336 100.0
endloop
endfacet
facet normal 0.11470339447259903 -0.9691240787506104 -0.21826957166194916
outer loop
vertex 0.8153694272041321 -15.558175086975098 96.0
vertex 2.8391432762145996 -15.318645477294922 96.0
vertex 2.573895215988159 -16.250934600830078 100.0
endloop
endfacet
facet normal 0.21586880087852478 -0.9540027976036072 -0.20803673565387726
outer loop
vertex 2.8391432762145996 -15.318645477294922 96.0
vertex 4.6730475425720215 -15.775944709777832 100.0
vertex 2.573895215988159 -16.250934600830078 100.0
endloop
endfacet
facet normal 0.2402181774377823 -0.9458613395690918 -0.21826957166194916
outer loop
vertex 2.8391432762145996 -15.318645477294922 96.0
vertex 4.814338207244873 -14.817009925842285 96.0
vertex 4.6730475425720215 -15.775944709777832 100.0
endloop
endfacet
facet normal 0.3385443687438965 -0.917664647102356 -0.20803673565387726
outer loop
vertex 4.814338207244873 -14.817009925842285 96.0
vertex 6.6922430992126465 -15.031023979187012 100.0
vertex 4.6730475425720215 -15.775944709777832 100.0
endloop
endfacet
facet normal 0.36162275075912476 -0.9064145684242249 -0.21826957166194916
outer loop
vertex 4.814338207244873 -14.817009925842285 96.0
vertex 6.707159042358398 -14.061851501464844 96.0
vertex 6.6922430992126465 -15.031023979187012 100.0
endloop
endfacet
facet normal 0.455427348613739 -0.8656250238418579 -0.20803673565387726
outer loop
vertex 6.707159042358398 -14.061851501464844 96.0
vertex 8.596932411193848 -14.028918266296387 100.0
vertex 6.6922430992126465 -15.031023979187012 100.0
endloop
endfacet
facet normal 0.4768398702144623 -0.8514588475227356 -0.21826957166194916
outer loop
vertex 6.707159042358398 -14.061851501464844 96.0
vertex 8.485218048095703 -13.06609058380127 96.0
vertex 8.596932411193848 -14.028918266296387 100.0
endloop
endfacet
facet normal 0.5645178556442261 -0.798774242401123 -0.20803673565387726
outer loop
vertex 8.485218048095703 -13.06609058380127 96.0
vertex 10.354525566101074 -12.786774635314941 100.0
vertex 8.596932411193848 -14.028918266296387 100.0
endloop
endfacet
facet normal 0.58389812707901 -0.781934380531311 -0.21826957166194916
outer loop
vertex 8.485218048095703 -13.06609058380127 96.0
vertex 10.118093490600586 -11.84676456451416 96.0
vertex 10.354525566101074 -12.786774635314941 100.0
endloop
endfacet
facet normal 0.6639492511749268 -0.7182562947273254 -0.20803673565387726
outer loop
vertex 10.118093490600586 -11.84676456451416 96.0
vertex 11.93494987487793 -11.325844764709473 100.0
vertex 10.354525566101074 -12.786774635314941 100.0
endloop
endfacet
facet normal 0.6809657216072083 -0.6990308165550232 -0.21826957166194916
outer loop
vertex 10.118093490600586 -11.84676456451416 96.0
vertex 11.577844619750977 -10.424737930297852 96.0
vertex 11.93494987487793 -11.325844764709473 100.0
endloop
endfacet
facet normal 0.7520203590393066 -0.6254487037658691 -0.20803673565387726
outer loop
vertex 11.577844619750977 -10.424737930297852 96.0
vertex 13.311164855957031 -9.671127319335938 100.0
vertex 11.93494987487793 -11.325844764709473 100.0
endloop
endfacet
facet normal 0.7663818001747131 -0.6041666865348816 -0.21826957166194916
outer loop
vertex 11.577844619750977 -10.424737930297852 96.0
vertex 12.839495658874512 -8.8243408203125 96.0
vertex 13.311164855957031 -9.671127319335938 100.0
endloop
endfacet
facet normal 0.8272241353988647 -0.5219395756721497 -0.20803673565387726
outer loop
vertex 12.839495658874512 -8.8243408203125 96.0
vertex 14.45962142944336 -7.85093355178833 100.0
vertex 13.311164855957031 -9.671127319335938 100.0
endloop
endfacet
facet normal 0.8386848568916321 -0.4989650547504425 -0.21826957166194916
outer loop
vertex 12.839495658874512 -8.8243408203125 96.0
vertex 13.88145923614502 -7.0729570388793945 96.0
vertex 14.45962142944336 -7.85093355178833 100.0
endloop
endfacet
facet normal 0.8882738947868347 -0.4094998836517334 -0.20803673565387726
outer loop
vertex 13.88145923614502 -7.0729570388793945 96.0
vertex 15.360669136047363 -5.896408557891846 100.0
vertex 14.45962142944336 -7.85093355178833 100.0
endloop
endfacet
facet normal 0.8966377973556519 -0.38522598147392273 -0.21826957166194916
outer loop
vertex 13.88145923614502 -7.0729570388793945 96.0
vertex 14.685908317565918 -5.200552940368652 96.0
vertex 15.360669136047363 -5.896408557891846 100.0
endloop
endfacet
facet normal 0.9341250658035278 -0.2900535464286804 -0.20803673565387726
outer loop
vertex 14.685908317565918 -5.200552940368652 96.0
vertex 15.998892784118652 -3.840994358062744 100.0
vertex 15.360669136047363 -5.896408557891846 100.0
endloop
endfacet
facet normal 0.9392490386962891 -0.26489561796188354 -0.21826957166194916
outer loop
vertex 14.685908317565918 -5.200552940368652 96.0
vertex 15.239076614379883 -3.239165782928467 96.0
vertex 15.998892784118652 -3.840994358062744 100.0
endloop
endfacet
facet normal 0.9639930725097656 -0.1656443029642105 -0.20803673565387726
outer loop
vertex 15.239076614379883 -3.239165782928467 96.0
vertex 16.363370895385742 -1.7198594808578491 100.0
vertex 15.998892784118652 -3.840994358062744 100.0
endloop
endfacet
facet normal 0.9657894372940063 -0.1400327980518341 -0.21826957166194916
outer loop
vertex 15.239076614379883 -3.239165782928467 96.0
vertex 15.531499862670898 -1.222355604171753 96.0
vertex 16.363370895385742 -1.7198594808578491 100.0
endloop
endfacet
facet normal 0.9773669242858887 -0.03840085119009018 -0.20803673565387726
outer loop
vertex 15.531499862670898 -1.222355604171753 96.0
vertex 16.447866439819336 0.4307025372982025 100.0
vertex 16.363370895385742 -1.7198594808578491 100.0
endloop
endfacet
facet normal 0.9758049249649048 -0.012773985974490643 -0.21826957166194916
outer loop
vertex 15.531499862670898 -1.222355604171753 96.0
vertex 15.558175086975098 0.8153694272041321 96.0
vertex 16.447866439819336 0.4307025372982025 100.0
endloop
endfacet
facet normal 0.9740177392959595 0.08949965238571167 -0.20803673565387726
outer loop
vertex 15.558175086975098 0.8153694272041321 96.0
vertex 16.250934600830078 2.573895215988159 100.0
vertex 16.447866439819336 0.4307025372982025 100.0
endloop
endfacet
facet normal 0.9691240787506104 0.11470339447259903 -0.21826957166194916
outer loop
vertex 15.558175086975098 0.8153694272041321 96.0
vertex 15.318645477294922 2.8391432762145996 96.0
vertex 16.250934600830078 2.573895215988159 100.0
endloop
endfacet
facet normal 0.9540027976036072 0.21586880087852478 -0.20803673565387726
outer loop
vertex 15.318645477294922 2.8391432762145996 96.0
vertex 15.775944709777832 4.6730475425720215 100.0
vertex 16.250934600830078 2.573895215988159 100.0
endloop
endfacet
facet normal 0.9458613395690918 0.2402181774377823 -0.21826957166194916
outer loop
vertex 15.318645477294922 2.8391432762145996 96.0
vertex 14.817009925842285 4.814338207244873 96.0
vertex 15.775944709777832 4.6730475425720215 100.0
endloop
endfacet
facet normal 0.917664647102356 0.3385443687438965 -0.20803673565387726
outer loop
vertex 14.817009925842285 4.814338207244873 96.0
vertex 15.031023979187012 6.6922430992126465 100.0
vertex 15.775944709777832 4.6730475425720215 100.0
endloop
endfacet
facet normal 0.9064145684242249 0.36162275075912476 -0.21826957166194916
outer loop
vertex 14.817009925842285 4.814338207244873 96.0
vertex 14.061851501464844 6.707159042358398 96.0
vertex 15.031023979187012 6.6922430992126465 100.0
endloop
endfacet
facet normal 0.8656250238418579 0.455427348613739 -0.20803673565387726
outer loop
vertex 14.061851501464844 6.707159042358398 96.0
vertex 14.028918266296387 8.596932411193848 100.0
vertex 15.031023979187012 6.6922430992126465 100.0
endloop
endfacet
facet normal 0.8514588475227356 0.4768398702144623 -0.21826957166194916
outer loop
vertex 14.061851501464844 6.707159042358398 96.0
vertex 13.06609058380127 8.485218048095703 96.0
vertex 14.028918266296387 8.596932411193848 100.0
endloop
endfacet
facet normal 0.798774242401123 0.5645178556442261 -0.20803673565387726
outer loop
vertex 13.06609058380127 8.485218048095703 96.0
vertex 12.786774635314941 10.354525566101074 100.0
vertex 14.028918266296387 8.596932411193848 100.0
endloop
endfacet
facet normal 0.781934380531311 0.58389812707901 -0.21826957166194916
outer loop
vertex 13.06609058380127 8.485218048095703 96.0
vertex 11.84676456451416 10.118093490600586 96.0
vertex 12.786774635314941 10.354525566101074 100.0
endloop
endfacet
facet normal 0.7182562947273254 0.6639492511749268 -0.20803673565387726
outer loop
vertex 11.84676456451416 10.118093490600586 96.0
vertex 11.325844764709473 11.93494987487793 100.0
vertex 12.786774635314941 10.354525566101074 100.0
endloop
endfacet
facet normal 0.6990308165550232 0.6809657216072083 -0.21826957166194916
outer loop
vertex 11.84676456451416 10.118093490600586 96.0
vertex 10.424737930297852 11.577844619750977 96.0
vertex 11.325844764709473 11.93494987487793 100.0
endloop
endfacet
facet normal 0.6254487037658691 0.7520203590393066 -0.20803673565387726
outer loop
vertex 10.424737930297852 11.577844619750977 96.0
vertex 9.671127319335938 13.311164855957031 100.0
vertex 11.325844764709473 11.93494987487793 100.0
endloop
endfacet
facet normal 0.6041666865348816 0.7663818001747131 -0.21826957166194916
outer loop
vertex 10.424737930297852 11.577844619750977 96.0
vertex 8.8243408203125 12.839495658874512 96.0
vertex 9.671127319335938 13.311164855957031 100.0
endloop
endfacet
facet normal 0.5219395756721497 0.8272241353988647 -0.20803673565387726
outer loop
vertex 8.8243408203125 12.839495658874512 96.0
vertex 7.85093355178833 14.45962142944336 100.0
vertex 9.671127319335938 13.311164855957031 100.0
endloop
endfacet
facet normal 0.4989650547504425 0.8386848568916321 -0.21826957166194916
outer loop
vertex 8.8243408203125 12.839495658874512 96.0
vertex 7.0729570388793945 13.88145923614502 96.0
vertex 7.85093355178833 14.45962142944336 100.0
endloop
endfacet
facet normal 0.4094998836517334 0.8882738947868347 -0.20803673565387726
outer loop
vertex 7.0729570388793945 13.88145923614502 96.0
vertex 5.896408557891846 15.360669136047363 100.0
vertex 7.85093355178833 14.45962142944336 100.0
endloop
endfacet
facet normal 0.38522598147392273 0.8966377973556519 -0.21826957166194916
outer loop
vertex 7.0729570388793945 13.88145923614502 96.0
vertex 5.200552940368652 14.685908317565918 96.0
vertex 5.896408557891846 15.360669136047363 100.0
endloop
endfacet
facet normal 0.2900535464286804 0.9341250658035278 -0.20803673565387726
outer loop
vertex 5.200552940368652 14.685908317565918 96.0
vertex 3.840994358062744 15.998892784118652 100.0
vertex 5.896408557891846 15.360669136047363 100.0
endloop
endfacet
facet normal 0.26489561796188354 0.9392490386962891 -0.21826957166194916
outer loop
vertex 5.200552940368652 14.685908317565918 96.0
vertex 3.239165782928467 15.239076614379883 96.0
vertex 3.840994358062744 15.998892784118652 100.0
endloop
endfacet
facet normal 0.1656443029642105 0.9639930725097656 -0.20803673565387726
outer loop
vertex 3.239165782928467 15.239076614379883 96.0
vertex 1.7198594808578491 16.363370895385742 100.0
vertex 3.840994358062744 15.998892784118652 100.0
endloop
endfacet
facet normal 0.1400327980518341 0.9657894372940063 -0.21826957166194916
outer loop
vertex 3.239165782928467 15.239076614379883 96.0
vertex 1.222355604171753 15.531499862670898 96.0
vertex 1.7198594808578491 16.363370895385742 100.0
endloop
endfacet
facet normal 0.03840085119009018 0.9773669242858887 -0.20803673565387726
outer loop
vertex 1.222355604171753 15.531499862670898 96.0
vertex -0.4307025372982025 16.447866439819336 100.0
vertex 1.7198594808578491 16.363370895385742 100.0
endloop
endfacet
facet normal 0.012773985974490643 0.9758049249649048 -0.21826957166194916
outer loop
vertex 1.222355604171753 15.531499862670898 96.0
vertex -0.8153694272041321 15.558175086975098 96.0
vertex -0.4307025372982025 16.447866439819336 100.0
endloop
endfacet
facet normal -0.08949965238571167 0.9740177392959595 -0.20803673565387726
outer loop
vertex -0.8153694272041321 15.558175086975098 96.0
vertex -2.573895215988159 16.250934600830078 100.0
vertex -0.4307025372982025 16.447866439819336 100.0
endloop
endfacet
facet normal -0.11470339447259903 0.9691240787506104 -0.21826957166194916
outer loop
vertex -0.8153694272041321 15.558175086975098 96.0
vertex -2.8391432762145996 15.318645477294922 96.0
vertex -2.573895215988159 16.250934600830078 100.0
endloop
endfacet
facet normal -0.21586880087852478 0.9540027976036072 -0.20803673565387726
outer loop
vertex -2.8391432762145996 15.318645477294922 96.0
vertex -4.6730475425720215 15.775944709777832 100.0
vertex -2.573895215988159 16.250934600830078 100.0
endloop
endfacet
facet normal -0.2402181774377823 0.9458613395690918 -0.21826957166194916
outer loop
vertex -2.8391432762145996 15.318645477294922 96.0
vertex -4.814338207244873 14.817009925842285 96.0
vertex -4.6730475425720215 15.775944709777832 100.0
endloop
endfacet
facet normal -0.3385443687438965 0.917664647102356 -0.20803673565387726
outer loop
vertex -4.814338207244873 14.817009925842285 96.0
vertex -6.6922430992126465 15.031023979187012 100.0
vertex -4.6730475425720215 15.775944709777832 100.0
endloop
endfacet
facet normal -0.36162275075912476 0.9064145684242249 -0.21826957166194916
outer loop
vertex -4.814338207244873 14.817009925842285 96.0
vertex -6.707159042358398 14.061851501464844 96.0
vertex -6.6922430992126465 15.031023979187012 100.0
endloop
endfacet
facet normal -0.455427348613739 0.8656250238418579 -0.20803673565387726
outer loop
vertex -6.707159042358398 14.061851501464844 96.0
vertex -8.596932411193848 14.028918266296387 100.0
vertex -6.6922430992126465 15.031023979187012 100.0
endloop
endfacet
facet normal -0.4768398702144623 0.8514588475227356 -0.21826957166194916
outer loop
vertex -6.707159042358398 14.061851501464844 96.0
vertex -8.485218048095703 13.06609058380127 96.0
vertex -8.596932411193848 14.028918266296387 100.0
endloop
endfacet
facet normal -0.5645178556442261 0.798774242401123 -0.20803673565387726
outer loop
vertex -8.485218048095703 13.06609058380127 96.0
vertex -10.354525566101074 12.786774635314941 100.0
vertex -8.596932411193848 14.028918266296387 100.0
endloop
endfacet
facet normal -0.58389812707901 0.781934380531311 -0.21826957166194916
outer loop
vertex -8.485218048095703 13.06609058380127 96.0
vertex -10.118093490600586 11.84676456451416 96.0
vertex -10.354525566101074 12.786774635314941 100.0
endloop
endfacet
facet normal -0.6639492511749268 0.7182562947273254 -0.20803673565387726
outer loop
vertex -10.118093490600586 11.84676456451416 96.0
vertex -11.93494987487793 11.325844764709473 100.0
vertex -10.354525566101074 12.786774635314941 100.0
endloop
endfacet
facet normal -0.6809657216072083 0.6990308165550232 -0.21826957166194916
outer loop
vertex -10.118093490600586 11.84676456451416 96.0
vertex -11.577844619750977 10.424737930297852 96.0
vertex -11.93494987487793 11.325844764709473 100.0
endloop
endfacet
facet normal -0.7520203590393066 0.6254487037658691 -0.20803673565387726
outer loop
vertex -11.577844619750977 10.424737930297852 96.0
vertex -13.311164855957031 9.671127319335938 100.0
vertex -11.93494987487793 11.325844764709473 100.0
endloop
endfacet
facet normal -0.8215885758399963 0.518383800983429 -0.2372138500213623
outer loop
vertex -13.311164855957031 9.671127319335938 100.0
vertex -14.45962142944336 7.85093355178833 100.0
vertex -15.076143264770508 8.704215049743652 104.0
endloop
endfacet
facet normal -0.8735561370849609 0.4307902157306671 -0.22653812170028687
outer loop
vertex -14.45962142944336 7.85093355178833 100.0
vertex -16.083293914794922 6.6619181632995605 104.0
vertex -15.076143264770508 8.704215049743652 104.0
endloop
endfacet
facet normal -0.8822224736213684 0.40671011805534363 -0.2372138500213623
outer loop
vertex -14.45962142944336 7.85093355178833 100.0
vertex -15.360669136047363 5.896408557891846 100.0
vertex -16.083293914794922 6.6619181632995605 104.0
endloop
endfacet
facet normal -0.9223121404647827 0.3130827844142914 -0.22653812170028687
outer loop
vertex -15.360669136047363 5.896408557891846 100.0
vertex -16.81525230407715 4.505633354187012 104.0
vertex -16.083293914794922 6.6619181632995605 104.0
endloop
endfacet
facet normal -0.9277612566947937 0.28807753324508667 -0.2372138500213623
outer loop
vertex -15.360669136047363 5.896408557891846 100.0
vertex -15.998892784118652 3.840994358062744 100.0
vertex -16.81525230407715 4.505633354187012 104.0
endloop
endfacet
facet normal -0.9552870988845825 0.1900184154510498 -0.22653812170028687
outer loop
vertex -15.998892784118652 3.840994358062744 100.0
vertex -17.259498596191406 2.2722561359405518 104.0
vertex -16.81525230407715 4.505633354187012 104.0
endloop
endfacet
facet normal -0.9574257731437683 0.16451583802700043 -0.2372138500213623
outer loop
vertex -15.998892784118652 3.840994358062744 100.0
vertex -16.363370895385742 1.7198594808578491 100.0
vertex -17.259498596191406 2.2722561359405518 104.0
endloop
endfacet
facet normal -0.971916913986206 0.06370279937982559 -0.22653812170028687
outer loop
vertex -16.363370895385742 1.7198594808578491 100.0
vertex -17.408430099487305 2.1319179772515563e-15 104.0
vertex -17.259498596191406 2.2722561359405518 104.0
endloop
endfacet
facet normal -0.9707084894180298 0.03813923895359039 -0.2372138500213623
outer loop
vertex -16.363370895385742 1.7198594808578491 100.0
vertex -16.447866439819336 -0.4307025372982025 100.0
vertex -17.408430099487305 2.1319179772515563e-15 104.0
endloop
endfacet
facet normal -0.971916913986206 -0.06370279937982559 -0.22653812170028687
outer loop
vertex -16.447866439819336 -0.4307025372982025 100.0
vertex -17.259498596191406 -2.2722561359405518 104.0
vertex -17.408430099487305 2.1319179772515563e-15 104.0
endloop
endfacet
facet normal -0.9673821330070496 -0.08888992667198181 -0.2372138500213623
outer loop
vertex -16.447866439819336 -0.4307025372982025 100.0
vertex -16.250934600830078 -2.573895215988159 100.0
vertex -17.259498596191406 -2.2722561359405518 104.0
endloop
endfacet
facet normal -0.9552870988845825 -0.1900184154510498 -0.22653812170028687
outer loop
vertex -16.250934600830078 -2.573895215988159 100.0
vertex -16.81525230407715 -4.505633354187012 104.0
vertex -17.259498596191406 -2.2722561359405518 104.0
endloop
endfacet
facet normal -0.9475035667419434 -0.21439817547798157 -0.2372138500213623
outer loop
vertex -16.250934600830078 -2.573895215988159 100.0
vertex -15.775944709777832 -4.6730475425720215 100.0
vertex -16.81525230407715 -4.505633354187012 104.0
endloop
endfacet
facet normal -0.9223121404647827 -0.3130827844142914 -0.22653812170028687
outer loop
vertex -15.775944709777832 -4.6730475425720215 100.0
vertex -16.083293914794922 -6.6619181632995605 104.0
vertex -16.81525230407715 -4.505633354187012 104.0
endloop
endfacet
facet normal -0.9114129543304443 -0.33623799681663513 -0.2372138500213623
outer loop
vertex -15.775944709777832 -4.6730475425720215 100.0
vertex -15.031023979187012 -6.6922430992126465 100.0
vertex -16.083293914794922 -6.6619181632995605 104.0
endloop
endfacet
facet normal -0.8735561370849609 -0.4307902157306671 -0.22653812170028687
outer loop
vertex -15.031023979187012 -6.6922430992126465 100.0
vertex -15.076143264770508 -8.704215049743652 104.0
vertex -16.083293914794922 -6.6619181632995605 104.0
endloop
endfacet
facet normal -0.8597278594970703 -0.45232468843460083 -0.2372138500213623
outer loop
vertex -15.031023979187012 -6.6922430992126465 100.0
vertex -14.028918266296387 -8.596932411193848 100.0
vertex -15.076143264770508 -8.704215049743652 104.0
endloop
endfacet
facet normal -0.8098533153533936 -0.5411266684532166 -0.22653812170028687
outer loop
vertex -14.028918266296387 -8.596932411193848 100.0
vertex -13.811037063598633 -10.597580909729004 104.0
vertex -15.076143264770508 -8.704215049743652 104.0
endloop
endfacet
facet normal -0.7933325171470642 -0.5606719851493835 -0.2372138500213623
outer loop
vertex -14.028918266296387 -8.596932411193848 100.0
vertex -12.786774635314941 -10.354525566101074 100.0
vertex -13.811037063598633 -10.597580909729004 104.0
endloop
endfacet
facet normal -0.7322937250137329 -0.6422043442726135 -0.22653812170028687
outer loop
vertex -12.786774635314941 -10.354525566101074 100.0
vertex -12.309619903564453 -12.309619903564453 104.0
vertex -13.811037063598633 -10.597580909729004 104.0
endloop
endfacet
facet normal -0.7133630514144897 -0.6594260334968567 -0.2372138500213623
outer loop
vertex -12.786774635314941 -10.354525566101074 100.0
vertex -11.325844764709473 -11.93494987487793 100.0
vertex -12.309619903564453 -12.309619903564453 104.0
endloop
endfacet
facet normal -0.6422043442726135 -0.7322937250137329 -0.22653812170028687
outer loop
vertex -11.325844764709473 -11.93494987487793 100.0
vertex -10.597580909729004 -13.811037063598633 104.0
vertex -12.309619903564453 -12.309619903564453 104.0
endloop
endfacet
facet normal -0.6211878061294556 -0.7468971610069275 -0.2372138500213623
outer loop
vertex -11.325844764709473 -11.93494987487793 100.0
vertex -9.671127319335938 -13.311164855957031 100.0
vertex -10.597580909729004 -13.811037063598633 104.0
endloop
endfacet
facet normal -0.5411266684532166 -0.8098533153533936 -0.22653812170028687
outer loop
vertex -9.671127319335938 -13.311164855957031 100.0
vertex -8.704215049743652 -15.076143264770508 104.0
vertex -10.597580909729004 -13.811037063598633 104.0
endloop
endfacet
facet normal -0.518383800983429 -0.8215885758399963 -0.2372138500213623
outer loop
vertex -9.671127319335938 -13.311164855957031 100.0
vertex -7.85093355178833 -14.45962142944336 100.0
vertex -8.704215049743652 -15.076143264770508 104.0
endloop
endfacet
facet normal -0.4307902157306671 -0.8735561370849609 -0.22653812170028687
outer loop
vertex -7.85093355178833 -14.45962142944336 100.0
vertex -6.6619181632995605 -16.083293914794922 104.0
vertex -8.704215049743652 -15.076143264770508 104.0
endloop
endfacet
facet normal -0.40671011805534363 -0.8822224736213684 -0.2372138500213623
outer loop
vertex -7.85093355178833 -14.45962142944336 100.0
vertex -5.896408557891846 -15.360669136047363 100.0
vertex -6.6619181632995605 -16.083293914794922 104.0
endloop
endfacet
facet normal -0.3130827844142914 -0.9223121404647827 -0.22653812170028687
outer loop
vertex -5.896408557891846 -15.360669136047363 100.0
vertex -4.505633354187012 -16.81525230407715 104.0
vertex -6.6619181632995605 -16.083293914794922 104.0
endloop
endfacet
facet normal -0.28807753324508667 -0.9277612566947937 -0.2372138500213623
outer loop
vertex -5.896408557891846 -15.360669136047363 100.0
vertex -3.840994358062744 -15.998892784118652 100.0
vertex -4.505633354187012 -16.81525230407715 104.0
endloop
endfacet
facet normal -0.1900184154510498 -0.9552870988845825 -0.22653812170028687
outer loop
vertex -3.840994358062744 -15.998892784118652 100.0
vertex -2.2722561359405518 -17.259498596191406 104.0
vertex -4.505633354187012 -16.81525230407715 104.0
endloop
endfacet
facet normal -0.16451583802700043 -0.9574257731437683 -0.2372138500213623
outer loop
vertex -3.840994358062744 -15.998892784118652 100.0
vertex -1.7198594808578491 -16.363370895385742 100.0
vertex -2.2722561359405518 -17.259498596191406 104.0
endloop
endfacet
facet normal -0.06370279937982559 -0.971916913986206 -0.22653812170028687
outer loop
vertex -1.7198594808578491 -16.363370895385742 100.0
vertex -3.1978769658773344e-15 -17.408430099487305 104.0
vertex -2.2722561359405518 -17.259498596191406 104.0
endloop
endfacet
facet normal -0.03813923895359039 -0.9707084894180298 -0.2372138500213623
outer loop
vertex -1.7198594808578491 -16.363370895385742 100.0
vertex 0.4307025372982025 -16.447866439819336 100.0
vertex -3.1978769658773344e-15 -17.408430099487305 104.0
endloop
endfacet
facet normal 0.06370279937982559 -0.971916913986206 -0.22653812170028687
outer loop
vertex 0.4307025372982025 -16.447866439819336 100.0
vertex 2.2722561359405518 -17.259498596191406 104.0
vertex -3.1978769658773344e-15 -17.408430099487305 104.0
endloop
endfacet
facet normal 0.08888992667198181 -0.9673821330070496 -0.2372138500213623
outer loop
vertex 0.4307025372982025 -16.447866439819336 100.0
vertex 2.573895215988159 -16.250934600830078 100.0
vertex 2.2722561359405518 -17.259498596191406 104.0
endloop
endfacet
facet normal 0.1900184154510498 -0.9552870988845825 -0.22653812170028687
outer loop
vertex 2.573895215988159 -16.250934600830078 100.0
vertex 4.505633354187012 -16.81525230407715 104.0
vertex 2.2722561359405518 -17.259498596191406 104.0
endloop
endfacet
facet normal 0.21439817547798157 -0.9475035667419434 -0.2372138500213623
outer loop
vertex 2.573895215988159 -16.250934600830078 100.0
vertex 4.6730475425720215 -15.775944709777832 100.0
vertex 4.505633354187012 -16.81525230407715 104.0
endloop
endfacet
facet normal 0.3130827844142914 -0.9223121404647827 -0.22653812170028687
outer loop
vertex 4.6730475425720215 -15.775944709777832 100.0
vertex 6.6619181632995605 -16.083293914794922 104.0
vertex 4.505633354187012 -16.81525230407715 104.0
endloop
endfacet
facet normal 0.33623799681663513 -0.9114129543304443 -0.2372138500213623
outer loop
vertex 4.6730475425720215 -15.775944709777832 100.0
vertex 6.6922430992126465 -15.031023979187012 100.0
vertex 6.6619181632995605 -16.083293914794922 104.0
endloop
endfacet
facet normal 0.4307902157306671 -0.8735561370849609 -0.22653812170028687
outer loop
vertex 6.6922430992126465 -15.031023979187012 100.0
vertex 8.704215049743652 -15.076143264770508 104.0
vertex 6.6619181632995605 -16.083293914794922 104.0
endloop
endfacet
facet normal 0.45232468843460083 -0.8597278594970703 -0.2372138500213623
outer loop
vertex 6.6922430992126465 -15.031023979187012 100.0
vertex 8.596932411193848 -14.028918266296387 100.0
vertex 8.704215049743652 -15.076143264770508 104.0
endloop
endfacet
facet normal 0.5411266684532166 -0.8098533153533936 -0.22653812170028687
outer loop
vertex 8.596932411193848 -14.028918266296387 100.0
vertex 10.597580909729004 -13.811037063598633 104.0
vertex 8.704215049743652 -15.076143264770508 104.0
endloop
endfacet
facet normal 0.5606719851493835 -0.7933325171470642 -0.2372138500213623
outer loop
vertex 8.596932411193848 -14.028918266296387 100.0
vertex 10.354525566101074 -12.786774635314941 100.0
vertex 10.597580909729004 -13.811037063598633 104.0
endloop
endfacet
facet normal 0.6422043442726135 -0.7322937250137329 -0.22653812170028687
outer loop
vertex 10.354525566101074 -12.786774635314941 100.0
vertex 12.309619903564453 -12.309619903564453 104.0
vertex 10.597580909729004 -13.811037063598633 104.0
endloop
endfacet
facet normal 0.6594260334968567 -0.7133630514144897 -0.2372138500213623
outer loop
vertex 10.354525566101074 -12.786774635314941 100.0
vertex 11.93494987487793 -11.325844764709473 100.0
vertex 12.309619903564453 -12.309619903564453 104.0
endloop
endfacet
facet normal 0.7322937250137329 -0.6422043442726135 -0.22653812170028687
outer loop
vertex 11.93494987487793 -11.325844764709473 100.0
vertex 13.811037063598633 -10.597580909729004 104.0
vertex 12.309619903564453 -12.309619903564453 104.0
endloop
endfacet
facet normal 0.7468971610069275 -0.6211878061294556 -0.2372138500213623
outer loop
vertex 11.93494987487793 -11.325844764709473 100.0
vertex 13.311164855957031 -9.671127319335938 100.0
vertex 13.811037063598633 -10.597580909729004 104.0
endloop
endfacet
facet normal 0.8098533153533936 -0.5411266684532166 -0.22653812170028687
outer loop
vertex 13.311164855957031 -9.671127319335938 100.0
vertex 15.076143264770508 -8.704215049743652 104.0
vertex 13.811037063598633 -10.597580909729004 104.0
endloop
endfacet
facet normal 0.8215885758399963 -0.518383800983429 -0.2372138500213623
outer loop
vertex 13.311164855957031 -9.671127319335938 100.0
vertex 14.45962142944336 -7.85093355178833 100.0
vertex 15.076143264770508 -8.704215049743652 104.0
endloop
endfacet
facet normal 0.8735561370849609 -0.4307902157306671 -0.22653812170028687
outer loop
vertex 14.45962142944336 -7.85093355178833 100.0
vertex 16.083293914794922 -6.6619181632995605 104.0
vertex 15.076143264770508 -8.704215049743652 104.0
endloop
endfacet
facet normal 0.8822224736213684 -0.40671011805534363 -0.2372138500213623
outer loop
vertex 14.45962142944336 -7.85093355178833 100.0
vertex 15.360669136047363 -5.896408557891846 100.0
vertex 16.083293914794922 -6.6619181632995605 104.0
endloop
endfacet
facet normal 0.9223121404647827 -0.3130827844142914 -0.22653812170028687
outer loop
vertex 15.360669136047363 -5.896408557891846 100.0
vertex 16.81525230407715 -4.505633354187012 104.0
vertex 16.083293914794922 -6.6619181632995605 104.0
endloop
endfacet
facet normal 0.9277612566947937 -0.28807753324508667 -0.2372138500213623
outer loop
vertex 15.360669136047363 -5.896408557891846 100.0
vertex 15.998892784118652 -3.840994358062744 100.0
vertex 16.81525230407715 -4.505633354187012 104.0
endloop
endfacet
facet normal 0.9552870988845825 -0.1900184154510498 -0.22653812170028687
outer loop
vertex 15.998892784118652 -3.840994358062744 100.0
vertex 17.259498596191406 -2.2722561359405518 104.0
vertex 16.81525230407715 -4.505633354187012 104.0
endloop
endfacet
facet normal 0.9574257731437683 -0.16451583802700043 -0.2372138500213623
outer loop
vertex 15.998892784118652 -3.840994358062744 100.0
vertex 16.363370895385742 -1.7198594808578491 100.0
vertex 17.259498596191406 -2.2722561359405518 104.0
endloop
endfacet
facet normal 0.971916913986206 -0.06370279937982559 -0.22653812170028687
outer loop
vertex 16.363370895385742 -1.7198594808578491 100.0
vertex 17.408430099487305 -4.2638359545031125e-15 104.0
vertex 17.259498596191406 -2.2722561359405518 104.0
endloop
endfacet
facet normal 0.9707084894180298 -0.03813923895359039 -0.2372138500213623
outer loop
vertex 16.363370895385742 -1.7198594808578491 100.0
vertex 16.447866439819336 0.4307025372982025 100.0
vertex 17.408430099487305 -4.2638359545031125e-15 104.0
endloop
endfacet
facet normal 0.971916913986206 0.06370279937982559 -0.22653812170028687
outer loop
vertex 16.447866439819336 0.4307025372982025 100.0
vertex 17.259498596191406 2.2722561359405518 104.0
vertex 17.408430099487305 -4.2638359545031125e-15 104.0
endloop
endfacet
facet normal 0.9673821330070496 0.08888992667198181 -0.2372138500213623
outer loop
vertex 16.447866439819336 0.4307025372982025 100.0
vertex 16.250934600830078 2.573895215988159 100.0
vertex 17.259498596191406 2.2722561359405518 104.0
endloop
endfacet
facet normal 0.9552870988845825 0.1900184154510498 -0.22653812170028687
outer loop
vertex 16.250934600830078 2.573895215988159 100.0
vertex 16.81525230407715 4.505633354187012 104.0
vertex 17.259498596191406 2.2722561359405518 104.0
endloop
endfacet
facet normal 0.9475035667419434 0.21439817547798157 -0.2372138500213623
outer loop
vertex 16.250934600830078 2.573895215988159 100.0
vertex 15.775944709777832 4.6730475425720215 100.0
vertex 16.81525230407715 4.505633354187012 104.0
endloop
endfacet
facet normal 0.9223121404647827 0.3130827844142914 -0.22653812170028687
outer loop
vertex 15.775944709777832 4.6730475425720215 100.0
vertex 16.083293914794922 6.6619181632995605 104.0
vertex 16.81525230407715 4.505633354187012 104.0
endloop
endfacet
facet normal 0.9114129543304443 0.33623799681663513 -0.2372138500213623
outer loop
vertex 15.775944709777832 4.6730475425720215 100.0
vertex 15.031023979187012 6.6922430992126465 100.0
vertex 16.083293914794922 6.6619181632995605 104.0
endloop
endfacet
facet normal 0.8735561370849609 0.4307902157306671 -0.22653812170028687
outer loop
vertex 15.031023979187012 6.6922430992126465 100.0
vertex 15.076143264770508 8.704215049743652 104.0
vertex 16.083293914794922 6.6619181632995605 104.0
endloop
endfacet
facet normal 0.8597278594970703 0.45232468843460083 -0.2372138500213623
outer loop
vertex 15.031023979187012 6.6922430992126465 100.0
vertex 14.028918266296387 8.596932411193848 100.0
vertex 15.076143264770508 8.704215049743652 104.0
endloop
endfacet
facet normal 0.8098533153533936 0.5411266684532166 -0.22653812170028687
outer loop
vertex 14.028918266296387 8.596932411193848 100.0
vertex 13.811037063598633 10.597580909729004 104.0
vertex 15.076143264770508 8.704215049743652 104.0
endloop
endfacet
facet normal 0.7933325171470642 0.5606719851493835 -0.2372138500213623
outer loop
vertex 14.028918266296387 8.596932411193848 100.0
vertex 12.786774635314941 10.354525566101074 100.0
vertex 13.811037063598633 10.597580909729004 104.0
endloop
endfacet
facet normal 0.7322937250137329 0.6422043442726135 -0.22653812170028687
outer loop
vertex 12.786774635314941 10.354525566101074 100.0
vertex 12.309619903564453 12.309619903564453 104.0
vertex 13.811037063598633 10.597580909729004 104.0
endloop
endfacet
facet normal 0.7133630514144897 0.6594260334968567 -0.2372138500213623
outer loop
vertex 12.786774635314941 10.354525566101074 100.0
vertex 11.325844764709473 11.93494987487793 100.0
vertex 12.309619903564453 12.309619903564453 104.0
endloop
endfacet
facet normal 0.6422043442726135 0.7322937250137329 -0.22653812170028687
outer loop
vertex 11.325844764709473 11.93494987487793 100.0
vertex 10.597580909729004 13.811037063598633 104.0
vertex 12.309619903564453 12.309619903564453 104.0
endloop
endfacet
facet normal 0.6211878061294556 0.7468971610069275 -0.2372138500213623
outer loop
vertex 11.325844764709473 11.93494987487793 100.0
vertex 9.671127319335938 13.311164855957031 100.0
vertex 10.597580909729004 13.811037063598633 104.0
endloop
endfacet
facet normal 0.5411266684532166 0.8098533153533936 -0.22653812170028687
outer loop
vertex 9.671127319335938 13.311164855957031 100.0
vertex 8.704215049743652 15.076143264770508 104.0
vertex 10.597580909729004 13.811037063598633 104.0
endloop
endfacet
facet normal 0.518383800983429 0.8215885758399963 -0.2372138500213623
outer loop
vertex 9.671127319335938 13.311164855957031 100.0
vertex 7.85093355178833 14.45962142944336 100.0
vertex 8.704215049743652 15.076143264770508 104.0
endloop
endfacet
facet normal 0.4307902157306671 0.8735561370849609 -0.22653812170028687
outer loop
vertex 7.85093355178833 14.45962142944336 100.0
vertex 6.6619181632995605 16.083293914794922 104.0
vertex 8.704215049743652 15.076143264770508 104.0
endloop
endfacet
facet normal 0.40671011805534363 0.8822224736213684 -0.2372138500213623
outer loop
vertex 7.85093355178833 14.45962142944336 100.0
vertex 5.896408557891846 15.360669136047363 100.0
vertex 6.6619181632995605 16.083293914794922 104.0
endloop
endfacet
facet normal 0.3130827844142914 0.9223121404647827 -0.22653812170028687
outer loop
vertex 5.896408557891846 15.360669136047363 100.0
vertex 4.505633354187012 16.81525230407715 104.0
vertex 6.6619181632995605 16.083293914794922 104.0
endloop
endfacet
facet normal 0.28807753324508667 0.9277612566947937 -0.2372138500213623
outer loop
vertex 5.896408557891846 15.360669136047363 100.0
vertex 3.840994358062744 15.998892784118652 100.0
vertex 4.505633354187012 16.81525230407715 104.0
endloop
endfacet
facet normal 0.1900184154510498 0.9552870988845825 -0.22653812170028687
outer loop
vertex 3.840994358062744 15.998892784118652 100.0
vertex 2.2722561359405518 17.259498596191406 104.0
vertex 4.505633354187012 16.81525230407715 104.0
endloop
endfacet
facet normal 0.16451583802700043 0.9574257731437683 -0.2372138500213623
outer loop
vertex 3.840994358062744 15.998892784118652 100.0
vertex 1.7198594808578491 16.363370895385742 100.0
vertex 2.2722561359405518 17.259498596191406 104.0
endloop
endfacet
facet normal 0.06370279937982559 0.971916913986206 -0.22653812170028687
outer loop
vertex 1.7198594808578491 16.363370895385742 100.0
vertex 5.329794731370654e-15 17.408430099487305 104.0
vertex 2.2722561359405518 17.259498596191406 104.0
endloop
endfacet
facet normal 0.03813923895359039 0.9707084894180298 -0.2372138500213623
outer loop
vertex 1.7198594808578491 16.363370895385742 100.0
vertex -0.4307025372982025 16.447866439819336 100.0
vertex 5.329794731370654e-15 17.408430099487305 104.0
endloop
endfacet
facet normal -0.06370279937982559 0.971916913986206 -0.22653812170028687
outer loop
vertex -0.4307025372982025 16.447866439819336 100.0
vertex -2.2722561359405518 17.259498596191406 104.0
vertex 5.329794731370654e-15 17.408430099487305 104.0
endloop
endfacet
facet normal -0.08888992667198181 0.9673821330070496 -0.2372138500213623
outer loop
vertex -0.4307025372982025 16.447866439819336 100.0
vertex -2.573895215988159 16.250934600830078 100.0
vertex -2.2722561359405518 17.259498596191406 104.0
endloop
endfacet
facet normal -0.1900184154510498 0.9552870988845825 -0.22653812170028687
outer loop
vertex -2.573895215988159 16.250934600830078 100.0
vertex -4.505633354187012 16.81525230407715 104.0
vertex -2.2722561359405518 17.259498596191406 104.0
endloop
endfacet
facet normal -0.21439817547798157 0.9475035667419434 -0.2372138500213623
outer loop
vertex -2.573895215988159 16.250934600830078 100.0
vertex -4.6730475425720215 15.775944709777832 100.0
vertex -4.505633354187012 16.81525230407715 104.0
endloop
endfacet
facet normal -0.3130827844142914 0.9223121404647827 -0.22653812170028687
outer loop
vertex -4.6730475425720215 15.775944709777832 100.0
vertex -6.6619181632995605 16.083293914794922 104.0
vertex -4.505633354187012 16.81525230407715 104.0
endloop
endfacet
facet normal -0.33623799681663513 0.9114129543304443 -0.2372138500213623
outer loop
vertex -4.6730475425720215 15.775944709777832 100.0
vertex -6.6922430992126465 15.031023979187012 100.0
vertex -6.6619181632995605 16.083293914794922 104.0
endloop
endfacet
facet normal -0.4307902157306671 0.8735561370849609 -0.22653812170028687
outer loop
vertex -6.6922430992126465 15.031023979187012 100.0
vertex -8.704215049743652 15.076143264770508 104.0
vertex -6.6619181632995605 16.083293914794922 104.0
endloop
endfacet
facet normal -0.45232468843460083 0.8597278594970703 -0.2372138500213623
outer loop
vertex -6.6922430992126465 15.031023979187012 100.0
vertex -8.596932411193848 14.028918266296387 100.0
vertex -8.704215049743652 15.076143264770508 104.0
endloop
endfacet
facet normal -0.5411266684532166 0.8098533153533936 -0.22653812170028687
outer loop
vertex -8.596932411193848 14.028918266296387 100.0
vertex -10.597580909729004 13.811037063598633 104.0
vertex -8.704215049743652 15.076143264770508 104.0
endloop
endfacet
facet normal -0.5606719851493835 0.7933325171470642 -0.2372138500213623
outer loop
vertex -8.596932411193848 14.028918266296387 100.0
vertex -10.354525566101074 12.786774635314941 100.0
vertex -10.597580909729004 13.811037063598633 104.0
endloop
endfacet
facet normal -0.6422043442726135 0.7322937250137329 -0.22653812170028687
outer loop
vertex -10.354525566101074 12.786774635314941 100.0
vertex -12.309619903564453 12.309619903564453 104.0
vertex -10.597580909729004 13.811037063598633 104.0
endloop
endfacet
facet normal -0.6594260334968567 0.7133630514144897 -0.2372138500213623
outer loop
vertex -10.354525566101074 12.786774635314941 100.0
vertex -11.93494987487793 11.325844764709473 100.0
vertex -12.309619903564453 12.309619903564453 104.0
endloop
endfacet
facet normal -0.7322937250137329 0.6422043442726135 -0.22653812170028687
outer loop
vertex -11.93494987487793 11.325844764709473 100.0
vertex -13.811037063598633 10.597580909729004 104.0
vertex -12.309619903564453 12.309619903564453 104.0
endloop
endfacet
facet normal -0.7468971610069275 0.6211878061294556 -0.2372138500213623
outer loop
vertex -11.93494987487793 11.325844764709473 100.0
vertex -13.311164855957031 9.671127319335938 100.0
vertex -13.811037063598633 10.597580909729004 104.0
endloop
endfacet
facet normal -0.8098533153533936 0.5411266684532166 -0.22653812170028687
outer loop
vertex -13.311164855957031 9.671127319335938 100.0
vertex -15.076143264770508 8.704215049743652 104.0
vertex -13.811037063598633 10.597580909729004 104.0
endloop
endfacet
facet normal -0.8637980222702026 0.42597803473472595 -0.2690644860267639
outer loop
vertex -15.076143264770508 8.704215049743652 104.0
vertex -16.083293914794922 6.6619181632995605 104.0
vertex -16.90323257446289 7.525803565979004 108.0
endloop
endfacet
facet normal -0.906423032283783 0.3343971073627472 -0.25802308320999146
outer loop
vertex -16.083293914794922 6.6619181632995605 104.0
vertex -17.740936279296875 5.255105018615723 108.0
vertex -16.90323257446289 7.525803565979004 108.0
endloop
endfacet
facet normal -0.9120094180107117 0.30958548188209534 -0.2690644860267639
outer loop
vertex -16.083293914794922 6.6619181632995605 104.0
vertex -16.81525230407715 4.505633354187012 104.0
vertex -17.740936279296875 5.255105018615723 108.0
endloop
endfacet
facet normal -0.9423159956932068 0.2132243514060974 -0.25802308320999146
outer loop
vertex -16.81525230407715 4.505633354187012 104.0
vertex -18.275089263916016 2.8944897651672363 108.0
vertex -17.740936279296875 5.255105018615723 108.0
endloop
endfacet
facet normal -0.9446160197257996 0.18789581954479218 -0.2690644860267639
outer loop
vertex -16.81525230407715 4.505633354187012 104.0
vertex -17.259498596191406 2.2722561359405518 104.0
vertex -18.275089263916016 2.8944897651672363 108.0
endloop
endfacet
facet normal -0.9620857238769531 0.08840326219797134 -0.25802308320999146
outer loop
vertex -17.259498596191406 2.2722561359405518 104.0
vertex -18.496549606323242 0.48434922099113464 108.0
vertex -18.275089263916016 2.8944897651672363 108.0
endloop
endfacet
facet normal -0.9610600471496582 0.062991201877594 -0.2690644860267639
outer loop
vertex -17.259498596191406 2.2722561359405518 104.0
vertex -17.408430099487305 2.1319179772515563e-15 104.0
vertex -18.496549606323242 0.48434922099113464 108.0
endloop
endfacet
facet normal -0.9653939008712769 -0.037930428981781006 -0.25802308320999146
outer loop
vertex -17.408430099487305 2.1319179772515563e-15 104.0
vertex -18.40152931213379 -1.9340788125991821 108.0
vertex -18.496549606323242 0.48434922099113464 108.0
endloop
endfacet
facet normal -0.9610600471496582 -0.062991201877594 -0.2690644860267639
outer loop
vertex -17.408430099487305 2.1319179772515563e-15 104.0
vertex -17.259498596191406 -2.2722561359405518 104.0
vertex -18.40152931213379 -1.9340788125991821 108.0
endloop
endfacet
facet normal -0.9521839022636414 -0.1636151224374771 -0.25802308320999146
outer loop
vertex -17.259498596191406 -2.2722561359405518 104.0
vertex -17.991655349731445 -4.319414138793945 108.0
vertex -18.40152931213379 -1.9340788125991821 108.0
endloop
endfacet
facet normal -0.9446160197257996 -0.18789581954479218 -0.2690644860267639
outer loop
vertex -17.259498596191406 -2.2722561359405518 104.0
vertex -16.81525230407715 -4.505633354187012 104.0
vertex -17.991655349731445 -4.319414138793945 108.0
endloop
endfacet
facet normal -0.9226817488670349 -0.28650030493736267 -0.25802308320999146
outer loop
vertex -16.81525230407715 -4.505633354187012 104.0
vertex -17.273937225341797 -6.630843162536621 108.0
vertex -17.991655349731445 -4.319414138793945 108.0
endloop
endfacet
facet normal -0.9120094180107117 -0.30958548188209534 -0.2690644860267639
outer loop
vertex -16.81525230407715 -4.505633354187012 104.0
vertex -16.083293914794922 -6.6619181632995605 104.0
vertex -17.273937225341797 -6.630843162536621 108.0
endloop
endfacet
facet normal -0.8773922920227051 -0.4044834077358246 -0.25802308320999146
outer loop
vertex -16.083293914794922 -6.6619181632995605 104.0
vertex -16.260656356811523 -8.828816413879395 108.0
vertex -17.273937225341797 -6.630843162536621 108.0
endloop
endfacet
facet normal -0.8637980222702026 -0.42597803473472595 -0.2690644860267639
outer loop
vertex -16.083293914794922 -6.6619181632995605 104.0
vertex -15.076143264770508 -8.704215049743652 104.0
vertex -16.260656356811523 -8.828816413879395 108.0
endloop
endfacet
facet normal -0.8170904517173767 -0.515545666217804 -0.25802308320999146
outer loop
vertex -15.076143264770508 -8.704215049743652 104.0
vertex -14.96915340423584 -10.875726699829102 108.0
vertex -16.260656356811523 -8.828816413879395 108.0
endloop
endfacet
facet normal -0.8008068203926086 -0.5350819826126099 -0.2690644860267639
outer loop
vertex -15.076143264770508 -8.704215049743652 104.0
vertex -13.811037063598633 -10.597580909729004 104.0
vertex -14.96915340423584 -10.875726699829102 108.0
endloop
endfacet
facet normal -0.7428078651428223 -0.6177868247032166 -0.25802308320999146
outer loop
vertex -13.811037063598633 -10.597580909729004 104.0
vertex -13.421523094177246 -12.736549377441406 108.0
vertex -14.96915340423584 -10.875726699829102 108.0
endloop
endfacet
facet normal -0.7241135835647583 -0.6350305676460266 -0.2690644860267639
outer loop
vertex -13.811037063598633 -10.597580909729004 104.0
vertex -12.309619903564453 -12.309619903564453 104.0
vertex -13.421523094177246 -12.736549377441406 108.0
endloop
endfacet
facet normal -0.6558157205581665 -0.7094574570655823 -0.25802308320999146
outer loop
vertex -12.309619903564453 -12.309619903564453 104.0
vertex -11.644247055053711 -14.379446983337402 108.0
vertex -13.421523094177246 -12.736549377441406 108.0
endloop
endfacet
facet normal -0.6350305676460266 -0.7241135835647583 -0.2690644860267639
outer loop
vertex -12.309619903564453 -12.309619903564453 104.0
vertex -10.597580909729004 -13.811037063598633 104.0
vertex -11.644247055053711 -14.379446983337402 108.0
endloop
endfacet
facet normal -0.5576023459434509 -0.7889890670776367 -0.25802308320999146
outer loop
vertex -10.597580909729004 -13.811037063598633 104.0
vertex -9.667734146118164 -15.776308059692383 108.0
vertex -11.644247055053711 -14.379446983337402 108.0
endloop
endfacet
facet normal -0.5350819826126099 -0.8008068203926086 -0.2690644860267639
outer loop
vertex -10.597580909729004 -13.811037063598633 104.0
vertex -8.704215049743652 -15.076143264770508 104.0
vertex -9.667734146118164 -15.776308059692383 108.0
endloop
endfacet
facet normal -0.4498482346534729 -0.8550208806991577 -0.25802308320999146
outer loop
vertex -8.704215049743652 -15.076143264770508 104.0
vertex -7.525803565979004 -16.90323257446289 108.0
vertex -9.667734146118164 -15.776308059692383 108.0
endloop
endfacet
facet normal -0.42597803473472595 -0.8637980222702026 -0.2690644860267639
outer loop
vertex -8.704215049743652 -15.076143264770508 104.0
vertex -6.6619181632995605 -16.083293914794922 104.0
vertex -7.525803565979004 -16.90323257446289 108.0
endloop
endfacet
facet normal -0.3343971073627472 -0.906423032283783 -0.25802308320999146
outer loop
vertex -6.6619181632995605 -16.083293914794922 104.0
vertex -5.255105018615723 -17.740936279296875 108.0
vertex -7.525803565979004 -16.90323257446289 108.0
endloop
endfacet
facet normal -0.30958548188209534 -0.9120094180107117 -0.2690644860267639
outer loop
vertex -6.6619181632995605 -16.083293914794922 104.0
vertex -4.505633354187012 -16.81525230407715 104.0
vertex -5.255105018615723 -17.740936279296875 108.0
endloop
endfacet
facet normal -0.2132243514060974 -0.9423159956932068 -0.25802308320999146
outer loop
vertex -4.505633354187012 -16.81525230407715 104.0
vertex -2.8944897651672363 -18.275089263916016 108.0
vertex -5.255105018615723 -17.740936279296875 108.0
endloop
endfacet
facet normal -0.18789581954479218 -0.9446160197257996 -0.2690644860267639
outer loop
vertex -4.505633354187012 -16.81525230407715 104.0
vertex -2.2722561359405518 -17.259498596191406 104.0
vertex -2.8944897651672363 -18.275089263916016 108.0
endloop
endfacet
facet normal -0.08840326219797134 -0.9620857238769531 -0.25802308320999146
outer loop
vertex -2.2722561359405518 -17.259498596191406 104.0
vertex -0.48434922099113464 -18.496549606323242 108.0
vertex -2.8944897651672363 -18.275089263916016 108.0
endloop
endfacet
facet normal -0.062991201877594 -0.9610600471496582 -0.2690644860267639
outer loop
vertex -2.2722561359405518 -17.259498596191406 104.0
vertex -3.1978769658773344e-15 -17.408430099487305 104.0
vertex -0.48434922099113464 -18.496549606323242 108.0
endloop
endfacet
facet normal 0.037930428981781006 -0.9653939008712769 -0.25802308320999146
outer loop
vertex -3.1978769658773344e-15 -17.408430099487305 104.0
vertex 1.9340788125991821 -18.40152931213379 108.0
vertex -0.48434922099113464 -18.496549606323242 108.0
endloop
endfacet
facet normal 0.062991201877594 -0.9610600471496582 -0.2690644860267639
outer loop
vertex -3.1978769658773344e-15 -17.408430099487305 104.0
vertex 2.2722561359405518 -17.259498596191406 104.0
vertex 1.9340788125991821 -18.40152931213379 108.0
endloop
endfacet
facet normal 0.1636151224374771 -0.9521839022636414 -0.25802308320999146
outer loop
vertex 2.2722561359405518 -17.259498596191406 104.0
vertex 4.319414138793945 -17.991655349731445 108.0
vertex 1.9340788125991821 -18.40152931213379 108.0
endloop
endfacet
facet normal 0.18789581954479218 -0.9446160197257996 -0.2690644860267639
outer loop
vertex 2.2722561359405518 -17.259498596191406 104.0
vertex 4.505633354187012 -16.81525230407715 104.0
vertex 4.319414138793945 -17.991655349731445 108.0
endloop
endfacet
facet normal 0.28650030493736267 -0.9226817488670349 -0.25802308320999146
outer loop
vertex 4.505633354187012 -16.81525230407715 104.0
vertex 6.630843162536621 -17.273937225341797 108.0
vertex 4.319414138793945 -17.991655349731445 108.0
endloop
endfacet
facet normal 0.30958548188209534 -0.9120094180107117 -0.2690644860267639
outer loop
vertex 4.505633354187012 -16.81525230407715 104.0
vertex 6.6619181632995605 -16.083293914794922 104.0
vertex 6.630843162536621 -17.273937225341797 108.0
endloop
endfacet
facet normal 0.4044834077358246 -0.8773922920227051 -0.25802308320999146
outer loop
vertex 6.6619181632995605 -16.083293914794922 104.0
vertex 8.828816413879395 -16.260656356811523 108.0
vertex 6.630843162536621 -17.273937225341797 108.0
endloop
endfacet
facet normal 0.42597803473472595 -0.8637980222702026 -0.2690644860267639
outer loop
vertex 6.6619181632995605 -16.083293914794922 104.0
vertex 8.704215049743652 -15.076143264770508 104.0
vertex 8.828816413879395 -16.260656356811523 108.0
endloop
endfacet
facet normal 0.515545666217804 -0.8170904517173767 -0.25802308320999146
outer loop
vertex 8.704215049743652 -15.076143264770508 104.0
vertex 10.875726699829102 -14.96915340423584 108.0
vertex 8.828816413879395 -16.260656356811523 108.0
endloop
endfacet
facet normal 0.5350819826126099 -0.8008068203926086 -0.2690644860267639
outer loop
vertex 8.704215049743652 -15.076143264770508 104.0
vertex 10.597580909729004 -13.811037063598633 104.0
vertex 10.875726699829102 -14.96915340423584 108.0
endloop
endfacet
facet normal 0.6177868247032166 -0.7428078651428223 -0.25802308320999146
outer loop
vertex 10.597580909729004 -13.811037063598633 104.0
vertex 12.736549377441406 -13.421523094177246 108.0
vertex 10.875726699829102 -14.96915340423584 108.0
endloop
endfacet
facet normal 0.6350305676460266 -0.7241135835647583 -0.2690644860267639
outer loop
vertex 10.597580909729004 -13.811037063598633 104.0
vertex 12.309619903564453 -12.309619903564453 104.0
vertex 12.736549377441406 -13.421523094177246 108.0
endloop
endfacet
facet normal 0.7094574570655823 -0.6558157205581665 -0.25802308320999146
outer loop
vertex 12.309619903564453 -12.309619903564453 104.0
vertex 14.379446983337402 -11.644247055053711 108.0
vertex 12.736549377441406 -13.421523094177246 108.0
endloop
endfacet
facet normal 0.7241135835647583 -0.6350305676460266 -0.2690644860267639
outer loop
vertex 12.309619903564453 -12.309619903564453 104.0
vertex 13.811037063598633 -10.597580909729004 104.0
vertex 14.379446983337402 -11.644247055053711 108.0
endloop
endfacet
facet normal 0.7889890670776367 -0.5576023459434509 -0.25802308320999146
outer loop
vertex 13.811037063598633 -10.597580909729004 104.0
vertex 15.776308059692383 -9.667734146118164 108.0
vertex 14.379446983337402 -11.644247055053711 108.0
endloop
endfacet
facet normal 0.8008068203926086 -0.5350819826126099 -0.2690644860267639
outer loop
vertex 13.811037063598633 -10.597580909729004 104.0
vertex 15.076143264770508 -8.704215049743652 104.0
vertex 15.776308059692383 -9.667734146118164 108.0
endloop
endfacet
facet normal 0.8550208806991577 -0.4498482346534729 -0.25802308320999146
outer loop
vertex 15.076143264770508 -8.704215049743652 104.0
vertex 16.90323257446289 -7.525803565979004 108.0
vertex 15.776308059692383 -9.667734146118164 108.0
endloop
endfacet
facet normal 0.8637980222702026 -0.42597803473472595 -0.2690644860267639
outer loop
vertex 15.076143264770508 -8.704215049743652 104.0
vertex 16.083293914794922 -6.6619181632995605 104.0
vertex 16.90323257446289 -7.525803565979004 108.0
endloop
endfacet
facet normal 0.906423032283783 -0.3343971073627472 -0.25802308320999146
outer loop
vertex 16.083293914794922 -6.6619181632995605 104.0
vertex 17.740936279296875 -5.255105018615723 108.0
vertex 16.90323257446289 -7.525803565979004 108.0
endloop
endfacet
facet normal 0.9120094180107117 -0.30958548188209534 -0.2690644860267639
outer loop
vertex 16.083293914794922 -6.6619181632995605 104.0
vertex 16.81525230407715 -4.505633354187012 104.0
vertex 17.740936279296875 -5.255105018615723 108.0
endloop
endfacet
facet normal 0.9423159956932068 -0.2132243514060974 -0.25802308320999146
outer loop
vertex 16.81525230407715 -4.505633354187012 104.0
vertex 18.275089263916016 -2.8944897651672363 108.0
vertex 17.740936279296875 -5.255105018615723 108.0
endloop
endfacet
facet normal 0.9446160197257996 -0.18789581954479218 -0.2690644860267639
outer loop
vertex 16.81525230407715 -4.505633354187012 104.0
vertex 17.259498596191406 -2.2722561359405518 104.0
vertex 18.275089263916016 -2.8944897651672363 108.0
endloop
endfacet
facet normal 0.9620857238769531 -0.08840326219797134 -0.25802308320999146
outer loop
vertex 17.259498596191406 -2.2722561359405518 104.0
vertex 18.496549606323242 -0.48434922099113464 108.0
vertex 18.275089263916016 -2.8944897651672363 108.0
endloop
endfacet
facet normal 0.9610600471496582 -0.062991201877594 -0.2690644860267639
outer loop
vertex 17.259498596191406 -2.2722561359405518 104.0
vertex 17.408430099487305 -4.2638359545031125e-15 104.0
vertex 18.496549606323242 -0.48434922099113464 108.0
endloop
endfacet
facet normal 0.9653939008712769 0.037930428981781006 -0.25802308320999146
outer loop
vertex 17.408430099487305 -4.2638359545031125e-15 104.0
vertex 18.40152931213379 1.9340788125991821 108.0
vertex 18.496549606323242 -0.48434922099113464 108.0
endloop
endfacet
facet normal 0.9610600471496582 0.062991201877594 -0.2690644860267639
outer loop
vertex 17.408430099487305 -4.2638359545031125e-15 104.0
vertex 17.259498596191406 2.2722561359405518 104.0
vertex 18.40152931213379 1.9340788125991821 108.0
endloop
endfacet
facet normal 0.9521839022636414 0.1636151224374771 -0.25802308320999146
outer loop
vertex 17.259498596191406 2.2722561359405518 104.0
vertex 17.991655349731445 4.319414138793945 108.0
vertex 18.40152931213379 1.9340788125991821 108.0
endloop
endfacet
facet normal 0.9446160197257996 0.18789581954479218 -0.2690644860267639
outer loop
vertex 17.259498596191406 2.2722561359405518 104.0
vertex 16.81525230407715 4.505633354187012 104.0
vertex 17.991655349731445 4.319414138793945 108.0
endloop
endfacet
facet normal 0.9226817488670349 0.28650030493736267 -0.25802308320999146
outer loop
vertex 16.81525230407715 4.505633354187012 104.0
vertex 17.273937225341797 6.630843162536621 108.0
vertex 17.991655349731445 4.319414138793945 108.0
endloop
endfacet
facet normal 0.9120094180107117 0.30958548188209534 -0.2690644860267639
outer loop
vertex 16.81525230407715 4.505633354187012 104.0
vertex 16.083293914794922 6.6619181632995605 104.0
vertex 17.273937225341797 6.630843162536621 108.0
endloop
endfacet
facet normal 0.8773922920227051 0.4044834077358246 -0.25802308320999146
outer loop
vertex 16.083293914794922 6.6619181632995605 104.0
vertex 16.260656356811523 8.828816413879395 108.0
vertex 17.273937225341797 6.630843162536621 108.0
endloop
endfacet
facet normal 0.8637980222702026 0.42597803473472595 -0.2690644860267639
outer loop
vertex 16.083293914794922 6.6619181632995605 104.0
vertex 15.076143264770508 8.704215049743652 104.0
vertex 16.260656356811523 8.828816413879395 108.0
endloop
endfacet
facet normal 0.8170904517173767 0.515545666217804 -0.25802308320999146
outer loop
vertex 15.076143264770508 8.704215049743652 104.0
vertex 14.96915340423584 10.875726699829102 108.0
vertex 16.260656356811523 8.828816413879395 108.0
endloop
endfacet
facet normal 0.8008068203926086 0.5350819826126099 -0.2690644860267639
outer loop
vertex 15.076143264770508 8.704215049743652 104.0
vertex 13.811037063598633 10.597580909729004 104.0
vertex 14.96915340423584 10.875726699829102 108.0
endloop
endfacet
facet normal 0.7428078651428223 0.6177868247032166 -0.25802308320999146
outer loop
vertex 13.811037063598633 10.597580909729004 104.0
vertex 13.421523094177246 12.736549377441406 108.0
vertex 14.96915340423584 10.875726699829102 108.0
endloop
endfacet
facet normal 0.7241135835647583 0.6350305676460266 -0.2690644860267639
outer loop
vertex 13.811037063598633 10.597580909729004 104.0
vertex 12.309619903564453 12.309619903564453 104.0
vertex 13.421523094177246 12.736549377441406 108.0
endloop
endfacet
facet normal 0.6558157205581665 0.7094574570655823 -0.25802308320999146
outer loop
vertex 12.309619903564453 12.309619903564453 104.0
vertex 11.644247055053711 14.379446983337402 108.0
vertex 13.421523094177246 12.736549377441406 108.0
endloop
endfacet
facet normal 0.6350305676460266 0.7241135835647583 -0.2690644860267639
outer loop
vertex 12.309619903564453 12.309619903564453 104.0
vertex 10.597580909729004 13.811037063598633 104.0
vertex 11.644247055053711 14.379446983337402 108.0
endloop
endfacet
facet normal 0.5576023459434509 0.7889890670776367 -0.25802308320999146
outer loop
vertex 10.597580909729004 13.811037063598633 104.0
vertex 9.667734146118164 15.776308059692383 108.0
vertex 11.644247055053711 14.379446983337402 108.0
endloop
endfacet
facet normal 0.5350819826126099 0.8008068203926086 -0.2690644860267639
outer loop
vertex 10.597580909729004 13.811037063598633 104.0
vertex 8.704215049743652 15.076143264770508 104.0
vertex 9.667734146118164 15.776308059692383 108.0
endloop
endfacet
facet normal 0.4498482346534729 0.8550208806991577 -0.25802308320999146
outer loop
vertex 8.704215049743652 15.076143264770508 104.0
vertex 7.525803565979004 16.90323257446289 108.0
vertex 9.667734146118164 15.776308059692383 108.0
endloop
endfacet
facet normal 0.42597803473472595 0.8637980222702026 -0.2690644860267639
outer loop
vertex 8.704215049743652 15.076143264770508 104.0
vertex 6.6619181632995605 16.083293914794922 104.0
vertex 7.525803565979004 16.90323257446289 108.0
endloop
endfacet
facet normal 0.3343971073627472 0.906423032283783 -0.25802308320999146
outer loop
vertex 6.6619181632995605 16.083293914794922 104.0
vertex 5.255105018615723 17.740936279296875 108.0
vertex 7.525803565979004 16.90323257446289 108.0
endloop
endfacet
facet normal 0.30958548188209534 0.9120094180107117 -0.2690644860267639
outer loop
vertex 6.6619181632995605 16.083293914794922 104.0
vertex 4.505633354187012 16.81525230407715 104.0
vertex 5.255105018615723 17.740936279296875 108.0
endloop
endfacet
facet normal 0.2132243514060974 0.9423159956932068 -0.25802308320999146
outer loop
vertex 4.505633354187012 16.81525230407715 104.0
vertex 2.8944897651672363 18.275089263916016 108.0
vertex 5.255105018615723 17.740936279296875 108.0
endloop
endfacet
facet normal 0.18789581954479218 0.9446160197257996 -0.2690644860267639
outer loop
vertex 4.505633354187012 16.81525230407715 104.0
vertex 2.2722561359405518 17.259498596191406 104.0
vertex 2.8944897651672363 18.275089263916016 108.0
endloop
endfacet
facet normal 0.08840326219797134 0.9620857238769531 -0.25802308320999146
outer loop
vertex 2.2722561359405518 17.259498596191406 104.0
vertex 0.48434922099113464 18.496549606323242 108.0
vertex 2.8944897651672363 18.275089263916016 108.0
endloop
endfacet
facet normal 0.062991201877594 0.9610600471496582 -0.2690644860267639
outer loop
vertex 2.2722561359405518 17.259498596191406 104.0
vertex 5.329794731370654e-15 17.408430099487305 104.0
vertex 0.48434922099113464 18.496549606323242 108.0
endloop
endfacet
facet normal -0.037930428981781006 0.9653939008712769 -0.25802308320999146
outer loop
vertex 5.329794731370654e-15 17.408430099487305 104.0
vertex -1.9340788125991821 18.40152931213379 108.0
vertex 0.48434922099113464 18.496549606323242 108.0
endloop
endfacet
facet normal -0.062991201877594 0.9610600471496582 -0.2690644860267639
outer loop
vertex 5.329794731370654e-15 17.408430099487305 104.0
vertex -2.2722561359405518 17.259498596191406 104.0
vertex -1.9340788125991821 18.40152931213379 108.0
endloop
endfacet
facet normal -0.1636151224374771 0.9521839022636414 -0.25802308320999146
outer loop
vertex -2.2722561359405518 17.259498596191406 104.0
vertex -4.319414138793945 17.991655349731445 108.0
vertex -1.9340788125991821 18.40152931213379 108.0
endloop
endfacet
facet normal -0.18789581954479218 0.9446160197257996 -0.2690644860267639
outer loop
vertex -2.2722561359405518 17.259498596191406 104.0
vertex -4.505633354187012 16.81525230407715 104.0
vertex -4.319414138793945 17.991655349731445 108.0
endloop
endfacet
facet normal -0.28650030493736267 0.9226817488670349 -0.25802308320999146
outer loop
vertex -4.505633354187012 16.81525230407715 104.0
vertex -6.630843162536621 17.273937225341797 108.0
vertex -4.319414138793945 17.991655349731445 108.0
endloop
endfacet
facet normal -0.30958548188209534 0.9120094180107117 -0.2690644860267639
outer loop
vertex -4.505633354187012 16.81525230407715 104.0
vertex -6.6619181632995605 16.083293914794922 104.0
vertex -6.630843162536621 17.273937225341797 108.0
endloop
endfacet
facet normal -0.4044834077358246 0.8773922920227051 -0.25802308320999146
outer loop
vertex -6.6619181632995605 16.083293914794922 104.0
vertex -8.828816413879395 16.260656356811523 108.0
vertex -6.630843162536621 17.273937225341797 108.0
endloop
endfacet
facet normal -0.42597803473472595 0.8637980222702026 -0.2690644860267639
outer loop
vertex -6.6619181632995605 16.083293914794922 104.0
vertex -8.704215049743652 15.076143264770508 104.0
vertex -8.828816413879395 16.260656356811523 108.0
endloop
endfacet
facet normal -0.515545666217804 0.8170904517173767 -0.25802308320999146
outer loop
vertex -8.704215049743652 15.076143264770508 104.0
vertex -10.875726699829102 14.96915340423584 108.0
vertex -8.828816413879395 16.260656356811523 108.0
endloop
endfacet
facet normal -0.5350819826126099 0.8008068203926086 -0.2690644860267639
outer loop
vertex -8.704215049743652 15.076143264770508 104.0
vertex -10.597580909729004 13.811037063598633 104.0
vertex -10.875726699829102 14.96915340423584 108.0
endloop
endfacet
facet normal -0.6177868247032166 0.7428078651428223 -0.25802308320999146
outer loop
vertex -10.597580909729004 13.811037063598633 104.0
vertex -12.736549377441406 13.421523094177246 108.0
vertex -10.875726699829102 14.96915340423584 108.0
endloop
endfacet
facet normal -0.6350305676460266 0.7241135835647583 -0.2690644860267639
outer loop
vertex -10.597580909729004 13.811037063598633 104.0
vertex -12.309619903564453 12.309619903564453 104.0
vertex -12.736549377441406 13.421523094177246 108.0
endloop
endfacet
facet normal -0.7094574570655823 0.6558157205581665 -0.25802308320999146
outer loop
vertex -12.309619903564453 12.309619903564453 104.0
vertex -14.379446983337402 11.644247055053711 108.0
vertex -12.736549377441406 13.421523094177246 108.0
endloop
endfacet
facet normal -0.7241135835647583 0.6350305676460266 -0.2690644860267639
outer loop
vertex -12.309619903564453 12.309619903564453 104.0
vertex -13.811037063598633 10.597580909729004 104.0
vertex -14.379446983337402 11.644247055053711 108.0
endloop
endfacet
facet normal -0.7889890670776367 0.5576023459434509 -0.25802308320999146
outer loop
vertex -13.811037063598633 10.597580909729004 104.0
vertex -15.776308059692383 9.667734146118164 108.0
vertex -14.379446983337402 11.644247055053711 108.0
endloop
endfacet
facet normal -0.8008068203926086 0.5350819826126099 -0.2690644860267639
outer loop
vertex -13.811037063598633 10.597580909729004 104.0
vertex -15.076143264770508 8.704215049743652 104.0
vertex -15.776308059692383 9.667734146118164 108.0
endloop
endfacet
facet normal -0.8550208806991577 0.4498482346534729 -0.25802308320999146
outer loop
vertex -15.076143264770508 8.704215049743652 104.0
vertex -16.90323257446289 7.525803565979004 108.0
vertex -15.776308059692383 9.667734146118164 108.0
endloop
endfacet
facet normal -0.8886488080024719 0.32783985137939453 -0.320662260055542
outer loop
vertex -16.90323257446289 7.525803565979004 108.0
vertex -17.740936279296875 5.255105018615723 108.0
vertex -18.86203956604004 6.128648281097412 112.0
endloop
endfacet
facet normal -0.9216609597206116 0.23407205939292908 -0.30943718552589417
outer loop
vertex -17.740936279296875 5.255105018615723 108.0
vertex -19.500621795654297 3.6142265796661377 112.0
vertex -18.86203956604004 6.128648281097412 112.0
endloop
endfacet
facet normal -0.9238380193710327 0.2090432047843933 -0.320662260055542
outer loop
vertex -17.740936279296875 5.255105018615723 108.0
vertex -18.275089263916016 2.8944897651672363 108.0
vertex -19.500621795654297 3.6142265796661377 112.0
endloop
endfacet
facet normal -0.9443285465240479 0.11176864802837372 -0.30943718552589417
outer loop
vertex -18.275089263916016 2.8944897651672363 108.0
vertex -19.8055419921875 1.0379644632339478 112.0
vertex -19.500621795654297 3.6142265796661377 112.0
endloop
endfacet
facet normal -0.9432200789451599 0.08666975051164627 -0.320662260055542
outer loop
vertex -18.275089263916016 2.8944897651672363 108.0
vertex -18.496549606323242 0.48434922099113464 108.0
vertex -19.8055419921875 1.0379644632339478 112.0
endloop
endfacet
facet normal -0.9508384466171265 -0.012447156943380833 -0.30943718552589417
outer loop
vertex -18.496549606323242 0.48434922099113464 108.0
vertex -19.77158546447754 -1.5560574531555176 112.0
vertex -19.8055419921875 1.0379644632339478 112.0
endloop
endfacet
facet normal -0.9464633464813232 -0.0371866449713707 -0.320662260055542
outer loop
vertex -18.496549606323242 0.48434922099113464 108.0
vertex -18.40152931213379 -1.9340788125991821 108.0
vertex -19.77158546447754 -1.5560574531555176 112.0
endloop
endfacet
facet normal -0.9410791993141174 -0.13644999265670776 -0.30943718552589417
outer loop
vertex -18.40152931213379 -1.9340788125991821 108.0
vertex -19.399330139160156 -4.123455047607422 112.0
vertex -19.77158546447754 -1.5560574531555176 112.0
endloop
endfacet
facet normal -0.9335123896598816 -0.16040676832199097 -0.320662260055542
outer loop
vertex -18.40152931213379 -1.9340788125991821 108.0
vertex -17.991655349731445 -4.319414138793945 108.0
vertex -19.399330139160156 -4.123455047607422 112.0
endloop
endfacet
facet normal -0.9152178168296814 -0.2581181228160858 -0.30943718552589417
outer loop
vertex -17.991655349731445 -4.319414138793945 108.0
vertex -18.695146560668945 -6.620298862457275 112.0
vertex -19.399330139160156 -4.123455047607422 112.0
endloop
endfacet
facet normal -0.9045887589454651 -0.2808822691440582 -0.320662260055542
outer loop
vertex -17.991655349731445 -4.319414138793945 108.0
vertex -17.273937225341797 -6.630843162536621 108.0
vertex -18.695146560668945 -6.620298862457275 112.0
endloop
endfacet
facet normal -0.8736968040466309 -0.3753697872161865 -0.30943718552589417
outer loop
vertex -17.273937225341797 -6.630843162536621 108.0
vertex -17.671085357666016 -9.003867149353027 112.0
vertex -18.695146560668945 -6.620298862457275 112.0
endloop
endfacet
facet normal -0.8601874113082886 -0.39655181765556335 -0.320662260055542
outer loop
vertex -17.273937225341797 -6.630843162536621 108.0
vertex -16.260656356811523 -8.828816413879395 108.0
vertex -17.671085357666016 -9.003867149353027 112.0
endloop
endfacet
facet normal -0.8172266483306885 -0.486198753118515 -0.30943718552589417
outer loop
vertex -16.260656356811523 -8.828816413879395 108.0
vertex -16.34466552734375 -11.233377456665039 112.0
vertex -17.671085357666016 -9.003867149353027 112.0
endloop
endfacet
facet normal -0.8010680079460144 -0.5054362416267395 -0.320662260055542
outer loop
vertex -16.260656356811523 -8.828816413879395 108.0
vertex -14.96915340423584 -10.875726699829102 108.0
vertex -16.34466552734375 -11.233377456665039 112.0
endloop
endfacet
facet normal -0.7467734813690186 -0.588708758354187 -0.30943718552589417
outer loop
vertex -14.96915340423584 -10.875726699829102 108.0
vertex -14.738584518432617 -13.270681381225586 112.0
vertex -16.34466552734375 -11.233377456665039 112.0
endloop
endfacet
facet normal -0.728242039680481 -0.6056725382804871 -0.320662260055542
outer loop
vertex -14.96915340423584 -10.875726699829102 108.0
vertex -13.421523094177246 -12.736549377441406 108.0
vertex -14.738584518432617 -13.270681381225586 112.0
endloop
endfacet
facet normal -0.6635428071022034 -0.6811457872390747 -0.30943718552589417
outer loop
vertex -13.421523094177246 -12.736549377441406 108.0
vertex -12.880322456359863 -15.080920219421387 112.0
vertex -14.738584518432617 -13.270681381225586 112.0
endloop
endfacet
facet normal -0.6429557204246521 -0.6955456137657166 -0.320662260055542
outer loop
vertex -13.421523094177246 -12.736549377441406 108.0
vertex -11.644247055053711 -14.379446983337402 108.0
vertex -12.880322456359863 -15.080920219421387 112.0
endloop
endfacet
facet normal -0.5689587593078613 -0.7619282007217407 -0.30943718552589417
outer loop
vertex -11.644247055053711 -14.379446983337402 108.0
vertex -10.801674842834473 -16.633119583129883 112.0
vertex -12.880322456359863 -15.080920219421387 112.0
endloop
endfacet
facet normal -0.5466682314872742 -0.7735176682472229 -0.320662260055542
outer loop
vertex -11.644247055053711 -14.379446983337402 108.0
vertex -9.667734146118164 -15.776308059692383 108.0
vertex -10.801674842834473 -16.633119583129883 112.0
endloop
endfacet
facet normal -0.46463966369628906 -0.8296738266944885 -0.30943718552589417
outer loop
vertex -9.667734146118164 -15.776308059692383 108.0
vertex -8.538207054138184 -17.90072250366211 112.0
vertex -10.801674842834473 -16.633119583129883 112.0
endloop
endfacet
facet normal -0.44102710485458374 -0.8382546305656433 -0.320662260055542
outer loop
vertex -9.667734146118164 -15.776308059692383 108.0
vertex -7.525803565979004 -16.90323257446289 108.0
vertex -8.538207054138184 -17.90072250366211 112.0
endloop
endfacet
facet normal -0.3523704409599304 -0.8832234740257263 -0.30943718552589417
outer loop
vertex -7.525803565979004 -16.90323257446289 108.0
vertex -6.128648281097412 -18.86203956604004 112.0
vertex -8.538207054138184 -17.90072250366211 112.0
endloop
endfacet
facet normal -0.32783985137939453 -0.8886488080024719 -0.320662260055542
outer loop
vertex -7.525803565979004 -16.90323257446289 108.0
vertex -5.255105018615723 -17.740936279296875 108.0
vertex -6.128648281097412 -18.86203956604004 112.0
endloop
endfacet
facet normal -0.23407205939292908 -0.9216609597206116 -0.30943718552589417
outer loop
vertex -5.255105018615723 -17.740936279296875 108.0
vertex -3.6142265796661377 -19.500621795654297 112.0
vertex -6.128648281097412 -18.86203956604004 112.0
endloop
endfacet
facet normal -0.2090432047843933 -0.9238380193710327 -0.320662260055542
outer loop
vertex -5.255105018615723 -17.740936279296875 108.0
vertex -2.8944897651672363 -18.275089263916016 108.0
vertex -3.6142265796661377 -19.500621795654297 112.0
endloop
endfacet
facet normal -0.11176864802837372 -0.9443285465240479 -0.30943718552589417
outer loop
vertex -2.8944897651672363 -18.275089263916016 108.0
vertex -1.0379644632339478 -19.8055419921875 112.0
vertex -3.6142265796661377 -19.500621795654297 112.0
endloop
endfacet
facet normal -0.08666975051164627 -0.9432200789451599 -0.320662260055542
outer loop
vertex -2.8944897651672363 -18.275089263916016 108.0
vertex -0.48434922099113464 -18.496549606323242 108.0
vertex -1.0379644632339478 -19.8055419921875 112.0
endloop
endfacet
facet normal 0.012447156943380833 -0.9508384466171265 -0.30943718552589417
outer loop
vertex -0.48434922099113464 -18.496549606323242 108.0
vertex 1.5560574531555176 -19.77158546447754 112.0
vertex -1.0379644632339478 -19.8055419921875 112.0
endloop
endfacet
facet normal 0.0371866449713707 -0.9464633464813232 -0.320662260055542
outer loop
vertex -0.48434922099113464 -18.496549606323242 108.0
vertex 1.9340788125991821 -18.40152931213379 108.0
vertex 1.5560574531555176 -19.77158546447754 112.0
endloop
endfacet
facet normal 0.13644999265670776 -0.9410791993141174 -0.30943718552589417
outer loop
vertex 1.9340788125991821 -18.40152931213379 108.0
vertex 4.123455047607422 -19.399330139160156 112.0
vertex 1.5560574531555176 -19.77158546447754 112.0
endloop
endfacet
facet normal 0.16040676832199097 -0.9335123896598816 -0.320662260055542
outer loop
vertex 1.9340788125991821 -18.40152931213379 108.0
vertex 4.319414138793945 -17.991655349731445 108.0
vertex 4.123455047607422 -19.399330139160156 112.0
endloop
endfacet
facet normal 0.2581181228160858 -0.9152178168296814 -0.30943718552589417
outer loop
vertex 4.319414138793945 -17.991655349731445 108.0
vertex 6.620298862457275 -18.695146560668945 112.0
vertex 4.123455047607422 -19.399330139160156 112.0
endloop
endfacet
facet normal 0.2808822691440582 -0.9045887589454651 -0.320662260055542
outer loop
vertex 4.319414138793945 -17.991655349731445 108.0
vertex 6.630843162536621 -17.273937225341797 108.0
vertex 6.620298862457275 -18.695146560668945 112.0
endloop
endfacet
facet normal 0.3753697872161865 -0.8736968040466309 -0.30943718552589417
outer loop
vertex 6.630843162536621 -17.273937225341797 108.0
vertex 9.003867149353027 -17.671085357666016 112.0
vertex 6.620298862457275 -18.695146560668945 112.0
endloop
endfacet
facet normal 0.39655181765556335 -0.8601874113082886 -0.320662260055542
outer loop
vertex 6.630843162536621 -17.273937225341797 108.0
vertex 8.828816413879395 -16.260656356811523 108.0
vertex 9.003867149353027 -17.671085357666016 112.0
endloop
endfacet
facet normal 0.486198753118515 -0.8172266483306885 -0.30943718552589417
outer loop
vertex 8.828816413879395 -16.260656356811523 108.0
vertex 11.233377456665039 -16.34466552734375 112.0
vertex 9.003867149353027 -17.671085357666016 112.0
endloop
endfacet
facet normal 0.5054362416267395 -0.8010680079460144 -0.320662260055542
outer loop
vertex 8.828816413879395 -16.260656356811523 108.0
vertex 10.875726699829102 -14.96915340423584 108.0
vertex 11.233377456665039 -16.34466552734375 112.0
endloop
endfacet
facet normal 0.588708758354187 -0.7467734813690186 -0.30943718552589417
outer loop
vertex 10.875726699829102 -14.96915340423584 108.0
vertex 13.270681381225586 -14.738584518432617 112.0
vertex 11.233377456665039 -16.34466552734375 112.0
endloop
endfacet
facet normal 0.6056725382804871 -0.728242039680481 -0.320662260055542
outer loop
vertex 10.875726699829102 -14.96915340423584 108.0
vertex 12.736549377441406 -13.421523094177246 108.0
vertex 13.270681381225586 -14.738584518432617 112.0
endloop
endfacet
facet normal 0.6811457872390747 -0.6635428071022034 -0.30943718552589417
outer loop
vertex 12.736549377441406 -13.421523094177246 108.0
vertex 15.080920219421387 -12.880322456359863 112.0
vertex 13.270681381225586 -14.738584518432617 112.0
endloop
endfacet
facet normal 0.6955456137657166 -0.6429557204246521 -0.320662260055542
outer loop
vertex 12.736549377441406 -13.421523094177246 108.0
vertex 14.379446983337402 -11.644247055053711 108.0
vertex 15.080920219421387 -12.880322456359863 112.0
endloop
endfacet
facet normal 0.7619282007217407 -0.5689587593078613 -0.30943718552589417
outer loop
vertex 14.379446983337402 -11.644247055053711 108.0
vertex 16.633119583129883 -10.801674842834473 112.0
vertex 15.080920219421387 -12.880322456359863 112.0
endloop
endfacet
facet normal 0.7735176682472229 -0.5466682314872742 -0.320662260055542
outer loop
vertex 14.379446983337402 -11.644247055053711 108.0
vertex 15.776308059692383 -9.667734146118164 108.0
vertex 16.633119583129883 -10.801674842834473 112.0
endloop
endfacet
facet normal 0.8296738266944885 -0.46463966369628906 -0.30943718552589417
outer loop
vertex 15.776308059692383 -9.667734146118164 108.0
vertex 17.90072250366211 -8.538207054138184 112.0
vertex 16.633119583129883 -10.801674842834473 112.0
endloop
endfacet
facet normal 0.8382546305656433 -0.44102710485458374 -0.320662260055542
outer loop
vertex 15.776308059692383 -9.667734146118164 108.0
vertex 16.90323257446289 -7.525803565979004 108.0
vertex 17.90072250366211 -8.538207054138184 112.0
endloop
endfacet
facet normal 0.8832234740257263 -0.3523704409599304 -0.30943718552589417
outer loop
vertex 16.90323257446289 -7.525803565979004 108.0
vertex 18.86203956604004 -6.128648281097412 112.0
vertex 17.90072250366211 -8.538207054138184 112.0
endloop
endfacet
facet normal 0.8886488080024719 -0.32783985137939453 -0.320662260055542
outer loop
vertex 16.90323257446289 -7.525803565979004 108.0
vertex 17.740936279296875 -5.255105018615723 108.0
vertex 18.86203956604004 -6.128648281097412 112.0
endloop
endfacet
facet normal 0.9216609597206116 -0.23407205939292908 -0.30943718552589417
outer loop
vertex 17.740936279296875 -5.255105018615723 108.0
vertex 19.500621795654297 -3.6142265796661377 112.0
vertex 18.86203956604004 -6.128648281097412 112.0
endloop
endfacet
facet normal 0.9238380193710327 -0.2090432047843933 -0.320662260055542
outer loop
vertex 17.740936279296875 -5.255105018615723 108.0
vertex 18.275089263916016 -2.8944897651672363 108.0
vertex 19.500621795654297 -3.6142265796661377 112.0
endloop
endfacet
facet normal 0.9443285465240479 -0.11176864802837372 -0.30943718552589417
outer loop
vertex 18.275089263916016 -2.8944897651672363 108.0
vertex 19.8055419921875 -1.0379644632339478 112.0
vertex 19.500621795654297 -3.6142265796661377 112.0
endloop
endfacet
facet normal 0.9432200789451599 -0.08666975051164627 -0.320662260055542
outer loop
vertex 18.275089263916016 -2.8944897651672363 108.0
vertex 18.496549606323242 -0.48434922099113464 108.0
vertex 19.8055419921875 -1.0379644632339478 112.0
endloop
endfacet
facet normal 0.9508384466171265 0.012447156943380833 -0.30943718552589417
outer loop
vertex 18.496549606323242 -0.48434922099113464 108.0
vertex 19.77158546447754 1.5560574531555176 112.0
vertex 19.8055419921875 -1.0379644632339478 112.0
endloop
endfacet
facet normal 0.9464633464813232 0.0371866449713707 -0.320662260055542
outer loop
vertex 18.496549606323242 -0.48434922099113464 108.0
vertex 18.40152931213379 1.9340788125991821 108.0
vertex 19.77158546447754 1.5560574531555176 112.0
endloop
endfacet
facet normal 0.9410791993141174 0.13644999265670776 -0.30943718552589417
outer loop
vertex 18.40152931213379 1.9340788125991821 108.0
vertex 19.399330139160156 4.123455047607422 112.0
vertex 19.77158546447754 1.5560574531555176 112.0
endloop
endfacet
facet normal 0.9335123896598816 0.16040676832199097 -0.320662260055542
outer loop
vertex 18.40152931213379 1.9340788125991821 108.0
vertex 17.991655349731445 4.319414138793945 108.0
vertex 19.399330139160156 4.123455047607422 112.0
endloop
endfacet
facet normal 0.9152178168296814 0.2581181228160858 -0.30943718552589417
outer loop
vertex 17.991655349731445 4.319414138793945 108.0
vertex 18.695146560668945 6.620298862457275 112.0
vertex 19.399330139160156 4.123455047607422 112.0
endloop
endfacet
facet normal 0.9045887589454651 0.2808822691440582 -0.320662260055542
outer loop
vertex 17.991655349731445 4.319414138793945 108.0
vertex 17.273937225341797 6.630843162536621 108.0
vertex 18.695146560668945 6.620298862457275 112.0
endloop
endfacet
facet normal 0.8736968040466309 0.3753697872161865 -0.30943718552589417
outer loop
vertex 17.273937225341797 6.630843162536621 108.0
vertex 17.671085357666016 9.003867149353027 112.0
vertex 18.695146560668945 6.620298862457275 112.0
endloop
endfacet
facet normal 0.8601874113082886 0.39655181765556335 -0.320662260055542
outer loop
vertex 17.273937225341797 6.630843162536621 108.0
vertex 16.260656356811523 8.828816413879395 108.0
vertex 17.671085357666016 9.003867149353027 112.0
endloop
endfacet
facet normal 0.8172266483306885 0.486198753118515 -0.30943718552589417
outer loop
vertex 16.260656356811523 8.828816413879395 108.0
vertex 16.34466552734375 11.233377456665039 112.0
vertex 17.671085357666016 9.003867149353027 112.0
endloop
endfacet
facet normal 0.8010680079460144 0.5054362416267395 -0.320662260055542
outer loop
vertex 16.260656356811523 8.828816413879395 108.0
vertex 14.96915340423584 10.875726699829102 108.0
vertex 16.34466552734375 11.233377456665039 112.0
endloop
endfacet
facet normal 0.7467734813690186 0.588708758354187 -0.30943718552589417
outer loop
vertex 14.96915340423584 10.875726699829102 108.0
vertex 14.738584518432617 13.270681381225586 112.0
vertex 16.34466552734375 11.233377456665039 112.0
endloop
endfacet
facet normal 0.728242039680481 0.6056725382804871 -0.320662260055542
outer loop
vertex 14.96915340423584 10.875726699829102 108.0
vertex 13.421523094177246 12.736549377441406 108.0
vertex 14.738584518432617 13.270681381225586 112.0
endloop
endfacet
facet normal 0.6635428071022034 0.6811457872390747 -0.30943718552589417
outer loop
vertex 13.421523094177246 12.736549377441406 108.0
vertex 12.880322456359863 15.080920219421387 112.0
vertex 14.738584518432617 13.270681381225586 112.0
endloop
endfacet
facet normal 0.6429557204246521 0.6955456137657166 -0.320662260055542
outer loop
vertex 13.421523094177246 12.736549377441406 108.0
vertex 11.644247055053711 14.379446983337402 108.0
vertex 12.880322456359863 15.080920219421387 112.0
endloop
endfacet
facet normal 0.5689587593078613 0.7619282007217407 -0.30943718552589417
outer loop
vertex 11.644247055053711 14.379446983337402 108.0
vertex 10.801674842834473 16.633119583129883 112.0
vertex 12.880322456359863 15.080920219421387 112.0
endloop
endfacet
facet normal 0.5466682314872742 0.7735176682472229 -0.320662260055542
outer loop
vertex 11.644247055053711 14.379446983337402 108.0
vertex 9.667734146118164 15.776308059692383 108.0
vertex 10.801674842834473 16.633119583129883 112.0
endloop
endfacet
facet normal 0.46463966369628906 0.8296738266944885 -0.30943718552589417
outer loop
vertex 9.667734146118164 15.776308059692383 108.0
vertex 8.538207054138184 17.90072250366211 112.0
vertex 10.801674842834473 16.633119583129883 112.0
endloop
endfacet
facet normal 0.44102710485458374 0.8382546305656433 -0.320662260055542
outer loop
vertex 9.667734146118164 15.776308059692383 108.0
vertex 7.525803565979004 16.90323257446289 108.0
vertex 8.538207054138184 17.90072250366211 112.0
endloop
endfacet
facet normal 0.3523704409599304 0.8832234740257263 -0.30943718552589417
outer loop
vertex 7.525803565979004 16.90323257446289 108.0
vertex 6.128648281097412 18.86203956604004 112.0
vertex 8.538207054138184 17.90072250366211 112.0
endloop
endfacet
facet normal 0.32783985137939453 0.8886488080024719 -0.320662260055542
outer loop
vertex 7.525803565979004 16.90323257446289 108.0
vertex 5.255105018615723 17.740936279296875 108.0
vertex 6.128648281097412 18.86203956604004 112.0
endloop
endfacet
facet normal 0.23407205939292908 0.9216609597206116 -0.30943718552589417
outer loop
vertex 5.255105018615723 17.740936279296875 108.0
vertex 3.6142265796661377 19.500621795654297 112.0
vertex 6.128648281097412 18.86203956604004 112.0
endloop
endfacet
facet normal 0.2090432047843933 0.9238380193710327 -0.320662260055542
outer loop
vertex 5.255105018615723 17.740936279296875 108.0
vertex 2.8944897651672363 18.275089263916016 108.0
vertex 3.6142265796661377 19.500621795654297 112.0
endloop
endfacet
facet normal 0.11176864802837372 0.9443285465240479 -0.30943718552589417
outer loop
vertex 2.8944897651672363 18.275089263916016 108.0
vertex 1.0379644632339478 19.8055419921875 112.0
vertex 3.6142265796661377 19.500621795654297 112.0
endloop
endfacet
facet normal 0.08666975051164627 0.9432200789451599 -0.320662260055542
outer loop
vertex 2.8944897651672363 18.275089263916016 108.0
vertex 0.48434922099113464 18.496549606323242 108.0
vertex 1.0379644632339478 19.8055419921875 112.0
endloop
endfacet
facet normal -0.012447156943380833 0.9508384466171265 -0.30943718552589417
outer loop
vertex 0.48434922099113464 18.496549606323242 108.0
vertex -1.5560574531555176 19.77158546447754 112.0
vertex 1.0379644632339478 19.8055419921875 112.0
endloop
endfacet
facet normal -0.0371866449713707 0.9464633464813232 -0.320662260055542
outer loop
vertex 0.48434922099113464 18.496549606323242 108.0
vertex -1.9340788125991821 18.40152931213379 108.0
vertex -1.5560574531555176 19.77158546447754 112.0
endloop
endfacet
facet normal -0.13644999265670776 0.9410791993141174 -0.30943718552589417
outer loop
vertex -1.9340788125991821 18.40152931213379 108.0
vertex -4.123455047607422 19.399330139160156 112.0
vertex -1.5560574531555176 19.77158546447754 112.0
endloop
endfacet
facet normal -0.16040676832199097 0.9335123896598816 -0.320662260055542
outer loop
vertex -1.9340788125991821 18.40152931213379 108.0
vertex -4.319414138793945 17.991655349731445 108.0
vertex -4.123455047607422 19.399330139160156 112.0
endloop
endfacet
facet normal -0.2581181228160858 0.9152178168296814 -0.30943718552589417
outer loop
vertex -4.319414138793945 17.991655349731445 108.0
vertex -6.620298862457275 18.695146560668945 112.0
vertex -4.123455047607422 19.399330139160156 112.0
endloop
endfacet
facet normal -0.2808822691440582 0.9045887589454651 -0.320662260055542
outer loop
vertex -4.319414138793945 17.991655349731445 108.0
vertex -6.630843162536621 17.273937225341797 108.0
vertex -6.620298862457275 18.695146560668945 112.0
endloop
endfacet
facet normal -0.3753697872161865 0.8736968040466309 -0.30943718552589417
outer loop
vertex -6.630843162536621 17.273937225341797 108.0
vertex -9.003867149353027 17.671085357666016 112.0
vertex -6.620298862457275 18.695146560668945 112.0
endloop
endfacet
facet normal -0.39655181765556335 0.8601874113082886 -0.320662260055542
outer loop
vertex -6.630843162536621 17.273937225341797 108.0
vertex -8.828816413879395 16.260656356811523 108.0
vertex -9.003867149353027 17.671085357666016 112.0
endloop
endfacet
facet normal -0.486198753118515 0.8172266483306885 -0.30943718552589417
outer loop
vertex -8.828816413879395 16.260656356811523 108.0
vertex -11.233377456665039 16.34466552734375 112.0
vertex -9.003867149353027 17.671085357666016 112.0
endloop
endfacet
facet normal -0.5054362416267395 0.8010680079460144 -0.320662260055542
outer loop
vertex -8.828816413879395 16.260656356811523 108.0
vertex -10.875726699829102 14.96915340423584 108.0
vertex -11.233377456665039 16.34466552734375 112.0
endloop
endfacet
facet normal -0.588708758354187 0.7467734813690186 -0.30943718552589417
outer loop
vertex -10.875726699829102 14.96915340423584 108.0
vertex -13.270681381225586 14.738584518432617 112.0
vertex -11.233377456665039 16.34466552734375 112.0
endloop
endfacet
facet normal -0.6056725382804871 0.728242039680481 -0.320662260055542
outer loop
vertex -10.875726699829102 14.96915340423584 108.0
vertex -12.736549377441406 13.421523094177246 108.0
vertex -13.270681381225586 14.738584518432617 112.0
endloop
endfacet
facet normal -0.6811457872390747 0.6635428071022034 -0.30943718552589417
outer loop
vertex -12.736549377441406 13.421523094177246 108.0
vertex -15.080920219421387 12.880322456359863 112.0
vertex -13.270681381225586 14.738584518432617 112.0
endloop
endfacet
facet normal -0.6955456137657166 0.6429557204246521 -0.320662260055542
outer loop
vertex -12.736549377441406 13.421523094177246 108.0
vertex -14.379446983337402 11.644247055053711 108.0
vertex -15.080920219421387 12.880322456359863 112.0
endloop
endfacet
facet normal -0.7619282007217407 0.5689587593078613 -0.30943718552589417
outer loop
vertex -14.379446983337402 11.644247055053711 108.0
vertex -16.633119583129883 10.801674842834473 112.0
vertex -15.080920219421387 12.880322456359863 112.0
endloop
endfacet
facet normal -0.7735176682472229 0.5466682314872742 -0.320662260055542
outer loop
vertex -14.379446983337402 11.644247055053711 108.0
vertex -15.776308059692383 9.667734146118164 108.0
vertex -16.633119583129883 10.801674842834473 112.0
endloop
endfacet
facet normal -0.8296738266944885 0.46463966369628906 -0.30943718552589417
outer loop
vertex -15.776308059692383 9.667734146118164 108.0
vertex -17.90072250366211 8.538207054138184 112.0
vertex -16.633119583129883 10.801674842834473 112.0
endloop
endfacet
facet normal -0.8382546305656433 0.44102710485458374 -0.320662260055542
outer loop
vertex -15.776308059692383 9.667734146118164 108.0
vertex -16.90323257446289 7.525803565979004 108.0
vertex -17.90072250366211 8.538207054138184 112.0
endloop
endfacet
facet normal -0.8832234740257263 0.3523704409599304 -0.30943718552589417
outer loop
vertex -16.90323257446289 7.525803565979004 108.0
vertex -18.86203956604004 6.128648281097412 112.0
vertex -17.90072250366211 8.538207054138184 112.0
endloop
endfacet
facet normal -0.8518826961517334 0.21635062992572784 -0.4769573509693146
outer loop
vertex -18.86203956604004 6.128648281097412 112.0
vertex -19.500621795654297 3.6142265796661377 112.0
vertex -21.497570037841797 4.5694499015808105 116.0
endloop
endfacet
facet normal -0.8750302791595459 0.12687334418296814 -0.46714580059051514
outer loop
vertex -19.500621795654297 3.6142265796661377 112.0
vertex -21.91008949279785 1.7243614196777344 116.0
vertex -21.497570037841797 4.5694499015808105 116.0
endloop
endfacet
facet normal -0.8728341460227966 0.10330672562122345 -0.4769573509693146
outer loop
vertex -19.500621795654297 3.6142265796661377 112.0
vertex -19.8055419921875 1.0379644632339478 112.0
vertex -21.91008949279785 1.7243614196777344 116.0
endloop
endfacet
facet normal -0.8841045498847961 0.011573562398552895 -0.46714580059051514
outer loop
vertex -19.8055419921875 1.0379644632339478 112.0
vertex -21.94771957397461 -1.1502312421798706 116.0
vertex -21.91008949279785 1.7243614196777344 116.0
endloop
endfacet
facet normal -0.8788511157035828 -0.011504791676998138 -0.4769573509693146
outer loop
vertex -19.8055419921875 1.0379644632339478 112.0
vertex -19.77158546447754 -1.5560574531555176 112.0
vertex -21.94771957397461 -1.1502312421798706 116.0
endloop
endfacet
facet normal -0.8780515789985657 -0.10392425209283829 -0.46714580059051514
outer loop
vertex -19.77158546447754 -1.5560574531555176 112.0
vertex -21.609817504882812 -4.005143165588379 116.0
vertex -21.94771957397461 -1.1502312421798706 116.0
endloop
endfacet
facet normal -0.8698307871818542 -0.126119464635849 -0.4769573509693146
outer loop
vertex -19.77158546447754 -1.5560574531555176 112.0
vertex -19.399330139160156 -4.123455047607422 112.0
vertex -21.609817504882812 -4.005143165588379 116.0
endloop
endfacet
facet normal -0.8569748997688293 -0.2176438868045807 -0.46714580059051514
outer loop
vertex -19.399330139160156 -4.123455047607422 112.0
vertex -20.90216636657715 -6.791525840759277 116.0
vertex -21.609817504882812 -4.005143165588379 116.0
endloop
endfacet
facet normal -0.845927357673645 -0.23857618868350983 -0.4769573509693146
outer loop
vertex -19.399330139160156 -4.123455047607422 112.0
vertex -18.695146560668945 -6.620298862457275 112.0
vertex -20.90216636657715 -6.791525840759277 116.0
endloop
endfacet
facet normal -0.8212351202964783 -0.3276395797729492 -0.46714580059051514
outer loop
vertex -18.695146560668945 -6.620298862457275 112.0
vertex -19.83687400817871 -9.461703300476074 116.0
vertex -20.90216636657715 -6.791525840759277 116.0
endloop
endfacet
facet normal -0.8075498938560486 -0.34695079922676086 -0.4769573509693146
outer loop
vertex -18.695146560668945 -6.620298862457275 112.0
vertex -17.671085357666016 -9.003867149353027 112.0
vertex -19.83687400817871 -9.461703300476074 116.0
endloop
endfacet
facet normal -0.771443784236908 -0.43202927708625793 -0.46714580059051514
outer loop
vertex -17.671085357666016 -9.003867149353027 112.0
vertex -18.432167053222656 -11.969988822937012 116.0
vertex -19.83687400817871 -9.461703300476074 116.0
endloop
endfacet
facet normal -0.7553550004959106 -0.4493890106678009 -0.4769573509693146
outer loop
vertex -17.671085357666016 -9.003867149353027 112.0
vertex -16.34466552734375 -11.233377456665039 112.0
vertex -18.432167053222656 -11.969988822937012 116.0
endloop
endfacet
facet normal -0.7084528207778931 -0.5290268063545227 -0.46714580059051514
outer loop
vertex -16.34466552734375 -11.233377456665039 112.0
vertex -16.712080001831055 -14.273465156555176 116.0
vertex -18.432167053222656 -11.969988822937012 116.0
endloop
endfacet
facet normal -0.6902357935905457 -0.5441380143165588 -0.4769573509693146
outer loop
vertex -16.34466552734375 -11.233377456665039 112.0
vertex -14.738584518432617 -13.270681381225586 112.0
vertex -16.712080001831055 -14.273465156555176 116.0
endloop
endfacet
facet normal -0.633340060710907 -0.6169725656509399 -0.46714580059051514
outer loop
vertex -14.738584518432617 -13.270681381225586 112.0
vertex -14.706045150756836 -16.332717895507812 116.0
vertex -16.712080001831055 -14.273465156555176 116.0
endloop
endfacet
facet normal -0.61330646276474 -0.6295767426490784 -0.4769573509693146
outer loop
vertex -14.738584518432617 -13.270681381225586 112.0
vertex -12.880322456359863 -15.080920219421387 112.0
vertex -14.706045150756836 -16.332717895507812 116.0
endloop
endfacet
facet normal -0.5473906993865967 -0.6943617463111877 -0.46714580059051514
outer loop
vertex -12.880322456359863 -15.080920219421387 112.0
vertex -12.448385238647461 -18.112512588500977 116.0
vertex -14.706045150756836 -16.332717895507812 116.0
endloop
endfacet
facet normal -0.5258833169937134 -0.7042431831359863 -0.4769573509693146
outer loop
vertex -12.880322456359863 -15.080920219421387 112.0
vertex -10.801674842834473 -16.633119583129883 112.0
vertex -12.448385238647461 -18.112512588500977 116.0
endloop
endfacet
facet normal -0.4520752727985382 -0.7598702311515808 -0.46714580059051514
outer loop
vertex -10.801674842834473 -16.633119583129883 112.0
vertex -9.977729797363281 -19.5823974609375 116.0
vertex -12.448385238647461 -18.112512588500977 116.0
endloop
endfacet
facet normal -0.42946213483810425 -0.7668598294258118 -0.4769573509693146
outer loop
vertex -10.801674842834473 -16.633119583129883 112.0
vertex -8.538207054138184 -17.90072250366211 112.0
vertex -9.977729797363281 -19.5823974609375 116.0
endloop
endfacet
facet normal -0.3490247428417206 -0.8123770952224731 -0.46714580059051514
outer loop
vertex -8.538207054138184 -17.90072250366211 112.0
vertex -7.336353302001953 -20.717222213745117 116.0
vertex -9.977729797363281 -19.5823974609375 116.0
endloop
endfacet
facet normal -0.325692743062973 -0.816355288028717 -0.4769573509693146
outer loop
vertex -8.538207054138184 -17.90072250366211 112.0
vertex -6.128648281097412 -18.86203956604004 112.0
vertex -7.336353302001953 -20.717222213745117 116.0
endloop
endfacet
facet normal -0.24000230431556702 -0.8509839773178101 -0.46714580059051514
outer loop
vertex -6.128648281097412 -18.86203956604004 112.0
vertex -4.5694499015808105 -21.497570037841797 116.0
vertex -7.336353302001953 -20.717222213745117 116.0
endloop
endfacet
facet normal -0.21635062992572784 -0.8518826961517334 -0.4769573509693146
outer loop
vertex -6.128648281097412 -18.86203956604004 112.0
vertex -3.6142265796661377 -19.500621795654297 112.0
vertex -4.5694499015808105 -21.497570037841797 116.0
endloop
endfacet
facet normal -0.12687334418296814 -0.8750302791595459 -0.46714580059051514
outer loop
vertex -3.6142265796661377 -19.500621795654297 112.0
vertex -1.7243614196777344 -21.91008949279785 116.0
vertex -4.5694499015808105 -21.497570037841797 116.0
endloop
endfacet
facet normal -0.10330672562122345 -0.8728341460227966 -0.4769573509693146
outer loop
vertex -3.6142265796661377 -19.500621795654297 112.0
vertex -1.0379644632339478 -19.8055419921875 112.0
vertex -1.7243614196777344 -21.91008949279785 116.0
endloop
endfacet
facet normal -0.011573562398552895 -0.8841045498847961 -0.46714580059051514
outer loop
vertex -1.0379644632339478 -19.8055419921875 112.0
vertex 1.1502312421798706 -21.94771957397461 116.0
vertex -1.7243614196777344 -21.91008949279785 116.0
endloop
endfacet
facet normal 0.011504791676998138 -0.8788511157035828 -0.4769573509693146
outer loop
vertex -1.0379644632339478 -19.8055419921875 112.0
vertex 1.5560574531555176 -19.77158546447754 112.0
vertex 1.1502312421798706 -21.94771957397461 116.0
endloop
endfacet
facet normal 0.10392425209283829 -0.8780515789985657 -0.46714580059051514
outer loop
vertex 1.5560574531555176 -19.77158546447754 112.0
vertex 4.005143165588379 -21.609817504882812 116.0
vertex 1.1502312421798706 -21.94771957397461 116.0
endloop
endfacet
facet normal 0.126119464635849 -0.8698307871818542 -0.4769573509693146
outer loop
vertex 1.5560574531555176 -19.77158546447754 112.0
vertex 4.123455047607422 -19.399330139160156 112.0
vertex 4.005143165588379 -21.609817504882812 116.0
endloop
endfacet
facet normal 0.2176438868045807 -0.8569748997688293 -0.46714580059051514
outer loop
vertex 4.123455047607422 -19.399330139160156 112.0
vertex 6.791525840759277 -20.90216636657715 116.0
vertex 4.005143165588379 -21.609817504882812 116.0
endloop
endfacet
facet normal 0.23857618868350983 -0.845927357673645 -0.4769573509693146
outer loop
vertex 4.123455047607422 -19.399330139160156 112.0
vertex 6.620298862457275 -18.695146560668945 112.0
vertex 6.791525840759277 -20.90216636657715 116.0
endloop
endfacet
facet normal 0.3276395797729492 -0.8212351202964783 -0.46714580059051514
outer loop
vertex 6.620298862457275 -18.695146560668945 112.0
vertex 9.461703300476074 -19.83687400817871 116.0
vertex 6.791525840759277 -20.90216636657715 116.0
endloop
endfacet
facet normal 0.34695079922676086 -0.8075498938560486 -0.4769573509693146
outer loop
vertex 6.620298862457275 -18.695146560668945 112.0
vertex 9.003867149353027 -17.671085357666016 112.0
vertex 9.461703300476074 -19.83687400817871 116.0
endloop
endfacet
facet normal 0.43202927708625793 -0.771443784236908 -0.46714580059051514
outer loop
vertex 9.003867149353027 -17.671085357666016 112.0
vertex 11.969988822937012 -18.432167053222656 116.0
vertex 9.461703300476074 -19.83687400817871 116.0
endloop
endfacet
facet normal 0.4493890106678009 -0.7553550004959106 -0.4769573509693146
outer loop
vertex 9.003867149353027 -17.671085357666016 112.0
vertex 11.233377456665039 -16.34466552734375 112.0
vertex 11.969988822937012 -18.432167053222656 116.0
endloop
endfacet
facet normal 0.5290268063545227 -0.7084528207778931 -0.46714580059051514
outer loop
vertex 11.233377456665039 -16.34466552734375 112.0
vertex 14.273465156555176 -16.712080001831055 116.0
vertex 11.969988822937012 -18.432167053222656 116.0
endloop
endfacet
facet normal 0.5441380143165588 -0.6902357935905457 -0.4769573509693146
outer loop
vertex 11.233377456665039 -16.34466552734375 112.0
vertex 13.270681381225586 -14.738584518432617 112.0
vertex 14.273465156555176 -16.712080001831055 116.0
endloop
endfacet
facet normal 0.6169725656509399 -0.633340060710907 -0.46714580059051514
outer loop
vertex 13.270681381225586 -14.738584518432617 112.0
vertex 16.332717895507812 -14.706045150756836 116.0
vertex 14.273465156555176 -16.712080001831055 116.0
endloop
endfacet
facet normal 0.6295767426490784 -0.61330646276474 -0.4769573509693146
outer loop
vertex 13.270681381225586 -14.738584518432617 112.0
vertex 15.080920219421387 -12.880322456359863 112.0
vertex 16.332717895507812 -14.706045150756836 116.0
endloop
endfacet
facet normal 0.6943617463111877 -0.5473906993865967 -0.46714580059051514
outer loop
vertex 15.080920219421387 -12.880322456359863 112.0
vertex 18.112512588500977 -12.448385238647461 116.0
vertex 16.332717895507812 -14.706045150756836 116.0
endloop
endfacet
facet normal 0.7042431831359863 -0.5258833169937134 -0.4769573509693146
outer loop
vertex 15.080920219421387 -12.880322456359863 112.0
vertex 16.633119583129883 -10.801674842834473 112.0
vertex 18.112512588500977 -12.448385238647461 116.0
endloop
endfacet
facet normal 0.7598702311515808 -0.4520752727985382 -0.46714580059051514
outer loop
vertex 16.633119583129883 -10.801674842834473 112.0
vertex 19.5823974609375 -9.977729797363281 116.0
vertex 18.112512588500977 -12.448385238647461 116.0
endloop
endfacet
facet normal 0.7668598294258118 -0.42946213483810425 -0.4769573509693146
outer loop
vertex 16.633119583129883 -10.801674842834473 112.0
vertex 17.90072250366211 -8.538207054138184 112.0
vertex 19.5823974609375 -9.977729797363281 116.0
endloop
endfacet
facet normal 0.8123770952224731 -0.3490247428417206 -0.46714580059051514
outer loop
vertex 17.90072250366211 -8.538207054138184 112.0
vertex 20.717222213745117 -7.336353302001953 116.0
vertex 19.5823974609375 -9.977729797363281 116.0
endloop
endfacet
facet normal 0.816355288028717 -0.325692743062973 -0.4769573509693146
outer loop
vertex 17.90072250366211 -8.538207054138184 112.0
vertex 18.86203956604004 -6.128648281097412 112.0
vertex 20.717222213745117 -7.336353302001953 116.0
endloop
endfacet
facet normal 0.8509839773178101 -0.24000230431556702 -0.46714580059051514
outer loop
vertex 18.86203956604004 -6.128648281097412 112.0
vertex 21.497570037841797 -4.5694499015808105 116.0
vertex 20.717222213745117 -7.336353302001953 116.0
endloop
endfacet
facet normal 0.8518826961517334 -0.21635062992572784 -0.4769573509693146
outer loop
vertex 18.86203956604004 -6.128648281097412 112.0
vertex 19.500621795654297 -3.6142265796661377 112.0
vertex 21.497570037841797 -4.5694499015808105 116.0
endloop
endfacet
facet normal 0.8750302791595459 -0.12687334418296814 -0.46714580059051514
outer loop
vertex 19.500621795654297 -3.6142265796661377 112.0
vertex 21.91008949279785 -1.7243614196777344 116.0
vertex 21.497570037841797 -4.5694499015808105 116.0
endloop
endfacet
facet normal 0.8728341460227966 -0.10330672562122345 -0.4769573509693146
outer loop
vertex 19.500621795654297 -3.6142265796661377 112.0
vertex 19.8055419921875 -1.0379644632339478 112.0
vertex 21.91008949279785 -1.7243614196777344 116.0
endloop
endfacet
facet normal 0.8841045498847961 -0.011573562398552895 -0.46714580059051514
outer loop
vertex 19.8055419921875 -1.0379644632339478 112.0
vertex 21.94771957397461 1.1502312421798706 116.0
vertex 21.91008949279785 -1.7243614196777344 116.0
endloop
endfacet
facet normal 0.8788511157035828 0.011504791676998138 -0.4769573509693146
outer loop
vertex 19.8055419921875 -1.0379644632339478 112.0
vertex 19.77158546447754 1.5560574531555176 112.0
vertex 21.94771957397461 1.1502312421798706 116.0
endloop
endfacet
facet normal 0.8780515789985657 0.10392425209283829 -0.46714580059051514
outer loop
vertex 19.77158546447754 1.5560574531555176 112.0
vertex 21.609817504882812 4.005143165588379 116.0
vertex 21.94771957397461 1.1502312421798706 116.0
endloop
endfacet
facet normal 0.8698307871818542 0.126119464635849 -0.4769573509693146
outer loop
vertex 19.77158546447754 1.5560574531555176 112.0
vertex 19.399330139160156 4.123455047607422 112.0
vertex 21.609817504882812 4.005143165588379 116.0
endloop
endfacet
facet normal 0.8569748997688293 0.2176438868045807 -0.46714580059051514
outer loop
vertex 19.399330139160156 4.123455047607422 112.0
vertex 20.90216636657715 6.791525840759277 116.0
vertex 21.609817504882812 4.005143165588379 116.0
endloop
endfacet
facet normal 0.845927357673645 0.23857618868350983 -0.4769573509693146
outer loop
vertex 19.399330139160156 4.123455047607422 112.0
vertex 18.695146560668945 6.620298862457275 112.0
vertex 20.90216636657715 6.791525840759277 116.0
endloop
endfacet
facet normal 0.8212351202964783 0.3276395797729492 -0.46714580059051514
outer loop
vertex 18.695146560668945 6.620298862457275 112.0
vertex 19.83687400817871 9.461703300476074 116.0
vertex 20.90216636657715 6.791525840759277 116.0
endloop
endfacet
facet normal 0.8075498938560486 0.34695079922676086 -0.4769573509693146
outer loop
vertex 18.695146560668945 6.620298862457275 112.0
vertex 17.671085357666016 9.003867149353027 112.0
vertex 19.83687400817871 9.461703300476074 116.0
endloop
endfacet
facet normal 0.771443784236908 0.43202927708625793 -0.46714580059051514
outer loop
vertex 17.671085357666016 9.003867149353027 112.0
vertex 18.432167053222656 11.969988822937012 116.0
vertex 19.83687400817871 9.461703300476074 116.0
endloop
endfacet
facet normal 0.7553550004959106 0.4493890106678009 -0.4769573509693146
outer loop
vertex 17.671085357666016 9.003867149353027 112.0
vertex 16.34466552734375 11.233377456665039 112.0
vertex 18.432167053222656 11.969988822937012 116.0
endloop
endfacet
facet normal 0.7084528207778931 0.5290268063545227 -0.46714580059051514
outer loop
vertex 16.34466552734375 11.233377456665039 112.0
vertex 16.712080001831055 14.273465156555176 116.0
vertex 18.432167053222656 11.969988822937012 116.0
endloop
endfacet
facet normal 0.6902357935905457 0.5441380143165588 -0.4769573509693146
outer loop
vertex 16.34466552734375 11.233377456665039 112.0
vertex 14.738584518432617 13.270681381225586 112.0
vertex 16.712080001831055 14.273465156555176 116.0
endloop
endfacet
facet normal 0.633340060710907 0.6169725656509399 -0.46714580059051514
outer loop
vertex 14.738584518432617 13.270681381225586 112.0
vertex 14.706045150756836 16.332717895507812 116.0
vertex 16.712080001831055 14.273465156555176 116.0
endloop
endfacet
facet normal 0.61330646276474 0.6295767426490784 -0.4769573509693146
outer loop
vertex 14.738584518432617 13.270681381225586 112.0
vertex 12.880322456359863 15.080920219421387 112.0
vertex 14.706045150756836 16.332717895507812 116.0
endloop
endfacet
facet normal 0.5473906993865967 0.6943617463111877 -0.46714580059051514
outer loop
vertex 12.880322456359863 15.080920219421387 112.0
vertex 12.448385238647461 18.112512588500977 116.0
vertex 14.706045150756836 16.332717895507812 116.0
endloop
endfacet
facet normal 0.5258833169937134 0.7042431831359863 -0.4769573509693146
outer loop
vertex 12.880322456359863 15.080920219421387 112.0
vertex 10.801674842834473 16.633119583129883 112.0
vertex 12.448385238647461 18.112512588500977 116.0
endloop
endfacet
facet normal 0.4520752727985382 0.7598702311515808 -0.46714580059051514
outer loop
vertex 10.801674842834473 16.633119583129883 112.0
vertex 9.977729797363281 19.5823974609375 116.0
vertex 12.448385238647461 18.112512588500977 116.0
endloop
endfacet
facet normal 0.42946213483810425 0.7668598294258118 -0.4769573509693146
outer loop
vertex 10.801674842834473 16.633119583129883 112.0
vertex 8.538207054138184 17.90072250366211 112.0
vertex 9.977729797363281 19.5823974609375 116.0
endloop
endfacet
facet normal 0.3490247428417206 0.8123770952224731 -0.46714580059051514
outer loop
vertex 8.538207054138184 17.90072250366211 112.0
vertex 7.336353302001953 20.717222213745117 116.0
vertex 9.977729797363281 19.5823974609375 116.0
endloop
endfacet
facet normal 0.325692743062973 0.816355288028717 -0.4769573509693146
outer loop
vertex 8.538207054138184 17.90072250366211 112.0
vertex 6.128648281097412 18.86203956604004 112.0
vertex 7.336353302001953 20.717222213745117 116.0
endloop
endfacet
facet normal 0.24000230431556702 0.8509839773178101 -0.46714580059051514
outer loop
vertex 6.128648281097412 18.86203956604004 112.0
vertex 4.5694499015808105 21.497570037841797 116.0
vertex 7.336353302001953 20.717222213745117 116.0
endloop
endfacet
facet normal 0.21635062992572784 0.8518826961517334 -0.4769573509693146
outer loop
vertex 6.128648281097412 18.86203956604004 112.0
vertex 3.6142265796661377 19.500621795654297 112.0
vertex 4.5694499015808105 21.497570037841797 116.0
endloop
endfacet
facet normal 0.12687334418296814 0.8750302791595459 -0.46714580059051514
outer loop
vertex 3.6142265796661377 19.500621795654297 112.0
vertex 1.7243614196777344 21.91008949279785 116.0
vertex 4.5694499015808105 21.497570037841797 116.0
endloop
endfacet
facet normal 0.10330672562122345 0.8728341460227966 -0.4769573509693146
outer loop
vertex 3.6142265796661377 19.500621795654297 112.0
vertex 1.0379644632339478 19.8055419921875 112.0
vertex 1.7243614196777344 21.91008949279785 116.0
endloop
endfacet
facet normal 0.011573562398552895 0.8841045498847961 -0.46714580059051514
outer loop
vertex 1.0379644632339478 19.8055419921875 112.0
vertex -1.1502312421798706 21.94771957397461 116.0
vertex 1.7243614196777344 21.91008949279785 116.0
endloop
endfacet
facet normal -0.011504791676998138 0.8788511157035828 -0.4769573509693146
outer loop
vertex 1.0379644632339478 19.8055419921875 112.0
vertex -1.5560574531555176 19.77158546447754 112.0
vertex -1.1502312421798706 21.94771957397461 116.0
endloop
endfacet
facet normal -0.10392425209283829 0.8780515789985657 -0.46714580059051514
outer loop
vertex -1.5560574531555176 19.77158546447754 112.0
vertex -4.005143165588379 21.609817504882812 116.0
vertex -1.1502312421798706 21.94771957397461 116.0
endloop
endfacet
facet normal -0.126119464635849 0.8698307871818542 -0.4769573509693146
outer loop
vertex -1.5560574531555176 19.77158546447754 112.0
vertex -4.123455047607422 19.399330139160156 112.0
vertex -4.005143165588379 21.609817504882812 116.0
endloop
endfacet
facet normal -0.2176438868045807 0.8569748997688293 -0.46714580059051514
outer loop
vertex -4.123455047607422 19.399330139160156 112.0
vertex -6.791525840759277 20.90216636657715 116.0
vertex -4.005143165588379 21.609817504882812 116.0
endloop
endfacet
facet normal -0.23857618868350983 0.845927357673645 -0.4769573509693146
outer loop
vertex -4.123455047607422 19.399330139160156 112.0
vertex -6.620298862457275 18.695146560668945 112.0
vertex -6.791525840759277 20.90216636657715 116.0
endloop
endfacet
facet normal -0.3276395797729492 0.8212351202964783 -0.46714580059051514
outer loop
vertex -6.620298862457275 18.695146560668945 112.0
vertex -9.461703300476074 19.83687400817871 116.0
vertex -6.791525840759277 20.90216636657715 116.0
endloop
endfacet
facet normal -0.34695079922676086 0.8075498938560486 -0.4769573509693146
outer loop
vertex -6.620298862457275 18.695146560668945 112.0
vertex -9.003867149353027 17.671085357666016 112.0
vertex -9.461703300476074 19.83687400817871 116.0
endloop
endfacet
facet normal -0.43202927708625793 0.771443784236908 -0.46714580059051514
outer loop
vertex -9.003867149353027 17.671085357666016 112.0
vertex -11.969988822937012 18.432167053222656 116.0
vertex -9.461703300476074 19.83687400817871 116.0
endloop
endfacet
facet normal -0.4493890106678009 0.7553550004959106 -0.4769573509693146
outer loop
vertex -9.003867149353027 17.671085357666016 112.0
vertex -11.233377456665039 16.34466552734375 112.0
vertex -11.969988822937012 18.432167053222656 116.0
endloop
endfacet
facet normal -0.5290268063545227 0.7084528207778931 -0.46714580059051514
outer loop
vertex -11.233377456665039 16.34466552734375 112.0
vertex -14.273465156555176 16.712080001831055 116.0
vertex -11.969988822937012 18.432167053222656 116.0
endloop
endfacet
facet normal -0.5441380143165588 0.6902357935905457 -0.4769573509693146
outer loop
vertex -11.233377456665039 16.34466552734375 112.0
vertex -13.270681381225586 14.738584518432617 112.0
vertex -14.273465156555176 16.712080001831055 116.0
endloop
endfacet
facet normal -0.6169725656509399 0.633340060710907 -0.46714580059051514
outer loop
vertex -13.270681381225586 14.738584518432617 112.0
vertex -16.332717895507812 14.706045150756836 116.0
vertex -14.273465156555176 16.712080001831055 116.0
endloop
endfacet
facet normal -0.6295767426490784 0.61330646276474 -0.4769573509693146
outer loop
vertex -13.270681381225586 14.738584518432617 112.0
vertex -15.080920219421387 12.880322456359863 112.0
vertex -16.332717895507812 14.706045150756836 116.0
endloop
endfacet
facet normal -0.6943617463111877 0.5473906993865967 -0.46714580059051514
outer loop
vertex -15.080920219421387 12.880322456359863 112.0
vertex -18.112512588500977 12.448385238647461 116.0
vertex -16.332717895507812 14.706045150756836 116.0
endloop
endfacet
facet normal -0.7042431831359863 0.5258833169937134 -0.4769573509693146
outer loop
vertex -15.080920219421387 12.880322456359863 112.0
vertex -16.633119583129883 10.801674842834473 112.0
vertex -18.112512588500977 12.448385238647461 116.0
endloop
endfacet
facet normal -0.7598702311515808 0.4520752727985382 -0.46714580059051514
outer loop
vertex -16.633119583129883 10.801674842834473 112.0
vertex -19.5823974609375 9.977729797363281 116.0
vertex -18.112512588500977 12.448385238647461 116.0
endloop
endfacet
facet normal -0.7668598294258118 0.42946213483810425 -0.4769573509693146
outer loop
vertex -16.633119583129883 10.801674842834473 112.0
vertex -17.90072250366211 8.538207054138184 112.0
vertex -19.5823974609375 9.977729797363281 116.0
endloop
endfacet
facet normal -0.8123770952224731 0.3490247428417206 -0.46714580059051514
outer loop
vertex -17.90072250366211 8.538207054138184 112.0
vertex -20.717222213745117 7.336353302001953 116.0
vertex -19.5823974609375 9.977729797363281 116.0
endloop
endfacet
facet normal -0.816355288028717 0.325692743062973 -0.4769573509693146
outer loop
vertex -17.90072250366211 8.538207054138184 112.0
vertex -18.86203956604004 6.128648281097412 112.0
vertex -20.717222213745117 7.336353302001953 116.0
endloop
endfacet
facet normal -0.8509839773178101 0.24000230431556702 -0.46714580059051514
outer loop
vertex -18.86203956604004 6.128648281097412 112.0
vertex -21.497570037841797 4.5694499015808105 116.0
vertex -20.717222213745117 7.336353302001953 116.0
endloop
endfacet
facet normal -0.9623862504959106 0.13953936100006104 -0.23311254382133484
outer loop
vertex -21.497570037841797 4.5694499015808105 116.0
vertex -21.91008949279785 1.7243614196777344 116.0
vertex -22.781822204589844 2.394465923309326 120.0
endloop
endfacet
facet normal -0.9749947190284729 0.03830764815211296 -0.2189013957977295
outer loop
vertex -21.91008949279785 1.7243614196777344 116.0
vertex -22.89946174621582 -0.5996434688568115 120.0
vertex -22.781822204589844 2.394465923309326 120.0
endloop
endfacet
facet normal -0.972366452217102 0.012728974223136902 -0.23311254382133484
outer loop
vertex -21.91008949279785 1.7243614196777344 116.0
vertex -21.94771957397461 -1.1502312421798706 116.0
vertex -22.89946174621582 -0.5996434688568115 120.0
endloop
endfacet
facet normal -0.9716536402702332 -0.08928243070840836 -0.2189013957977295
outer loop
vertex -21.94771957397461 -1.1502312421798706 116.0
vertex -22.62528419494629 -3.5834929943084717 120.0
vertex -22.89946174621582 -0.5996434688568115 120.0
endloop
endfacet
facet normal -0.9657092094421387 -0.1142992153763771 -0.23311254382133484
outer loop
vertex -21.94771957397461 -1.1502312421798706 116.0
vertex -21.609817504882812 -4.005143165588379 116.0
vertex -22.62528419494629 -3.5834929943084717 120.0
endloop
endfacet
facet normal -0.9516873359680176 -0.2153448611497879 -0.2189013957977295
outer loop
vertex -21.609817504882812 -4.005143165588379 116.0
vertex -21.96398162841797 -6.506027698516846 120.0
vertex -22.62528419494629 -3.5834929943084717 120.0
endloop
endfacet
facet normal -0.9425283670425415 -0.23937171697616577 -0.23311254382133484
outer loop
vertex -21.609817504882812 -4.005143165588379 116.0
vertex -20.90216636657715 -6.791525840759277 116.0
vertex -21.96398162841797 -6.506027698516846 120.0
endloop
endfacet
facet normal -0.9154373407363892 -0.33772268891334534 -0.2189013957977295
outer loop
vertex -20.90216636657715 -6.791525840759277 116.0
vertex -20.926870346069336 -9.317242622375488 120.0
vertex -21.96398162841797 -6.506027698516846 120.0
endloop
endfacet
facet normal -0.9032206535339355 -0.36034849286079407 -0.23311254382133484
outer loop
vertex -20.90216636657715 -6.791525840759277 116.0
vertex -19.83687400817871 -9.461703300476074 116.0
vertex -20.926870346069336 -9.317242622375488 120.0
endloop
endfacet
facet normal -0.8635240197181702 -0.454321950674057 -0.2189013957977295
outer loop
vertex -19.83687400817871 -9.461703300476074 116.0
vertex -19.531692504882812 -11.969037055969238 120.0
vertex -20.926870346069336 -9.317242622375488 120.0
endloop
endfacet
facet normal -0.8484585285186768 -0.475159615278244 -0.23311254382133484
outer loop
vertex -19.83687400817871 -9.461703300476074 116.0
vertex -18.432167053222656 -11.969988822937012 116.0
vertex -19.531692504882812 -11.969037055969238 120.0
endloop
endfacet
facet normal -0.7968355417251587 -0.5631476640701294 -0.2189013957977295
outer loop
vertex -18.432167053222656 -11.969988822937012 116.0
vertex -17.802324295043945 -14.416037559509277 120.0
vertex -19.531692504882812 -11.969037055969238 120.0
endloop
endfacet
facet normal -0.7791790962219238 -0.5818406343460083 -0.23311254382133484
outer loop
vertex -18.432167053222656 -11.969988822937012 116.0
vertex -16.712080001831055 -14.273465156555176 116.0
vertex -17.802324295043945 -14.416037559509277 120.0
endloop
endfacet
facet normal -0.7165129780769348 -0.6623377799987793 -0.2189013957977295
outer loop
vertex -16.712080001831055 -14.273465156555176 116.0
vertex -15.768352508544922 -16.616376876831055 120.0
vertex -17.802324295043945 -14.416037559509277 120.0
endloop
endfacet
facet normal -0.6965676546096802 -0.6785661578178406 -0.23311254382133484
outer loop
vertex -16.712080001831055 -14.273465156555176 116.0
vertex -14.706045150756836 -16.332717895507812 116.0
vertex -15.768352508544922 -16.616376876831055 120.0
endloop
endfacet
facet normal -0.6239306926727295 -0.7501950860023499 -0.2189013957977295
outer loop
vertex -14.706045150756836 -16.332717895507812 116.0
vertex -13.464579582214355 -18.53240394592285 120.0
vertex -15.768352508544922 -16.616376876831055 120.0
endloop
endfacet
facet normal -0.602037787437439 -0.7636812925338745 -0.23311254382133484
outer loop
vertex -14.706045150756836 -16.332717895507812 116.0
vertex -12.448385238647461 -18.112512588500977 116.0
vertex -13.464579582214355 -18.53240394592285 120.0
endloop
endfacet
facet normal -0.5206727385520935 -0.8252163529396057 -0.2189013957977295
outer loop
vertex -12.448385238647461 -18.112512588500977 116.0
vertex -10.930423736572266 -20.131336212158203 120.0
vertex -13.464579582214355 -18.53240394592285 120.0
endloop
endfacet
facet normal -0.49720683693885803 -0.8357295393943787 -0.23311254382133484
outer loop
vertex -12.448385238647461 -18.112512588500977 116.0
vertex -9.977729797363281 -19.5823974609375 116.0
vertex -10.930423736572266 -20.131336212158203 120.0
endloop
endfacet
facet normal -0.40850597620010376 -0.8861179947853088 -0.2189013957977295
outer loop
vertex -9.977729797363281 -19.5823974609375 116.0
vertex -8.209245681762695 -21.38581657409668 120.0
vertex -10.930423736572266 -20.131336212158203 120.0
endloop
endfacet
facet normal -0.38386857509613037 -0.893478274345398 -0.23311254382133484
outer loop
vertex -9.977729797363281 -19.5823974609375 116.0
vertex -7.336353302001953 -20.717222213745117 116.0
vertex -8.209245681762695 -21.38581657409668 120.0
endloop
endfacet
facet normal -0.2893495559692383 -0.9318578243255615 -0.2189013957977295
outer loop
vertex -7.336353302001953 -20.717222213745117 116.0
vertex -5.3476057052612305 -22.27437973022461 120.0
vertex -8.209245681762695 -21.38581657409668 120.0
endloop
endfacet
facet normal -0.2639622092247009 -0.935939371585846 -0.23311254382133484
outer loop
vertex -7.336353302001953 -20.717222213745117 116.0
vertex -4.5694499015808105 -21.497570037841797 116.0
vertex -5.3476057052612305 -22.27437973022461 120.0
endloop
endfacet
facet normal -0.1652422696352005 -0.9616533517837524 -0.2189013957977295
outer loop
vertex -4.5694499015808105 -21.497570037841797 116.0
vertex -2.394465923309326 -22.781822204589844 120.0
vertex -5.3476057052612305 -22.27437973022461 120.0
endloop
endfacet
facet normal -0.13953936100006104 -0.9623862504959106 -0.23311254382133484
outer loop
vertex -4.5694499015808105 -21.497570037841797 116.0
vertex -1.7243614196777344 -21.91008949279785 116.0
vertex -2.394465923309326 -22.781822204589844 120.0
endloop
endfacet
facet normal -0.03830764815211296 -0.9749947190284729 -0.2189013957977295
outer loop
vertex -1.7243614196777344 -21.91008949279785 116.0
vertex 0.5996434688568115 -22.89946174621582 120.0
vertex -2.394465923309326 -22.781822204589844 120.0
endloop
endfacet
facet normal -0.012728974223136902 -0.972366452217102 -0.23311254382133484
outer loop
vertex -1.7243614196777344 -21.91008949279785 116.0
vertex 1.1502312421798706 -21.94771957397461 116.0
vertex 0.5996434688568115 -22.89946174621582 120.0
endloop
endfacet
facet normal 0.08928243070840836 -0.9716536402702332 -0.2189013957977295
outer loop
vertex 1.1502312421798706 -21.94771957397461 116.0
vertex 3.5834929943084717 -22.62528419494629 120.0
vertex 0.5996434688568115 -22.89946174621582 120.0
endloop
endfacet
facet normal 0.1142992153763771 -0.9657092094421387 -0.23311254382133484
outer loop
vertex 1.1502312421798706 -21.94771957397461 116.0
vertex 4.005143165588379 -21.609817504882812 116.0
vertex 3.5834929943084717 -22.62528419494629 120.0
endloop
endfacet
facet normal 0.2153448611497879 -0.9516873359680176 -0.2189013957977295
outer loop
vertex 4.005143165588379 -21.609817504882812 116.0
vertex 6.506027698516846 -21.96398162841797 120.0
vertex 3.5834929943084717 -22.62528419494629 120.0
endloop
endfacet
facet normal 0.23937171697616577 -0.9425283670425415 -0.23311254382133484
outer loop
vertex 4.005143165588379 -21.609817504882812 116.0
vertex 6.791525840759277 -20.90216636657715 116.0
vertex 6.506027698516846 -21.96398162841797 120.0
endloop
endfacet
facet normal 0.33772268891334534 -0.9154373407363892 -0.2189013957977295
outer loop
vertex 6.791525840759277 -20.90216636657715 116.0
vertex 9.317242622375488 -20.926870346069336 120.0
vertex 6.506027698516846 -21.96398162841797 120.0
endloop
endfacet
facet normal 0.36034849286079407 -0.9032206535339355 -0.23311254382133484
outer loop
vertex 6.791525840759277 -20.90216636657715 116.0
vertex 9.461703300476074 -19.83687400817871 116.0
vertex 9.317242622375488 -20.926870346069336 120.0
endloop
endfacet
facet normal 0.454321950674057 -0.8635240197181702 -0.2189013957977295
outer loop
vertex 9.461703300476074 -19.83687400817871 116.0
vertex 11.969037055969238 -19.531692504882812 120.0
vertex 9.317242622375488 -20.926870346069336 120.0
endloop
endfacet
facet normal 0.475159615278244 -0.8484585285186768 -0.23311254382133484
outer loop
vertex 9.461703300476074 -19.83687400817871 116.0
vertex 11.969988822937012 -18.432167053222656 116.0
vertex 11.969037055969238 -19.531692504882812 120.0
endloop
endfacet
facet normal 0.5631476640701294 -0.7968355417251587 -0.2189013957977295
outer loop
vertex 11.969988822937012 -18.432167053222656 116.0
vertex 14.416037559509277 -17.802324295043945 120.0
vertex 11.969037055969238 -19.531692504882812 120.0
endloop
endfacet
facet normal 0.5818406343460083 -0.7791790962219238 -0.23311254382133484
outer loop
vertex 11.969988822937012 -18.432167053222656 116.0
vertex 14.273465156555176 -16.712080001831055 116.0
vertex 14.416037559509277 -17.802324295043945 120.0
endloop
endfacet
facet normal 0.6623377799987793 -0.7165129780769348 -0.2189013957977295
outer loop
vertex 14.273465156555176 -16.712080001831055 116.0
vertex 16.616376876831055 -15.768352508544922 120.0
vertex 14.416037559509277 -17.802324295043945 120.0
endloop
endfacet
facet normal 0.6785661578178406 -0.6965676546096802 -0.23311254382133484
outer loop
vertex 14.273465156555176 -16.712080001831055 116.0
vertex 16.332717895507812 -14.706045150756836 116.0
vertex 16.616376876831055 -15.768352508544922 120.0
endloop
endfacet
facet normal 0.7501950860023499 -0.6239306926727295 -0.2189013957977295
outer loop
vertex 16.332717895507812 -14.706045150756836 116.0
vertex 18.53240394592285 -13.464579582214355 120.0
vertex 16.616376876831055 -15.768352508544922 120.0
endloop
endfacet
facet normal 0.7636812925338745 -0.602037787437439 -0.23311254382133484
outer loop
vertex 16.332717895507812 -14.706045150756836 116.0
vertex 18.112512588500977 -12.448385238647461 116.0
vertex 18.53240394592285 -13.464579582214355 120.0
endloop
endfacet
facet normal 0.8252163529396057 -0.5206727385520935 -0.2189013957977295
outer loop
vertex 18.112512588500977 -12.448385238647461 116.0
vertex 20.131336212158203 -10.930423736572266 120.0
vertex 18.53240394592285 -13.464579582214355 120.0
endloop
endfacet
facet normal 0.8357295393943787 -0.49720683693885803 -0.23311254382133484
outer loop
vertex 18.112512588500977 -12.448385238647461 116.0
vertex 19.5823974609375 -9.977729797363281 116.0
vertex 20.131336212158203 -10.930423736572266 120.0
endloop
endfacet
facet normal 0.8861179947853088 -0.40850597620010376 -0.2189013957977295
outer loop
vertex 19.5823974609375 -9.977729797363281 116.0
vertex 21.38581657409668 -8.209245681762695 120.0
vertex 20.131336212158203 -10.930423736572266 120.0
endloop
endfacet
facet normal 0.893478274345398 -0.38386857509613037 -0.23311254382133484
outer loop
vertex 19.5823974609375 -9.977729797363281 116.0
vertex 20.717222213745117 -7.336353302001953 116.0
vertex 21.38581657409668 -8.209245681762695 120.0
endloop
endfacet
facet normal 0.9318578243255615 -0.2893495559692383 -0.2189013957977295
outer loop
vertex 20.717222213745117 -7.336353302001953 116.0
vertex 22.27437973022461 -5.3476057052612305 120.0
vertex 21.38581657409668 -8.209245681762695 120.0
endloop
endfacet
facet normal 0.935939371585846 -0.2639622092247009 -0.23311254382133484
outer loop
vertex 20.717222213745117 -7.336353302001953 116.0
vertex 21.497570037841797 -4.5694499015808105 116.0
vertex 22.27437973022461 -5.3476057052612305 120.0
endloop
endfacet
facet normal 0.9616533517837524 -0.1652422696352005 -0.2189013957977295
outer loop
vertex 21.497570037841797 -4.5694499015808105 116.0
vertex 22.781822204589844 -2.394465923309326 120.0
vertex 22.27437973022461 -5.3476057052612305 120.0
endloop
endfacet
facet normal 0.9623862504959106 -0.13953936100006104 -0.23311254382133484
outer loop
vertex 21.497570037841797 -4.5694499015808105 116.0
vertex 21.91008949279785 -1.7243614196777344 116.0
vertex 22.781822204589844 -2.394465923309326 120.0
endloop
endfacet
facet normal 0.9749947190284729 -0.03830764815211296 -0.2189013957977295
outer loop
vertex 21.91008949279785 -1.7243614196777344 116.0
vertex 22.89946174621582 0.5996434688568115 120.0
vertex 22.781822204589844 -2.394465923309326 120.0
endloop
endfacet
facet normal 0.972366452217102 -0.012728974223136902 -0.23311254382133484
outer loop
vertex 21.91008949279785 -1.7243614196777344 116.0
vertex 21.94771957397461 1.1502312421798706 116.0
vertex 22.89946174621582 0.5996434688568115 120.0
endloop
endfacet
facet normal 0.9716536402702332 0.08928243070840836 -0.2189013957977295
outer loop
vertex 21.94771957397461 1.1502312421798706 116.0
vertex 22.62528419494629 3.5834929943084717 120.0
vertex 22.89946174621582 0.5996434688568115 120.0
endloop
endfacet
facet normal 0.9657092094421387 0.1142992153763771 -0.23311254382133484
outer loop
vertex 21.94771957397461 1.1502312421798706 116.0
vertex 21.609817504882812 4.005143165588379 116.0
vertex 22.62528419494629 3.5834929943084717 120.0
endloop
endfacet
facet normal 0.9516873359680176 0.2153448611497879 -0.2189013957977295
outer loop
vertex 21.609817504882812 4.005143165588379 116.0
vertex 21.96398162841797 6.506027698516846 120.0
vertex 22.62528419494629 3.5834929943084717 120.0
endloop
endfacet
facet normal 0.9425283670425415 0.23937171697616577 -0.23311254382133484
outer loop
vertex 21.609817504882812 4.005143165588379 116.0
vertex 20.90216636657715 6.791525840759277 116.0
vertex 21.96398162841797 6.506027698516846 120.0
endloop
endfacet
facet normal 0.9154373407363892 0.33772268891334534 -0.2189013957977295
outer loop
vertex 20.90216636657715 6.791525840759277 116.0
vertex 20.926870346069336 9.317242622375488 120.0
vertex 21.96398162841797 6.506027698516846 120.0
endloop
endfacet
facet normal 0.9032206535339355 0.36034849286079407 -0.23311254382133484
outer loop
vertex 20.90216636657715 6.791525840759277 116.0
vertex 19.83687400817871 9.461703300476074 116.0
vertex 20.926870346069336 9.317242622375488 120.0
endloop
endfacet
facet normal 0.8635240197181702 0.454321950674057 -0.2189013957977295
outer loop
vertex 19.83687400817871 9.461703300476074 116.0
vertex 19.531692504882812 11.969037055969238 120.0
vertex 20.926870346069336 9.317242622375488 120.0
endloop
endfacet
facet normal 0.8484585285186768 0.475159615278244 -0.23311254382133484
outer loop
vertex 19.83687400817871 9.461703300476074 116.0
vertex 18.432167053222656 11.969988822937012 116.0
vertex 19.531692504882812 11.969037055969238 120.0
endloop
endfacet
facet normal 0.7968355417251587 0.5631476640701294 -0.2189013957977295
outer loop
vertex 18.432167053222656 11.969988822937012 116.0
vertex 17.802324295043945 14.416037559509277 120.0
vertex 19.531692504882812 11.969037055969238 120.0
endloop
endfacet
facet normal 0.7791790962219238 0.5818406343460083 -0.23311254382133484
outer loop
vertex 18.432167053222656 11.969988822937012 116.0
vertex 16.712080001831055 14.273465156555176 116.0
vertex 17.802324295043945 14.416037559509277 120.0
endloop
endfacet
facet normal 0.7165129780769348 0.6623377799987793 -0.2189013957977295
outer loop
vertex 16.712080001831055 14.273465156555176 116.0
vertex 15.768352508544922 16.616376876831055 120.0
vertex 17.802324295043945 14.416037559509277 120.0
endloop
endfacet
facet normal 0.6965676546096802 0.6785661578178406 -0.23311254382133484
outer loop
vertex 16.712080001831055 14.273465156555176 116.0
vertex 14.706045150756836 16.332717895507812 116.0
vertex 15.768352508544922 16.616376876831055 120.0
endloop
endfacet
facet normal 0.6239306926727295 0.7501950860023499 -0.2189013957977295
outer loop
vertex 14.706045150756836 16.332717895507812 116.0
vertex 13.464579582214355 18.53240394592285 120.0
vertex 15.768352508544922 16.616376876831055 120.0
endloop
endfacet
facet normal 0.602037787437439 0.7636812925338745 -0.23311254382133484
outer loop
vertex 14.706045150756836 16.332717895507812 116.0
vertex 12.448385238647461 18.112512588500977 116.0
vertex 13.464579582214355 18.53240394592285 120.0
endloop
endfacet
facet normal 0.5206727385520935 0.8252163529396057 -0.2189013957977295
outer loop
vertex 12.448385238647461 18.112512588500977 116.0
vertex 10.930423736572266 20.131336212158203 120.0
vertex 13.464579582214355 18.53240394592285 120.0
endloop
endfacet
facet normal 0.49720683693885803 0.8357295393943787 -0.23311254382133484
outer loop
vertex 12.448385238647461 18.112512588500977 116.0
vertex 9.977729797363281 19.5823974609375 116.0
vertex 10.930423736572266 20.131336212158203 120.0
endloop
endfacet
facet normal 0.40850597620010376 0.8861179947853088 -0.2189013957977295
outer loop
vertex 9.977729797363281 19.5823974609375 116.0
vertex 8.209245681762695 21.38581657409668 120.0
vertex 10.930423736572266 20.131336212158203 120.0
endloop
endfacet
facet normal 0.38386857509613037 0.893478274345398 -0.23311254382133484
outer loop
vertex 9.977729797363281 19.5823974609375 116.0
vertex 7.336353302001953 20.717222213745117 116.0
vertex 8.209245681762695 21.38581657409668 120.0
endloop
endfacet
facet normal 0.2893495559692383 0.9318578243255615 -0.2189013957977295
outer loop
vertex 7.336353302001953 20.717222213745117 116.0
vertex 5.3476057052612305 22.27437973022461 120.0
vertex 8.209245681762695 21.38581657409668 120.0
endloop
endfacet
facet normal 0.2639622092247009 0.935939371585846 -0.23311254382133484
outer loop
vertex 7.336353302001953 20.717222213745117 116.0
vertex 4.5694499015808105 21.497570037841797 116.0
vertex 5.3476057052612305 22.27437973022461 120.0
endloop
endfacet
facet normal 0.1652422696352005 0.9616533517837524 -0.2189013957977295
outer loop
vertex 4.5694499015808105 21.497570037841797 116.0
vertex 2.394465923309326 22.781822204589844 120.0
vertex 5.3476057052612305 22.27437973022461 120.0
endloop
endfacet
facet normal 0.13953936100006104 0.9623862504959106 -0.23311254382133484
outer loop
vertex 4.5694499015808105 21.497570037841797 116.0
vertex 1.7243614196777344 21.91008949279785 116.0
vertex 2.394465923309326 22.781822204589844 120.0
endloop
endfacet
facet normal 0.03830764815211296 0.9749947190284729 -0.2189013957977295
outer loop
vertex 1.7243614196777344 21.91008949279785 116.0
vertex -0.5996434688568115 22.89946174621582 120.0
vertex 2.394465923309326 22.781822204589844 120.0
endloop
endfacet
facet normal 0.012728974223136902 0.972366452217102 -0.23311254382133484
outer loop
vertex 1.7243614196777344 21.91008949279785 116.0
vertex -1.1502312421798706 21.94771957397461 116.0
vertex -0.5996434688568115 22.89946174621582 120.0
endloop
endfacet
facet normal -0.08928243070840836 0.9716536402702332 -0.2189013957977295
outer loop
vertex -1.1502312421798706 21.94771957397461 116.0
vertex -3.5834929943084717 22.62528419494629 120.0
vertex -0.5996434688568115 22.89946174621582 120.0
endloop
endfacet
facet normal -0.1142992153763771 0.9657092094421387 -0.23311254382133484
outer loop
vertex -1.1502312421798706 21.94771957397461 116.0
vertex -4.005143165588379 21.609817504882812 116.0
vertex -3.5834929943084717 22.62528419494629 120.0
endloop
endfacet
facet normal -0.2153448611497879 0.9516873359680176 -0.2189013957977295
outer loop
vertex -4.005143165588379 21.609817504882812 116.0
vertex -6.506027698516846 21.96398162841797 120.0
vertex -3.5834929943084717 22.62528419494629 120.0
endloop
endfacet
facet normal -0.23937171697616577 0.9425283670425415 -0.23311254382133484
outer loop
vertex -4.005143165588379 21.609817504882812 116.0
vertex -6.791525840759277 20.90216636657715 116.0
vertex -6.506027698516846 21.96398162841797 120.0
endloop
endfacet
facet normal -0.33772268891334534 0.9154373407363892 -0.2189013957977295
outer loop
vertex -6.791525840759277 20.90216636657715 116.0
vertex -9.317242622375488 20.926870346069336 120.0
vertex -6.506027698516846 21.96398162841797 120.0
endloop
endfacet
facet normal -0.36034849286079407 0.9032206535339355 -0.23311254382133484
outer loop
vertex -6.791525840759277 20.90216636657715 116.0
vertex -9.461703300476074 19.83687400817871 116.0
vertex -9.317242622375488 20.926870346069336 120.0
endloop
endfacet
facet normal -0.454321950674057 0.8635240197181702 -0.2189013957977295
outer loop
vertex -9.461703300476074 19.83687400817871 116.0
vertex -11.969037055969238 19.531692504882812 120.0
vertex -9.317242622375488 20.926870346069336 120.0
endloop
endfacet
facet normal -0.475159615278244 0.8484585285186768 -0.23311254382133484
outer loop
vertex -9.461703300476074 19.83687400817871 116.0
vertex -11.969988822937012 18.432167053222656 116.0
vertex -11.969037055969238 19.531692504882812 120.0
endloop
endfacet
facet normal -0.5631476640701294 0.7968355417251587 -0.2189013957977295
outer loop
vertex -11.969988822937012 18.432167053222656 116.0
vertex -14.416037559509277 17.802324295043945 120.0
vertex -11.969037055969238 19.531692504882812 120.0
endloop
endfacet
facet normal -0.5818406343460083 0.7791790962219238 -0.23311254382133484
outer loop
vertex -11.969988822937012 18.432167053222656 116.0
vertex -14.273465156555176 16.712080001831055 116.0
vertex -14.416037559509277 17.802324295043945 120.0
endloop
endfacet
facet normal -0.6623377799987793 0.7165129780769348 -0.2189013957977295
outer loop
vertex -14.273465156555176 16.712080001831055 116.0
vertex -16.616376876831055 15.768352508544922 120.0
vertex -14.416037559509277 17.802324295043945 120.0
endloop
endfacet
facet normal -0.6785661578178406 0.6965676546096802 -0.23311254382133484
outer loop
vertex -14.273465156555176 16.712080001831055 116.0
vertex -16.332717895507812 14.706045150756836 116.0
vertex -16.616376876831055 15.768352508544922 120.0
endloop
endfacet
facet normal -0.7501950860023499 0.6239306926727295 -0.2189013957977295
outer loop
vertex -16.332717895507812 14.706045150756836 116.0
vertex -18.53240394592285 13.464579582214355 120.0
vertex -16.616376876831055 15.768352508544922 120.0
endloop
endfacet
facet normal -0.7636812925338745 0.602037787437439 -0.23311254382133484
outer loop
vertex -16.332717895507812 14.706045150756836 116.0
vertex -18.112512588500977 12.448385238647461 116.0
vertex -18.53240394592285 13.464579582214355 120.0
endloop
endfacet
facet normal -0.8252163529396057 0.5206727385520935 -0.2189013957977295
outer loop
vertex -18.112512588500977 12.448385238647461 116.0
vertex -20.131336212158203 10.930423736572266 120.0
vertex -18.53240394592285 13.464579582214355 120.0
endloop
endfacet
facet normal -0.8357295393943787 0.49720683693885803 -0.23311254382133484
outer loop
vertex -18.112512588500977 12.448385238647461 116.0
vertex -19.5823974609375 9.977729797363281 116.0
vertex -20.131336212158203 10.930423736572266 120.0
endloop
endfacet
facet normal -0.8861179947853088 0.40850597620010376 -0.2189013957977295
outer loop
vertex -19.5823974609375 9.977729797363281 116.0
vertex -21.38581657409668 8.209245681762695 120.0
vertex -20.131336212158203 10.930423736572266 120.0
endloop
endfacet
facet normal -0.893478274345398 0.38386857509613037 -0.23311254382133484
outer loop
vertex -19.5823974609375 9.977729797363281 116.0
vertex -20.717222213745117 7.336353302001953 116.0
vertex -21.38581657409668 8.209245681762695 120.0
endloop
endfacet
facet normal -0.9318578243255615 0.2893495559692383 -0.2189013957977295
outer loop
vertex -20.717222213745117 7.336353302001953 116.0
vertex -22.27437973022461 5.3476057052612305 120.0
vertex -21.38581657409668 8.209245681762695 120.0
endloop
endfacet
facet normal -0.935939371585846 0.2639622092247009 -0.23311254382133484
outer loop
vertex -20.717222213745117 7.336353302001953 116.0
vertex -21.497570037841797 4.5694499015808105 116.0
vertex -22.27437973022461 5.3476057052612305 120.0
endloop
endfacet
facet normal -0.9616533517837524 0.1652422696352005 -0.2189013957977295
outer loop
vertex -21.497570037841797 4.5694499015808105 116.0
vertex -22.781822204589844 2.394465923309326 120.0
vertex -22.27437973022461 5.3476057052612305 120.0
endloop
endfacet
facet normal -0.9586228132247925 0.03766439110040665 -0.2821767330169678
outer loop
vertex -22.781822204589844 2.394465923309326 120.0
vertex -22.89946174621582 -0.5996434688568115 120.0
vertex -24.053325653076172 2.9456828584694967e-15 124.0
endloop
endfacet
facet normal -0.961388885974884 -0.0630127564072609 -0.2678820490837097
outer loop
vertex -22.89946174621582 -0.5996434688568115 120.0
vertex -23.84754753112793 -3.1395890712738037 124.0
vertex -24.053325653076172 2.9456828584694967e-15 124.0
endloop
endfacet
facet normal -0.9553378224372864 -0.08778321743011475 -0.2821767330169678
outer loop
vertex -22.89946174621582 -0.5996434688568115 120.0
vertex -22.62528419494629 -3.5834929943084717 120.0
vertex -23.84754753112793 -3.1395890712738037 124.0
endloop
endfacet
facet normal -0.9449392557144165 -0.18796010315418243 -0.2678820490837097
outer loop
vertex -22.62528419494629 -3.5834929943084717 120.0
vertex -23.233728408813477 -6.225459098815918 124.0
vertex -23.84754753112793 -3.1395890712738037 124.0
endloop
endfacet
facet normal -0.9357067942619324 -0.21172882616519928 -0.2821767330169678
outer loop
vertex -22.62528419494629 -3.5834929943084717 120.0
vertex -21.96398162841797 -6.506027698516846 120.0
vertex -23.233728408813477 -6.225459098815918 124.0
endloop
endfacet
facet normal -0.9123214483261108 -0.3096913993358612 -0.2678820490837097
outer loop
vertex -21.96398162841797 -6.506027698516846 120.0
vertex -22.222375869750977 -9.204809188842773 124.0
vertex -23.233728408813477 -6.225459098815918 124.0
endloop
endfacet
facet normal -0.900065541267395 -0.33205169439315796 -0.2821767330169678
outer loop
vertex -21.96398162841797 -6.506027698516846 120.0
vertex -20.926870346069336 -9.317242622375488 120.0
vertex -22.222375869750977 -9.204809188842773 124.0
endloop
endfacet
facet normal -0.8640936017036438 -0.42612379789352417 -0.2678820490837097
outer loop
vertex -20.926870346069336 -9.317242622375488 120.0
vertex -20.830791473388672 -12.026662826538086 124.0
vertex -22.222375869750977 -9.204809188842773 124.0
endloop
endfacet
facet normal -0.8490238785743713 -0.44669309258461 -0.2821767330169678
outer loop
vertex -20.926870346069336 -9.317242622375488 120.0
vertex -19.531692504882812 -11.969037055969238 120.0
vertex -20.830791473388672 -12.026662826538086 124.0
endloop
endfacet
facet normal -0.8010808229446411 -0.5352650880813599 -0.2678820490837097
outer loop
vertex -19.531692504882812 -11.969037055969238 120.0
vertex -19.082786560058594 -14.64273738861084 124.0
vertex -20.830791473388672 -12.026662826538086 124.0
endloop
endfacet
facet normal -0.7834552526473999 -0.5536913871765137 -0.2821767330169678
outer loop
vertex -19.531692504882812 -11.969037055969238 120.0
vertex -17.802324295043945 -14.416037559509277 120.0
vertex -19.082786560058594 -14.64273738861084 124.0
endloop
endfacet
facet normal -0.7243613600730896 -0.6352478265762329 -0.2678820490837097
outer loop
vertex -17.802324295043945 -14.416037559509277 120.0
vertex -17.008270263671875 -17.008270263671875 124.0
vertex -19.082786560058594 -14.64273738861084 124.0
endloop
endfacet
facet normal -0.7044814229011536 -0.6512159109115601 -0.2821767330169678
outer loop
vertex -17.802324295043945 -14.416037559509277 120.0
vertex -15.768352508544922 -16.616376876831055 120.0
vertex -17.008270263671875 -17.008270263671875 124.0
endloop
endfacet
facet normal -0.6352478265762329 -0.7243613600730896 -0.2678820490837097
outer loop
vertex -15.768352508544922 -16.616376876831055 120.0
vertex -14.64273738861084 -19.082786560058594 124.0
vertex -17.008270263671875 -17.008270263671875 124.0
endloop
endfacet
facet normal -0.61345374584198 -0.7375980019569397 -0.2821767330169678
outer loop
vertex -15.768352508544922 -16.616376876831055 120.0
vertex -13.464579582214355 -18.53240394592285 120.0
vertex -14.64273738861084 -19.082786560058594 124.0
endloop
endfacet
facet normal -0.5352650880813599 -0.8010808229446411 -0.2678820490837097
outer loop
vertex -13.464579582214355 -18.53240394592285 120.0
vertex -12.026662826538086 -20.830791473388672 124.0
vertex -14.64273738861084 -19.082786560058594 124.0
endloop
endfacet
facet normal -0.5119297504425049 -0.8113595247268677 -0.2821767330169678
outer loop
vertex -13.464579582214355 -18.53240394592285 120.0
vertex -10.930423736572266 -20.131336212158203 120.0
vertex -12.026662826538086 -20.830791473388672 124.0
endloop
endfacet
facet normal -0.42612379789352417 -0.8640936017036438 -0.2678820490837097
outer loop
vertex -10.930423736572266 -20.131336212158203 120.0
vertex -9.204809188842773 -22.222375869750977 124.0
vertex -12.026662826538086 -20.830791473388672 124.0
endloop
endfacet
facet normal -0.4016464352607727 -0.8712384700775146 -0.2821767330169678
outer loop
vertex -10.930423736572266 -20.131336212158203 120.0
vertex -8.209245681762695 -21.38581657409668 120.0
vertex -9.204809188842773 -22.222375869750977 124.0
endloop
endfacet
facet normal -0.3096913993358612 -0.9123214483261108 -0.2678820490837097
outer loop
vertex -8.209245681762695 -21.38581657409668 120.0
vertex -6.225459098815918 -23.233728408813477 124.0
vertex -9.204809188842773 -22.222375869750977 124.0
endloop
endfacet
facet normal -0.2844908535480499 -0.9162102341651917 -0.2821767330169678
outer loop
vertex -8.209245681762695 -21.38581657409668 120.0
vertex -5.3476057052612305 -22.27437973022461 120.0
vertex -6.225459098815918 -23.233728408813477 124.0
endloop
endfacet
facet normal -0.18796010315418243 -0.9449392557144165 -0.2678820490837097
outer loop
vertex -5.3476057052612305 -22.27437973022461 120.0
vertex -3.1395890712738037 -23.84754753112793 124.0
vertex -6.225459098815918 -23.233728408813477 124.0
endloop
endfacet
facet normal -0.16246755421161652 -0.9455054402351379 -0.2821767330169678
outer loop
vertex -5.3476057052612305 -22.27437973022461 120.0
vertex -2.394465923309326 -22.781822204589844 120.0
vertex -3.1395890712738037 -23.84754753112793 124.0
endloop
endfacet
facet normal -0.0630127564072609 -0.961388885974884 -0.2678820490837097
outer loop
vertex -2.394465923309326 -22.781822204589844 120.0
vertex -4.418524499462482e-15 -24.053325653076172 124.0
vertex -3.1395890712738037 -23.84754753112793 124.0
endloop
endfacet
facet normal -0.03766439110040665 -0.9586228132247925 -0.2821767330169678
outer loop
vertex -2.394465923309326 -22.781822204589844 120.0
vertex 0.5996434688568115 -22.89946174621582 120.0
vertex -4.418524499462482e-15 -24.053325653076172 124.0
endloop
endfacet
facet normal 0.0630127564072609 -0.961388885974884 -0.2678820490837097
outer loop
vertex 0.5996434688568115 -22.89946174621582 120.0
vertex 3.1395890712738037 -23.84754753112793 124.0
vertex -4.418524499462482e-15 -24.053325653076172 124.0
endloop
endfacet
facet normal 0.08778321743011475 -0.9553378224372864 -0.2821767330169678
outer loop
vertex 0.5996434688568115 -22.89946174621582 120.0
vertex 3.5834929943084717 -22.62528419494629 120.0
vertex 3.1395890712738037 -23.84754753112793 124.0
endloop
endfacet
facet normal 0.18796010315418243 -0.9449392557144165 -0.2678820490837097
outer loop
vertex 3.5834929943084717 -22.62528419494629 120.0
vertex 6.225459098815918 -23.233728408813477 124.0
vertex 3.1395890712738037 -23.84754753112793 124.0
endloop
endfacet
facet normal 0.21172882616519928 -0.9357067942619324 -0.2821767330169678
outer loop
vertex 3.5834929943084717 -22.62528419494629 120.0
vertex 6.506027698516846 -21.96398162841797 120.0
vertex 6.225459098815918 -23.233728408813477 124.0
endloop
endfacet
facet normal 0.3096913993358612 -0.9123214483261108 -0.2678820490837097
outer loop
vertex 6.506027698516846 -21.96398162841797 120.0
vertex 9.204809188842773 -22.222375869750977 124.0
vertex 6.225459098815918 -23.233728408813477 124.0
endloop
endfacet
facet normal 0.33205169439315796 -0.900065541267395 -0.2821767330169678
outer loop
vertex 6.506027698516846 -21.96398162841797 120.0
vertex 9.317242622375488 -20.926870346069336 120.0
vertex 9.204809188842773 -22.222375869750977 124.0
endloop
endfacet
facet normal 0.42612379789352417 -0.8640936017036438 -0.2678820490837097
outer loop
vertex 9.317242622375488 -20.926870346069336 120.0
vertex 12.026662826538086 -20.830791473388672 124.0
vertex 9.204809188842773 -22.222375869750977 124.0
endloop
endfacet
facet normal 0.44669309258461 -0.8490238785743713 -0.2821767330169678
outer loop
vertex 9.317242622375488 -20.926870346069336 120.0
vertex 11.969037055969238 -19.531692504882812 120.0
vertex 12.026662826538086 -20.830791473388672 124.0
endloop
endfacet
facet normal 0.5352650880813599 -0.8010808229446411 -0.2678820490837097
outer loop
vertex 11.969037055969238 -19.531692504882812 120.0
vertex 14.64273738861084 -19.082786560058594 124.0
vertex 12.026662826538086 -20.830791473388672 124.0
endloop
endfacet
facet normal 0.5536913871765137 -0.7834552526473999 -0.2821767330169678
outer loop
vertex 11.969037055969238 -19.531692504882812 120.0
vertex 14.416037559509277 -17.802324295043945 120.0
vertex 14.64273738861084 -19.082786560058594 124.0
endloop
endfacet
facet normal 0.6352478265762329 -0.7243613600730896 -0.2678820490837097
outer loop
vertex 14.416037559509277 -17.802324295043945 120.0
vertex 17.008270263671875 -17.008270263671875 124.0
vertex 14.64273738861084 -19.082786560058594 124.0
endloop
endfacet
facet normal 0.6512159109115601 -0.7044814229011536 -0.2821767330169678
outer loop
vertex 14.416037559509277 -17.802324295043945 120.0
vertex 16.616376876831055 -15.768352508544922 120.0
vertex 17.008270263671875 -17.008270263671875 124.0
endloop
endfacet
facet normal 0.7243613600730896 -0.6352478265762329 -0.2678820490837097
outer loop
vertex 16.616376876831055 -15.768352508544922 120.0
vertex 19.082786560058594 -14.64273738861084 124.0
vertex 17.008270263671875 -17.008270263671875 124.0
endloop
endfacet
facet normal 0.7375980019569397 -0.61345374584198 -0.2821767330169678
outer loop
vertex 16.616376876831055 -15.768352508544922 120.0
vertex 18.53240394592285 -13.464579582214355 120.0
vertex 19.082786560058594 -14.64273738861084 124.0
endloop
endfacet
facet normal 0.8010808229446411 -0.5352650880813599 -0.2678820490837097
outer loop
vertex 18.53240394592285 -13.464579582214355 120.0
vertex 20.830791473388672 -12.026662826538086 124.0
vertex 19.082786560058594 -14.64273738861084 124.0
endloop
endfacet
facet normal 0.8113595247268677 -0.5119297504425049 -0.2821767330169678
outer loop
vertex 18.53240394592285 -13.464579582214355 120.0
vertex 20.131336212158203 -10.930423736572266 120.0
vertex 20.830791473388672 -12.026662826538086 124.0
endloop
endfacet
facet normal 0.8640936017036438 -0.42612379789352417 -0.2678820490837097
outer loop
vertex 20.131336212158203 -10.930423736572266 120.0
vertex 22.222375869750977 -9.204809188842773 124.0
vertex 20.830791473388672 -12.026662826538086 124.0
endloop
endfacet
facet normal 0.8712384700775146 -0.4016464352607727 -0.2821767330169678
outer loop
vertex 20.131336212158203 -10.930423736572266 120.0
vertex 21.38581657409668 -8.209245681762695 120.0
vertex 22.222375869750977 -9.204809188842773 124.0
endloop
endfacet
facet normal 0.9123214483261108 -0.3096913993358612 -0.2678820490837097
outer loop
vertex 21.38581657409668 -8.209245681762695 120.0
vertex 23.233728408813477 -6.225459098815918 124.0
vertex 22.222375869750977 -9.204809188842773 124.0
endloop
endfacet
facet normal 0.9162102341651917 -0.2844908535480499 -0.2821767330169678
outer loop
vertex 21.38581657409668 -8.209245681762695 120.0
vertex 22.27437973022461 -5.3476057052612305 120.0
vertex 23.233728408813477 -6.225459098815918 124.0
endloop
endfacet
facet normal 0.9449392557144165 -0.18796010315418243 -0.2678820490837097
outer loop
vertex 22.27437973022461 -5.3476057052612305 120.0
vertex 23.84754753112793 -3.1395890712738037 124.0
vertex 23.233728408813477 -6.225459098815918 124.0
endloop
endfacet
facet normal 0.9455054402351379 -0.16246755421161652 -0.2821767330169678
outer loop
vertex 22.27437973022461 -5.3476057052612305 120.0
vertex 22.781822204589844 -2.394465923309326 120.0
vertex 23.84754753112793 -3.1395890712738037 124.0
endloop
endfacet
facet normal 0.961388885974884 -0.0630127564072609 -0.2678820490837097
outer loop
vertex 22.781822204589844 -2.394465923309326 120.0
vertex 24.053325653076172 -5.891365716938993e-15 124.0
vertex 23.84754753112793 -3.1395890712738037 124.0
endloop
endfacet
facet normal 0.9586228132247925 -0.03766439110040665 -0.2821767330169678
outer loop
vertex 22.781822204589844 -2.394465923309326 120.0
vertex 22.89946174621582 0.5996434688568115 120.0
vertex 24.053325653076172 -5.891365716938993e-15 124.0
endloop
endfacet
facet normal 0.961388885974884 0.0630127564072609 -0.2678820490837097
outer loop
vertex 22.89946174621582 0.5996434688568115 120.0
vertex 23.84754753112793 3.1395890712738037 124.0
vertex 24.053325653076172 -5.891365716938993e-15 124.0
endloop
endfacet
facet normal 0.9553378224372864 0.08778321743011475 -0.2821767330169678
outer loop
vertex 22.89946174621582 0.5996434688568115 120.0
vertex 22.62528419494629 3.5834929943084717 120.0
vertex 23.84754753112793 3.1395890712738037 124.0
endloop
endfacet
facet normal 0.9449392557144165 0.18796010315418243 -0.2678820490837097
outer loop
vertex 22.62528419494629 3.5834929943084717 120.0
vertex 23.233728408813477 6.225459098815918 124.0
vertex 23.84754753112793 3.1395890712738037 124.0
endloop
endfacet
facet normal 0.9357067942619324 0.21172882616519928 -0.2821767330169678
outer loop
vertex 22.62528419494629 3.5834929943084717 120.0
vertex 21.96398162841797 6.506027698516846 120.0
vertex 23.233728408813477 6.225459098815918 124.0
endloop
endfacet
facet normal 0.9123214483261108 0.3096913993358612 -0.2678820490837097
outer loop
vertex 21.96398162841797 6.506027698516846 120.0
vertex 22.222375869750977 9.204809188842773 124.0
vertex 23.233728408813477 6.225459098815918 124.0
endloop
endfacet
facet normal 0.900065541267395 0.33205169439315796 -0.2821767330169678
outer loop
vertex 21.96398162841797 6.506027698516846 120.0
vertex 20.926870346069336 9.317242622375488 120.0
vertex 22.222375869750977 9.204809188842773 124.0
endloop
endfacet
facet normal 0.8640936017036438 0.42612379789352417 -0.2678820490837097
outer loop
vertex 20.926870346069336 9.317242622375488 120.0
vertex 20.830791473388672 12.026662826538086 124.0
vertex 22.222375869750977 9.204809188842773 124.0
endloop
endfacet
facet normal 0.8490238785743713 0.44669309258461 -0.2821767330169678
outer loop
vertex 20.926870346069336 9.317242622375488 120.0
vertex 19.531692504882812 11.969037055969238 120.0
vertex 20.830791473388672 12.026662826538086 124.0
endloop
endfacet
facet normal 0.8010808229446411 0.5352650880813599 -0.2678820490837097
outer loop
vertex 19.531692504882812 11.969037055969238 120.0
vertex 19.082786560058594 14.64273738861084 124.0
vertex 20.830791473388672 12.026662826538086 124.0
endloop
endfacet
facet normal 0.7834552526473999 0.5536913871765137 -0.2821767330169678
outer loop
vertex 19.531692504882812 11.969037055969238 120.0
vertex 17.802324295043945 14.416037559509277 120.0
vertex 19.082786560058594 14.64273738861084 124.0
endloop
endfacet
facet normal 0.7243613600730896 0.6352478265762329 -0.2678820490837097
outer loop
vertex 17.802324295043945 14.416037559509277 120.0
vertex 17.008270263671875 17.008270263671875 124.0
vertex 19.082786560058594 14.64273738861084 124.0
endloop
endfacet
facet normal 0.7044814229011536 0.6512159109115601 -0.2821767330169678
outer loop
vertex 17.802324295043945 14.416037559509277 120.0
vertex 15.768352508544922 16.616376876831055 120.0
vertex 17.008270263671875 17.008270263671875 124.0
endloop
endfacet
facet normal 0.6352478265762329 0.7243613600730896 -0.2678820490837097
outer loop
vertex 15.768352508544922 16.616376876831055 120.0
vertex 14.64273738861084 19.082786560058594 124.0
vertex 17.008270263671875 17.008270263671875 124.0
endloop
endfacet
facet normal 0.61345374584198 0.7375980019569397 -0.2821767330169678
outer loop
vertex 15.768352508544922 16.616376876831055 120.0
vertex 13.464579582214355 18.53240394592285 120.0
vertex 14.64273738861084 19.082786560058594 124.0
endloop
endfacet
facet normal 0.5352650880813599 0.8010808229446411 -0.2678820490837097
outer loop
vertex 13.464579582214355 18.53240394592285 120.0
vertex 12.026662826538086 20.830791473388672 124.0
vertex 14.64273738861084 19.082786560058594 124.0
endloop
endfacet
facet normal 0.5119297504425049 0.8113595247268677 -0.2821767330169678
outer loop
vertex 13.464579582214355 18.53240394592285 120.0
vertex 10.930423736572266 20.131336212158203 120.0
vertex 12.026662826538086 20.830791473388672 124.0
endloop
endfacet
facet normal 0.42612379789352417 0.8640936017036438 -0.2678820490837097
outer loop
vertex 10.930423736572266 20.131336212158203 120.0
vertex 9.204809188842773 22.222375869750977 124.0
vertex 12.026662826538086 20.830791473388672 124.0
endloop
endfacet
facet normal 0.4016464352607727 0.8712384700775146 -0.2821767330169678
outer loop
vertex 10.930423736572266 20.131336212158203 120.0
vertex 8.209245681762695 21.38581657409668 120.0
vertex 9.204809188842773 22.222375869750977 124.0
endloop
endfacet
facet normal 0.3096913993358612 0.9123214483261108 -0.2678820490837097
outer loop
vertex 8.209245681762695 21.38581657409668 120.0
vertex 6.225459098815918 23.233728408813477 124.0
vertex 9.204809188842773 22.222375869750977 124.0
endloop
endfacet
facet normal 0.2844908535480499 0.9162102341651917 -0.2821767330169678
outer loop
vertex 8.209245681762695 21.38581657409668 120.0
vertex 5.3476057052612305 22.27437973022461 120.0
vertex 6.225459098815918 23.233728408813477 124.0
endloop
endfacet
facet normal 0.18796010315418243 0.9449392557144165 -0.2678820490837097
outer loop
vertex 5.3476057052612305 22.27437973022461 120.0
vertex 3.1395890712738037 23.84754753112793 124.0
vertex 6.225459098815918 23.233728408813477 124.0
endloop
endfacet
facet normal 0.16246755421161652 0.9455054402351379 -0.2821767330169678
outer loop
vertex 5.3476057052612305 22.27437973022461 120.0
vertex 2.394465923309326 22.781822204589844 120.0
vertex 3.1395890712738037 23.84754753112793 124.0
endloop
endfacet
facet normal 0.0630127564072609 0.961388885974884 -0.2678820490837097
outer loop
vertex 2.394465923309326 22.781822204589844 120.0
vertex 7.364206934415505e-15 24.053325653076172 124.0
vertex 3.1395890712738037 23.84754753112793 124.0
endloop
endfacet
facet normal 0.03766439110040665 0.9586228132247925 -0.2821767330169678
outer loop
vertex 2.394465923309326 22.781822204589844 120.0
vertex -0.5996434688568115 22.89946174621582 120.0
vertex 7.364206934415505e-15 24.053325653076172 124.0
endloop
endfacet
facet normal -0.0630127564072609 0.961388885974884 -0.2678820490837097
outer loop
vertex -0.5996434688568115 22.89946174621582 120.0
vertex -3.1395890712738037 23.84754753112793 124.0
vertex 7.364206934415505e-15 24.053325653076172 124.0
endloop
endfacet
facet normal -0.08778321743011475 0.9553378224372864 -0.2821767330169678
outer loop
vertex -0.5996434688568115 22.89946174621582 120.0
vertex -3.5834929943084717 22.62528419494629 120.0
vertex -3.1395890712738037 23.84754753112793 124.0
endloop
endfacet
facet normal -0.18796010315418243 0.9449392557144165 -0.2678820490837097
outer loop
vertex -3.5834929943084717 22.62528419494629 120.0
vertex -6.225459098815918 23.233728408813477 124.0
vertex -3.1395890712738037 23.84754753112793 124.0
endloop
endfacet
facet normal -0.21172882616519928 0.9357067942619324 -0.2821767330169678
outer loop
vertex -3.5834929943084717 22.62528419494629 120.0
vertex -6.506027698516846 21.96398162841797 120.0
vertex -6.225459098815918 23.233728408813477 124.0
endloop
endfacet
facet normal -0.3096913993358612 0.9123214483261108 -0.2678820490837097
outer loop
vertex -6.506027698516846 21.96398162841797 120.0
vertex -9.204809188842773 22.222375869750977 124.0
vertex -6.225459098815918 23.233728408813477 124.0
endloop
endfacet
facet normal -0.33205169439315796 0.900065541267395 -0.2821767330169678
outer loop
vertex -6.506027698516846 21.96398162841797 120.0
vertex -9.317242622375488 20.926870346069336 120.0
vertex -9.204809188842773 22.222375869750977 124.0
endloop
endfacet
facet normal -0.42612379789352417 0.8640936017036438 -0.2678820490837097
outer loop
vertex -9.317242622375488 20.926870346069336 120.0
vertex -12.026662826538086 20.830791473388672 124.0
vertex -9.204809188842773 22.222375869750977 124.0
endloop
endfacet
facet normal -0.44669309258461 0.8490238785743713 -0.2821767330169678
outer loop
vertex -9.317242622375488 20.926870346069336 120.0
vertex -11.969037055969238 19.531692504882812 120.0
vertex -12.026662826538086 20.830791473388672 124.0
endloop
endfacet
facet normal -0.5352650880813599 0.8010808229446411 -0.2678820490837097
outer loop
vertex -11.969037055969238 19.531692504882812 120.0
vertex -14.64273738861084 19.082786560058594 124.0
vertex -12.026662826538086 20.830791473388672 124.0
endloop
endfacet
facet normal -0.5536913871765137 0.7834552526473999 -0.2821767330169678
outer loop
vertex -11.969037055969238 19.531692504882812 120.0
vertex -14.416037559509277 17.802324295043945 120.0
vertex -14.64273738861084 19.082786560058594 124.0
endloop
endfacet
facet normal -0.6352478265762329 0.7243613600730896 -0.2678820490837097
outer loop
vertex -14.416037559509277 17.802324295043945 120.0
vertex -17.008270263671875 17.008270263671875 124.0
vertex -14.64273738861084 19.082786560058594 124.0
endloop
endfacet
facet normal -0.6512159109115601 0.7044814229011536 -0.2821767330169678
outer loop
vertex -14.416037559509277 17.802324295043945 120.0
vertex -16.616376876831055 15.768352508544922 120.0
vertex -17.008270263671875 17.008270263671875 124.0
endloop
endfacet
facet normal -0.7243613600730896 0.6352478265762329 -0.2678820490837097
outer loop
vertex -16.616376876831055 15.768352508544922 120.0
vertex -19.082786560058594 14.64273738861084 124.0
vertex -17.008270263671875 17.008270263671875 124.0
endloop
endfacet
facet normal -0.7375980019569397 0.61345374584198 -0.2821767330169678
outer loop
vertex -16.616376876831055 15.768352508544922 120.0
vertex -18.53240394592285 13.464579582214355 120.0
vertex -19.082786560058594 14.64273738861084 124.0
endloop
endfacet
facet normal -0.8010808229446411 0.5352650880813599 -0.2678820490837097
outer loop
vertex -18.53240394592285 13.464579582214355 120.0
vertex -20.830791473388672 12.026662826538086 124.0
vertex -19.082786560058594 14.64273738861084 124.0
endloop
endfacet
facet normal -0.8113595247268677 0.5119297504425049 -0.2821767330169678
outer loop
vertex -18.53240394592285 13.464579582214355 120.0
vertex -20.131336212158203 10.930423736572266 120.0
vertex -20.830791473388672 12.026662826538086 124.0
endloop
endfacet
facet normal -0.8640936017036438 0.42612379789352417 -0.2678820490837097
outer loop
vertex -20.131336212158203 10.930423736572266 120.0
vertex -22.222375869750977 9.204809188842773 124.0
vertex -20.830791473388672 12.026662826538086 124.0
endloop
endfacet
facet normal -0.8712384700775146 0.4016464352607727 -0.2821767330169678
outer loop
vertex -20.131336212158203 10.930423736572266 120.0
vertex -21.38581657409668 8.209245681762695 120.0
vertex -22.222375869750977 9.204809188842773 124.0
endloop
endfacet
facet normal -0.9123214483261108 0.3096913993358612 -0.2678820490837097
outer loop
vertex -21.38581657409668 8.209245681762695 120.0
vertex -23.233728408813477 6.225459098815918 124.0
vertex -22.222375869750977 9.204809188842773 124.0
endloop
endfacet
facet normal -0.9162102341651917 0.2844908535480499 -0.2821767330169678
outer loop
vertex -21.38581657409668 8.209245681762695 120.0
vertex -22.27437973022461 5.3476057052612305 120.0
vertex -23.233728408813477 6.225459098815918 124.0
endloop
endfacet
facet normal -0.9449392557144165 0.18796010315418243 -0.2678820490837097
outer loop
vertex -22.27437973022461 5.3476057052612305 120.0
vertex -23.84754753112793 3.1395890712738037 124.0
vertex -23.233728408813477 6.225459098815918 124.0
endloop
endfacet
facet normal -0.9455054402351379 0.16246755421161652 -0.2821767330169678
outer loop
vertex -22.27437973022461 5.3476057052612305 120.0
vertex -22.781822204589844 2.394465923309326 120.0
vertex -23.84754753112793 3.1395890712738037 124.0
endloop
endfacet
facet normal -0.961388885974884 0.0630127564072609 -0.2678820490837097
outer loop
vertex -22.781822204589844 2.394465923309326 120.0
vertex -24.053325653076172 2.9456828584694967e-15 124.0
vertex -23.84754753112793 3.1395890712738037 124.0
endloop
endfacet
facet normal 0.0 0.0 1.0
outer loop
vertex 0.0 0.0 124.0
vertex -24.053325653076172 2.9456828584694967e-15 124.0
vertex -23.84754753112793 -3.1395890712738037 124.0
endloop
endfacet
facet normal 0.0 0.0 1.0
outer loop
vertex 0.0 0.0 124.0
vertex -23.84754753112793 -3.1395890712738037 124.0
vertex -23.233728408813477 -6.225459098815918 124.0
endloop
endfacet
facet normal 0.0 0.0 1.0
outer loop
vertex 0.0 0.0 124.0
vertex -23.233728408813477 -6.225459098815918 124.0
vertex -22.222375869750977 -9.204809188842773 124.0
endloop
endfacet
facet normal 0.0 0.0 1.0
outer loop
vertex 0.0 0.0 124.0
vertex -22.222375869750977 -9.204809188842773 124.0
vertex -20.830791473388672 -12.026662826538086 124.0
endloop
endfacet
facet normal 0.0 0.0 1.0
outer loop
vertex 0.0 0.0 124.0
vertex -20.830791473388672 -12.026662826538086 124.0
vertex -19.082786560058594 -14.64273738861084 124.0
endloop
endfacet
facet normal 0.0 0.0 1.0
outer loop
vertex 0.0 0.0 124.0
vertex -19.082786560058594 -14.64273738861084 124.0
vertex -17.008270263671875 -17.008270263671875 124.0
endloop
endfacet
facet normal 0.0 0.0 1.0
outer loop
vertex 0.0 0.0 124.0
vertex -17.008270263671875 -17.008270263671875 124.0
vertex -14.64273738861084 -19.082786560058594 124.0
endloop
endfacet
facet normal 0.0 0.0 1.0
outer loop
vertex 0.0 0.0 124.0
vertex -14.64273738861084 -19.082786560058594 124.0
vertex -12.026662826538086 -20.830791473388672 124.0
endloop
endfacet
facet normal 0.0 0.0 1.0
outer loop
vertex 0.0 0.0 124.0
vertex -12.026662826538086 -20.830791473388672 124.0
vertex -9.204809188842773 -22.222375869750977 124.0
endloop
endfacet
facet normal 0.0 0.0 1.0
outer loop
vertex 0.0 0.0 124.0
vertex -9.204809188842773 -22.222375869750977 124.0
vertex -6.225459098815918 -23.233728408813477 124.0
endloop
endfacet
facet normal 0.0 0.0 1.0
outer loop
vertex 0.0 0.0 124.0
vertex -6.225459098815918 -23.233728408813477 124.0
vertex -3.1395890712738037 -23.84754753112793 124.0
endloop
endfacet
facet normal 0.0 0.0 1.0
outer loop
vertex 0.0 0.0 124.0
vertex -3.1395890712738037 -23.84754753112793 124.0
vertex -4.418524499462482e-15 -24.053325653076172 124.0
endloop
endfacet
facet normal -0.0 0.0 1.0
outer loop
vertex 0.0 0.0 124.0
vertex -4.418524499462482e-15 -24.053325653076172 124.0
vertex 3.1395890712738037 -23.84754753112793 124.0
endloop
endfacet
facet normal -0.0 0.0 1.0
outer loop
vertex 0.0 0.0 124.0
vertex 3.1395890712738037 -23.84754753112793 124.0
vertex 6.225459098815918 -23.233728408813477 124.0
endloop
endfacet
facet normal -0.0 0.0 1.0
outer loop
vertex 0.0 0.0 124.0
vertex 6.225459098815918 -23.233728408813477 124.0
vertex 9.204809188842773 -22.222375869750977 124.0
endloop
endfacet
facet normal -0.0 0.0 1.0
outer loop
vertex 0.0 0.0 124.0
vertex 9.204809188842773 -22.222375869750977 124.0
vertex 12.026662826538086 -20.830791473388672 124.0
endloop
endfacet
facet normal -0.0 0.0 1.0
outer loop
vertex 0.0 0.0 124.0
vertex 12.026662826538086 -20.830791473388672 124.0
vertex 14.64273738861084 -19.082786560058594 124.0
endloop
endfacet
facet normal -0.0 0.0 1.0
outer loop
vertex 0.0 0.0 124.0
vertex 14.64273738861084 -19.082786560058594 124.0
vertex 17.008270263671875 -17.008270263671875 124.0
endloop
endfacet
facet normal -0.0 0.0 1.0
outer loop
vertex 0.0 0.0 124.0
vertex 17.008270263671875 -17.008270263671875 124.0
vertex 19.082786560058594 -14.64273738861084 124.0
endloop
endfacet
facet normal -0.0 0.0 1.0
outer loop
vertex 0.0 0.0 124.0
vertex 19.082786560058594 -14.64273738861084 124.0
vertex 20.830791473388672 -12.026662826538086 124.0
endloop
endfacet
facet normal -0.0 0.0 1.0
outer loop
vertex 0.0 0.0 124.0
vertex 20.830791473388672 -12.026662826538086 124.0
vertex 22.222375869750977 -9.204809188842773 124.0
endloop
endfacet
facet normal -0.0 0.0 1.0
outer loop
vertex 0.0 0.0 124.0
vertex 22.222375869750977 -9.204809188842773 124.0
vertex 23.233728408813477 -6.225459098815918 124.0
endloop
endfacet
facet normal -0.0 0.0 1.0
outer loop
vertex 0.0 0.0 124.0
vertex 23.233728408813477 -6.225459098815918 124.0
vertex 23.84754753112793 -3.1395890712738037 124.0
endloop
endfacet
facet normal -0.0 0.0 1.0
outer loop
vertex 0.0 0.0 124.0
vertex 23.84754753112793 -3.1395890712738037 124.0
vertex 24.053325653076172 -5.891365716938993e-15 124.0
endloop
endfacet
facet normal -0.0 -0.0 1.0
outer loop
vertex 0.0 0.0 124.0
vertex 24.053325653076172 -5.891365716938993e-15 124.0
vertex 23.84754753112793 3.1395890712738037 124.0
endloop
endfacet
facet normal 0.0 -0.0 1.0
outer loop
vertex 0.0 0.0 124.0
vertex 23.84754753112793 3.1395890712738037 124.0
vertex 23.233728408813477 6.225459098815918 124.0
endloop
endfacet
facet normal 0.0 -0.0 1.0
outer loop
vertex 0.0 0.0 124.0
vertex 23.233728408813477 6.225459098815918 124.0
vertex 22.222375869750977 9.204809188842773 124.0
endloop
endfacet
facet normal 0.0 -0.0 1.0
outer loop
vertex 0.0 0.0 124.0
vertex 22.222375869750977 9.204809188842773 124.0
vertex 20.830791473388672 12.026662826538086 124.0
endloop
endfacet
facet normal 0.0 -0.0 1.0
outer loop
vertex 0.0 0.0 124.0
vertex 20.830791473388672 12.026662826538086 124.0
vertex 19.082786560058594 14.64273738861084 124.0
endloop
endfacet
facet normal 0.0 -0.0 1.0
outer loop
vertex 0.0 0.0 124.0
vertex 19.082786560058594 14.64273738861084 124.0
vertex 17.008270263671875 17.008270263671875 124.0
endloop
endfacet
facet normal 0.0 -0.0 1.0
outer loop
vertex 0.0 0.0 124.0
vertex 17.008270263671875 17.008270263671875 124.0
vertex 14.64273738861084 19.082786560058594 124.0
endloop
endfacet
facet normal 0.0 -0.0 1.0
outer loop
vertex 0.0 0.0 124.0
vertex 14.64273738861084 19.082786560058594 124.0
vertex 12.026662826538086 20.830791473388672 124.0
endloop
endfacet
facet normal 0.0 -0.0 1.0
outer loop
vertex 0.0 0.0 124.0
vertex 12.026662826538086 20.830791473388672 124.0
vertex 9.204809188842773 22.222375869750977 124.0
endloop
endfacet
facet normal 0.0 -0.0 1.0
outer loop
vertex 0.0 0.0 124.0
vertex 9.204809188842773 22.222375869750977 124.0
vertex 6.225459098815918 23.233728408813477 124.0
endloop
endfacet
facet normal 0.0 -0.0 1.0
outer loop
vertex 0.0 0.0 124.0
vertex 6.225459098815918 23.233728408813477 124.0
vertex 3.1395890712738037 23.84754753112793 124.0
endloop
endfacet
facet normal 0.0 -0.0 1.0
outer loop
vertex 0.0 0.0 124.0
vertex 3.1395890712738037 23.84754753112793 124.0
vertex 7.364206934415505e-15 24.053325653076172 124.0
endloop
endfacet
facet normal 0.0 -0.0 1.0
outer loop
vertex 0.0 0.0 124.0
vertex 7.364206934415505e-15 24.053325653076172 124.0
vertex -3.1395890712738037 23.84754753112793 124.0
endloop
endfacet
facet normal 0.0 0.0 1.0
outer loop
vertex 0.0 0.0 124.0
vertex -3.1395890712738037 23.84754753112793 124.0
vertex -6.225459098815918 23.233728408813477 124.0
endloop
endfacet
facet normal 0.0 0.0 1.0
outer loop
vertex 0.0 0.0 124.0
vertex -6.225459098815918 23.233728408813477 124.0
vertex -9.204809188842773 22.222375869750977 124.0
endloop
endfacet
facet normal 0.0 0.0 1.0
outer loop
vertex 0.0 0.0 124.0
vertex -9.204809188842773 22.222375869750977 124.0
vertex -12.026662826538086 20.830791473388672 124.0
endloop
endfacet
facet normal 0.0 0.0 1.0
outer loop
vertex 0.0 0.0 124.0
vertex -12.026662826538086 20.830791473388672 124.0
vertex -14.64273738861084 19.082786560058594 124.0
endloop
endfacet
facet normal 0.0 0.0 1.0
outer loop
vertex 0.0 0.0 124.0
vertex -14.64273738861084 19.082786560058594 124.0
vertex -17.008270263671875 17.008270263671875 124.0
endloop
endfacet
facet normal 0.0 0.0 1.0
outer loop
vertex 0.0 0.0 124.0
vertex -17.008270263671875 17.008270263671875 124.0
vertex -19.082786560058594 14.64273738861084 124.0
endloop
endfacet
facet normal 0.0 0.0 1.0
outer loop
vertex 0.0 0.0 124.0
vertex -19.082786560058594 14.64273738861084 124.0
vertex -20.830791473388672 12.026662826538086 124.0
endloop
endfacet
facet normal 0.0 0.0 1.0
outer loop
vertex 0.0 0.0 124.0
vertex -20.830791473388672 12.026662826538086 124.0
vertex -22.222375869750977 9.204809188842773 124.0
endloop
endfacet
facet normal 0.0 0.0 1.0
outer loop
vertex 0.0 0.0 124.0
vertex -22.222375869750977 9.204809188842773 124.0
vertex -23.233728408813477 6.225459098815918 124.0
endloop
endfacet
facet normal 0.0 0.0 1.0
outer loop
vertex 0.0 0.0 124.0
vertex -23.233728408813477 6.225459098815918 124.0
vertex -23.84754753112793 3.1395890712738037 124.0
endloop
endfacet
facet normal 0.0 0.0 1.0
outer loop
vertex 0.0 0.0 124.0
vertex -23.84754753112793 3.1395890712738037 124.0
vertex -24.053325653076172 2.9456828584694967e-15 124.0
endloop
endfacet

endsolid
